-0.75,62,61,0.25,0,0,D4, 
-0.5,74,68,0.25,0,0,D5, 
-0.25,70,65,0.25,0,0,A#4,Y
0,71,66,0.25,0,1,B4, 
0.25,66,63,0.25,0,1,F#4,Y
0.5,43,50,1.5,1,1,G2, 
0.5,67,64,0.75,0,1,G4, 
0.75,47,52,1.25,1,1,B2, 
1,50,54,1,1,1,D3, 
1.25,62,61,0.25,0,1,D4, 
1.5,74,68,0.25,0,1,D5, 
1.75,70,65,0.25,0,1,A#4,Y
2,71,66,0.25,0,2,B4, 
2.25,66,63,0.25,0,2,F#4,Y
2.5,55,57,1.5,1,2,G3, 
2.5,67,64,0.75,0,2,G4, 
2.75,59,59,1.25,1,2,B3, 
3,62,61,1,1,2,D4, 
3.25,64,62,0.25,0,2,E4, 
3.5,76,69,0.25,0,2,E5, 
3.75,71,66,0.25,0,2,B4, 
4,72,67,0.25,0,3,C5, 
4.25,68,64,0.25,0,3,G#4,Y
4.5,43,50,1.5,1,3,G2, 
4.5,69,65,0.75,0,3,A4, 
4.75,48,53,1.25,1,3,C3, 
5,52,55,1,1,3,E3, 
5.25,64,62,0.25,0,3,E4, 
5.5,76,69,0.25,0,3,E5, 
5.75,71,66,0.25,0,3,B4, 
6,72,67,0.25,0,4,C5, 
6.25,68,64,0.25,0,4,G#4,Y
6.5,55,57,1.5,1,4,G3, 
6.5,69,65,0.75,0,4,A4, 
6.75,60,60,1.25,1,4,C4, 
7,64,62,1,1,4,E4, 
7.25,69,65,0.25,0,4,A4, 
7.5,84,74,0.25,0,4,C6, 
7.75,83,73,0.25,0,4,B5, 
8,81,72,0.75,0,5,A5, 
8.25,54,56,0.25,1,5,F#3,Y
8.5,57,58,0.25,1,5,A3, 
8.75,62,61,0.25,1,5,D4, 
8.75,79,71,0.25,0,5,G5, 
9,78,70,0.25,0,5,F#5,Y
9.25,50,54,0.25,1,5,D3, 
9.25,76,69,0.25,0,5,E5, 
9.5,57,58,0.25,1,5,A3, 
9.5,74,68,0.25,0,5,D5, 
9.75,60,60,0.25,1,5,C4, 
9.75,72,67,0.25,0,5,C5, 
10,72,67,0.25,0,6,C5, 
10.25,55,57,0.25,1,6,G3, 
10.25,71,66,0.5,0,6,B4, 
10.5,59,59,0.25,1,6,B3, 
10.75,62,61,0.25,1,6,D4, 
10.75,79,71,0.25,0,6,G5, 
11,79,71,0.25,0,6,G5, 
11.25,48,53,0.25,1,6,C3, 
11.25,69,65,0.5,0,6,A4, 
11.5,52,55,0.25,1,6,E3, 
11.75,57,58,0.25,1,6,A3, 
11.75,76,69,0.25,0,6,E5, 
12,76,69,0.25,0,7,E5, 
12.25,50,54,0.25,1,7,D3, 
12.25,67,64,0.5,0,7,G4, 
12.5,55,57,0.25,1,7,G3, 
12.75,59,59,0.25,1,7,B3, 
12.75,74,68,0.25,0,7,D5, 
13,74,68,0.25,0,7,D5, 
13.25,38,47,0.25,1,7,D2, 
13.25,60,60,0.5,0,7,C4, 
13.5,45,51,0.25,1,7,A2, 
13.75,50,54,0.25,1,7,D3, 
13.75,66,63,0.25,0,7,F#4,Y
14,43,50,0.25,1,8,G2, 
14,59,59,1,0,8,B3, 
14,67,64,1,0,8,G4, 
14.25,47,52,0.25,1,8,B2, 
14.5,50,54,0.25,1,8,D3, 
14.75,47,52,0.25,1,8,B2, 
15,43,50,0.25,1,8,G2, 
15.25,47,52,0.25,1,8,B2, 
15.5,50,54,0.25,1,8,D3, 
15.5,74,68,0.5,0,8,D5, 
15.75,47,52,0.25,1,8,B2, 
16,43,50,0.25,1,9,G2, 
16,74,68,0.5,0,9,D5, 
16.25,47,52,0.25,1,9,B2, 
16.5,50,54,0.25,1,9,D3, 
16.5,74,68,0.5,0,9,D5, 
16.75,47,52,0.25,1,9,B2, 
17,43,50,0.25,1,9,G2, 
17,74,68,0.5,0,9,D5, 
17.25,47,52,0.25,1,9,B2, 
17.5,50,54,0.25,1,9,D3, 
17.5,74,68,0.5,0,9,D5, 
17.75,47,52,0.25,1,9,B2, 
18,45,51,0.25,1,10,A2, 
18,76,69,1,0,10,E5, 
18.25,48,53,0.25,1,10,C3, 
18.5,54,56,0.25,1,10,F#3,Y
18.75,48,53,0.25,1,10,C3, 
19,45,51,0.25,1,10,A2, 
19,74,68,0.5,0,10,D5, 
19.25,48,53,0.25,1,10,C3, 
19.5,54,56,0.25,1,10,F#3,Y
19.75,48,53,0.25,1,10,C3, 
20,45,51,0.25,1,11,A2, 
20.25,48,53,0.25,1,11,C3, 
20.5,54,56,0.25,1,11,F#3,Y
20.75,48,53,0.25,1,11,C3, 
20.75,74,68,0.25,0,11,D5, 
21,45,51,0.25,1,11,A2, 
21,74,68,0.25,0,11,D5, 
21.25,48,53,0.25,1,11,C3, 
21.25,74,68,0.25,0,11,D5, 
21.5,54,56,0.25,1,11,F#3,Y
21.5,74,68,0.25,0,11,D5, 
21.75,48,53,0.25,1,11,C3, 
21.75,74,68,0.25,0,11,D5, 
22,47,52,0.25,1,12,B2, 
22,76,69,1,0,12,E5, 
22.25,50,54,0.25,1,12,D3, 
22.5,55,57,0.25,1,12,G3, 
22.75,50,54,0.25,1,12,D3, 
23,47,52,0.25,1,12,B2, 
23,74,68,0.5,0,12,D5, 
23.25,50,54,0.25,1,12,D3, 
23.5,55,57,0.25,1,12,G3, 
23.75,50,54,0.25,1,12,D3, 
24,47,52,0.25,1,13,B2, 
24.25,50,54,0.25,1,13,D3, 
24.5,55,57,0.25,1,13,G3, 
24.5,74,68,0.75,0,13,D5, 
24.75,50,54,0.25,1,13,D3, 
25,47,52,0.25,1,13,B2, 
25.25,50,54,0.25,1,13,D3, 
25.25,76,69,0.125,0,13,E5, 
25.375,74,68,0.125,0,13,D5, 
25.5,55,57,0.25,1,13,G3, 
25.5,72,67,0.25,0,13,C5, 
25.75,50,54,0.25,1,13,D3, 
25.75,71,66,0.25,0,13,B4, 
26,48,53,0.25,1,14,C3, 
26,71,66,0.5,0,14,B4, 
26.25,52,55,0.25,1,14,E3, 
26.5,57,58,0.25,1,14,A3, 
26.5,69,65,1,0,14,A4, 
26.75,52,55,0.25,1,14,E3, 
27,49,53,0.25,1,14,C#3,Y
27.25,52,55,0.25,1,14,E3, 
27.5,57,58,0.25,1,14,A3, 
27.5,67,64,0.5,0,14,G4, 
27.75,52,55,0.25,1,14,E3, 
28,50,54,0.25,1,15,D3, 
28,67,64,0.5,0,15,G4, 
28.25,54,56,0.25,1,15,F#3,Y
28.5,57,58,0.25,1,15,A3, 
28.5,66,63,1,0,15,F#4,Y
28.75,54,56,0.25,1,15,F#3,Y
29,50,54,0.25,1,15,D3, 
29.25,54,56,0.25,1,15,F#3,Y
29.5,59,59,0.25,1,15,B3, 
29.5,74,68,0.5,0,15,D5, 
29.75,54,56,0.25,1,15,F#3,Y
30,52,55,0.25,1,16,E3, 
30,74,68,0.5,0,16,D5, 
30.25,55,57,0.25,1,16,G3, 
30.5,59,59,0.25,1,16,B3, 
30.5,73,67,1,0,16,C#5,Y
30.75,55,57,0.25,1,16,G3, 
31,52,55,0.25,1,16,E3, 
31.25,55,57,0.25,1,16,G3, 
31.5,61,60,0.25,1,16,C#4,Y
31.5,71,66,0.5,0,16,B4, 
31.75,55,57,0.25,1,16,G3, 
32,54,56,0.25,1,17,F#3,Y
32,71,66,0.5,0,17,B4, 
32.25,57,58,0.25,1,17,A3, 
32.5,61,60,0.25,1,17,C#4,Y
32.5,69,65,1,0,17,A4, 
32.75,57,58,0.25,1,17,A3, 
33,54,56,0.25,1,17,F#3,Y
33.25,57,58,0.25,1,17,A3, 
33.5,62,61,0.25,1,17,D4, 
33.5,78,70,0.5,0,17,F#5,Y
33.75,57,58,0.25,1,17,A3, 
34,55,57,0.25,1,18,G3, 
34,78,70,0.5,0,18,F#5,Y
34.25,59,59,0.25,1,18,B3, 
34.5,64,62,0.25,1,18,E4, 
34.5,76,69,1,0,18,E5, 
34.75,59,59,0.25,1,18,B3, 
35,56,57,0.25,1,18,G#3,Y
35.25,59,59,0.25,1,18,B3, 
35.5,64,62,0.25,1,18,E4, 
35.5,74,68,0.5,0,18,D5, 
35.75,59,59,0.25,1,18,B3, 
36,57,58,0.25,1,19,A3, 
36,74,68,0.5,0,19,D5, 
36.25,64,62,0.25,1,19,E4, 
36.5,69,65,0.25,1,19,A4, 
36.5,73,67,1,0,19,C#5,Y
36.75,64,62,0.25,1,19,E4, 
37,57,58,0.25,1,19,A3, 
37.25,62,61,0.25,1,19,D4, 
37.5,68,64,0.25,1,19,G#4,Y
37.5,71,66,0.5,0,19,B4, 
37.75,62,61,0.25,1,19,D4, 
38,57,58,0.25,1,20,A3, 
38,71,66,0.5,0,20,B4, 
38.25,61,60,0.25,1,20,C#4,Y
38.5,64,62,0.25,1,20,E4, 
38.5,69,65,0.5,0,20,A4, 
38.75,61,60,0.25,1,20,C#4,Y
39,57,58,0.25,1,20,A3, 
39.16667,74,68,0.16667,0,20,D5, 
39.25,64,62,0.25,1,20,E4, 
39.33333,76,69,0.16667,0,20,E5, 
39.5,68,64,0.25,1,20,G#4,Y
39.5,78,70,0.16667,0,20,F#5,Y
39.66667,76,69,0.16667,0,20,E5, 
39.75,64,62,0.25,1,20,E4, 
39.83333,74,68,0.16667,0,20,D5, 
40,57,58,0.25,1,21,A3, 
40,74,68,0.5,0,21,D5, 
40.25,64,62,0.25,1,21,E4, 
40.5,69,65,0.25,1,21,A4, 
40.5,73,67,0.5,0,21,C#5,Y
40.75,64,62,0.25,1,21,E4, 
41,57,58,0.25,1,21,A3, 
41.16667,71,66,0.16667,0,21,B4, 
41.25,62,61,0.25,1,21,D4, 
41.33333,73,67,0.16667,0,21,C#5,Y
41.5,68,64,0.25,1,21,G#4,Y
41.5,74,68,0.16667,0,21,D5, 
41.66667,73,67,0.16667,0,21,C#5,Y
41.75,62,61,0.25,1,21,D4, 
41.83333,71,66,0.16667,0,21,B4, 
42,57,58,0.25,1,22,A3, 
42,71,66,0.5,0,22,B4, 
42.25,61,60,0.25,1,22,C#4,Y
42.5,64,62,0.25,1,22,E4, 
42.5,69,65,0.5,0,22,A4, 
42.75,61,60,0.25,1,22,C#4,Y
43,57,58,0.25,1,22,A3, 
43.16667,74,68,0.16667,0,22,D5, 
43.25,64,62,0.25,1,22,E4, 
43.33333,76,69,0.16667,0,22,E5, 
43.5,68,64,0.25,1,22,G#4,Y
43.5,78,70,0.16667,0,22,F#5,Y
43.66667,76,69,0.16667,0,22,E5, 
43.75,64,62,0.25,1,22,E4, 
43.83333,74,68,0.16667,0,22,D5, 
44,57,58,0.25,1,23,A3, 
44,74,68,0.16667,0,23,D5, 
44.16667,73,67,0.16667,0,23,C#5,Y
44.25,64,62,0.25,1,23,E4, 
44.33333,74,68,0.16667,0,23,D5, 
44.5,69,65,0.25,1,23,A4, 
44.5,76,69,0.16667,0,23,E5, 
44.66667,74,68,0.16667,0,23,D5, 
44.75,64,62,0.25,1,23,E4, 
44.83333,73,67,0.16667,0,23,C#5,Y
45,57,58,0.25,1,23,A3, 
45,73,67,0.16667,0,23,C#5,Y
45.16667,71,66,0.16667,0,23,B4, 
45.25,62,61,0.25,1,23,D4, 
45.33333,73,67,0.16667,0,23,C#5,Y
45.5,68,64,0.25,1,23,G#4,Y
45.5,74,68,0.16667,0,23,D5, 
45.66667,73,67,0.16667,0,23,C#5,Y
45.75,62,61,0.25,1,23,D4, 
45.83333,71,66,0.16667,0,23,B4, 
46,57,58,0.5,1,24,A3, 
46,61,60,0.5,1,24,C#4,Y
46,64,62,0.5,1,24,E4, 
46,71,66,0.16667,0,24,B4, 
46.16667,69,65,0.16667,0,24,A4, 
46.33333,68,64,0.16667,0,24,G#4,Y
46.5,69,65,0.16667,0,24,A4, 
46.66667,71,66,0.16667,0,24,B4, 
46.83333,73,67,0.16667,0,24,C#5,Y
47,74,68,0.16667,0,24,D5, 
47.16667,75,68,0.16667,0,24,D#5,Y
47.33333,76,69,0.16667,0,24,E5, 
47.5,77,70,0.125,0,24,F5, 
47.625,78,70,0.125,0,24,F#5,Y
47.75,79,71,0.125,0,24,G5, 
47.875,80,71,0.125,0,24,G#5,Y
48,81,72,0.5,0,25,A5, 
48.5,81,72,0.5,0,25,A5, 
49,81,72,0.5,0,25,A5, 
49.5,81,72,0.5,0,25,A5, 
50,78,70,0.75,0,26,F#5,Y
50,81,72,0.75,0,26,A5, 
50.25,38,47,0.25,1,26,D2, 
50.5,50,54,0.25,1,26,D3, 
50.75,77,69,0.25,0,26,F5, 
50.75,80,71,0.25,0,26,G#5,Y
51,78,70,0.75,0,26,F#5,Y
51,81,72,0.75,0,26,A5, 
51.25,50,54,0.25,1,26,D3, 
51.5,62,61,0.25,1,26,D4, 
51.75,77,69,0.25,0,26,F5, 
51.75,80,71,0.25,0,26,G#5,Y
52,78,70,0.75,0,27,F#5,Y
52,81,72,0.75,0,27,A5, 
52.25,62,61,0.25,1,27,D4, 
52.5,74,68,0.25,1,27,D5, 
52.75,76,69,0.25,0,27,E5, 
52.75,79,71,0.25,0,27,G5, 
53,76,69,0.25,0,27,E5, 
53,79,71,0.25,0,27,G5, 
53.25,74,68,0.25,0,27,D5, 
53.25,78,70,0.25,0,27,F#5,Y
53.5,74,68,0.25,0,27,D5, 
53.5,78,70,0.25,0,27,F#5,Y
53.75,73,67,0.25,0,27,C#5,Y
53.75,76,69,0.25,0,27,E5, 
54,73,67,0.25,0,28,C#5,Y
54,76,69,0.25,0,28,E5, 
54.25,71,66,0.25,0,28,B4, 
54.25,74,68,0.25,0,28,D5, 
54.5,71,66,0.25,0,28,B4, 
54.5,74,68,0.25,0,28,D5, 
54.75,69,65,0.25,0,28,A4, 
54.75,73,67,0.25,0,28,C#5,Y
55,69,65,0.25,0,28,A4, 
55,73,67,0.25,0,28,C#5,Y
55.25,67,64,0.25,0,28,G4, 
55.25,71,66,0.25,0,28,B4, 
55.5,67,64,0.25,0,28,G4, 
55.5,71,66,0.25,0,28,B4, 
55.75,66,63,0.25,0,28,F#4,Y
55.75,69,65,0.25,0,28,A4, 
56,63,61,1,0,29,D#4,Y
56,66,63,1,0,29,F#4,Y
56.5,33,44,0.5,1,29,A1, 
57,33,44,0.5,1,29,A1, 
57,64,62,0.5,0,29,E4, 
57,67,64,0.5,0,29,G4, 
57.5,33,44,0.5,1,29,A1, 
58,76,69,0.75,0,30,E5, 
58,79,71,0.75,0,30,G5, 
58.25,33,44,0.25,1,30,A1, 
58.5,45,51,0.25,1,30,A2, 
58.75,75,68,0.25,0,30,D#5,Y
58.75,78,70,0.25,0,30,F#5,Y
59,76,69,0.75,0,30,E5, 
59,79,71,0.75,0,30,G5, 
59.25,45,51,0.25,1,30,A2, 
59.5,57,58,0.25,1,30,A3, 
59.75,75,68,0.25,0,30,D#5,Y
59.75,78,70,0.25,0,30,F#5,Y
60,76,69,0.75,0,31,E5, 
60,79,71,0.75,0,31,G5, 
60.25,57,58,0.25,1,31,A3, 
60.5,69,65,0.25,1,31,A4, 
60.75,74,68,0.25,0,31,D5, 
60.75,78,70,0.25,0,31,F#5,Y
61,74,68,0.25,0,31,D5, 
61,78,70,0.25,0,31,F#5,Y
61.25,73,67,0.25,0,31,C#5,Y
61.25,76,69,0.25,0,31,E5, 
61.5,73,67,0.25,0,31,C#5,Y
61.5,76,69,0.25,0,31,E5, 
61.75,71,66,0.25,0,31,B4, 
61.75,74,68,0.25,0,31,D5, 
62,71,66,0.25,0,32,B4, 
62,74,68,0.25,0,32,D5, 
62.25,69,65,0.25,0,32,A4, 
62.25,73,67,0.25,0,32,C#5,Y
62.5,69,65,0.25,0,32,A4, 
62.5,73,67,0.25,0,32,C#5,Y
62.75,67,64,0.25,0,32,G4, 
62.75,71,66,0.25,0,32,B4, 
63,67,64,0.25,0,32,G4, 
63,71,66,0.25,0,32,B4, 
63.25,66,63,0.25,0,32,F#4,Y
63.25,69,65,0.25,0,32,A4, 
63.5,66,63,0.25,0,32,F#4,Y
63.5,69,65,0.25,0,32,A4, 
63.75,64,62,0.25,0,32,E4, 
63.75,67,64,0.25,0,32,G4, 
64,62,61,0.5,0,33,D4, 
64,66,63,0.5,0,33,F#4,Y
64.25,57,58,0.25,1,33,A3, 
64.5,50,54,0.25,1,33,D3, 
64.5,66,63,0.5,0,33,F#4,Y
64.5,71,66,0.5,0,33,B4, 
64.75,57,58,0.25,1,33,A3, 
65,49,53,0.25,1,33,C#3,Y
65,64,62,0.5,0,33,E4, 
65,69,65,0.5,0,33,A4, 
65.25,57,58,0.25,1,33,A3, 
65.5,45,51,0.25,1,33,A2, 
65.5,61,60,0.5,0,33,C#4,Y
65.5,67,64,0.5,0,33,G4, 
65.75,57,58,0.25,1,33,A3, 
66,62,61,0.5,0,34,D4, 
66,66,63,0.5,0,34,F#4,Y
66.25,57,58,0.25,1,34,A3, 
66.5,50,54,0.25,1,34,D3, 
66.5,66,63,0.5,0,34,F#4,Y
66.5,71,66,0.5,0,34,B4, 
66.75,57,58,0.25,1,34,A3, 
67,49,53,0.25,1,34,C#3,Y
67,64,62,0.5,0,34,E4, 
67,69,65,0.5,0,34,A4, 
67.25,57,58,0.25,1,34,A3, 
67.5,45,51,0.25,1,34,A2, 
67.5,61,60,0.5,0,34,C#4,Y
67.5,67,64,0.5,0,34,G4, 
67.75,57,58,0.25,1,34,A3, 
68,50,54,1,1,35,D3, 
68,66,63,0.5,0,35,F#4,Y
68.25,62,61,0.25,0,35,D4, 
68.5,66,63,0.25,0,35,F#4,Y
68.5,71,66,0.5,0,35,B4, 
68.75,62,61,0.25,0,35,D4, 
69,52,55,1,1,35,E3, 
69,61,60,0.25,0,35,C#4,Y
69,69,65,0.5,0,35,A4, 
69.25,64,62,0.25,0,35,E4, 
69.5,59,59,0.25,0,35,B3, 
69.5,68,64,0.5,0,35,G#4,Y
69.75,62,61,0.25,0,35,D4, 
70,57,58,0.25,1,36,A3, 
70,69,65,0.5,0,36,A4, 
70.25,69,65,0.25,1,36,A4, 
70.5,64,62,0.25,1,36,E4, 
70.5,67,64,0.25,1,36,G4, 
70.75,69,65,0.25,1,36,A4, 
71,62,61,0.25,1,36,D4, 
71,66,63,0.25,1,36,F#4,Y
71.25,69,65,0.25,1,36,A4, 
71.5,61,60,0.25,1,36,C#4,Y
71.5,64,62,0.25,1,36,E4, 
71.75,69,65,0.25,1,36,A4, 
72,62,61,0.25,1,37,D4, 
72,66,63,0.25,1,37,F#4,Y
72,78,70,0.5,0,37,F#5,Y
72.25,69,65,0.25,1,37,A4, 
72.5,62,61,0.25,1,37,D4, 
72.5,66,63,0.25,1,37,F#4,Y
72.5,83,73,0.5,0,37,B5, 
72.75,69,65,0.25,1,37,A4, 
73,61,60,0.25,1,37,C#4,Y
73,64,62,0.25,1,37,E4, 
73,81,72,0.5,0,37,A5, 
73.25,69,65,0.25,1,37,A4, 
73.5,57,58,0.25,1,37,A3, 
73.5,64,62,0.25,1,37,E4, 
73.5,73,67,0.5,0,37,C#5,Y
73.5,79,71,0.5,0,37,G5, 
73.75,69,65,0.25,1,37,A4, 
74,62,61,0.25,1,38,D4, 
74,66,63,0.25,1,38,F#4,Y
74,78,70,0.5,0,38,F#5,Y
74.25,69,65,0.25,1,38,A4, 
74.5,62,61,0.25,1,38,D4, 
74.5,66,63,0.25,1,38,F#4,Y
74.5,83,73,0.5,0,38,B5, 
74.75,69,65,0.25,1,38,A4, 
75,61,60,0.25,1,38,C#4,Y
75,64,62,0.25,1,38,E4, 
75,81,72,0.5,0,38,A5, 
75.25,69,65,0.25,1,38,A4, 
75.5,57,58,0.25,1,38,A3, 
75.5,64,62,0.25,1,38,E4, 
75.5,73,67,0.5,0,38,C#5,Y
75.5,79,71,0.5,0,38,G5, 
75.75,69,65,0.25,1,38,A4, 
76,62,61,0.25,1,39,D4, 
76,66,63,0.25,1,39,F#4,Y
76,74,68,0.5,0,39,D5, 
76,78,70,0.5,0,39,F#5,Y
76.25,74,68,0.25,1,39,D5, 
76.5,64,62,0.25,1,39,E4, 
76.5,67,64,0.25,1,39,G4, 
76.5,86,75,1,0,39,D6, 
76.75,74,68,0.25,1,39,D5, 
77,66,63,0.25,1,39,F#4,Y
77,69,65,0.25,1,39,A4, 
77.25,74,68,0.25,1,39,D5, 
77.5,67,64,0.25,1,39,G4, 
77.5,71,66,0.25,1,39,B4, 
77.5,86,75,1,0,39,D6, 
77.75,74,68,0.25,1,39,D5, 
78,69,65,0.25,1,40,A4, 
78,72,67,0.25,1,40,C5, 
78.25,74,68,0.25,1,40,D5, 
78.5,68,64,0.25,1,40,G#4,Y
78.5,71,66,0.25,1,40,B4, 
78.5,86,75,0.5,0,40,D6, 
78.75,74,68,0.25,1,40,D5, 
79,69,65,0.25,1,40,A4, 
79,72,67,0.25,1,40,C5, 
79,86,75,0.5,0,40,D6, 
79.25,74,68,0.25,1,40,D5, 
79.5,66,63,0.25,1,40,F#4,Y
79.5,70,65,0.25,1,40,A#4,Y
79.5,86,75,0.5,0,40,D6, 
79.75,74,68,0.25,1,40,D5, 
80,67,64,0.5,1,41,G4, 
80,71,66,0.5,1,41,B4, 
80,83,73,0.125,0,41,B5, 
80.125,85,74,0.125,0,41,C#6,Y
80.25,83,73,0.125,0,41,B5, 
80.375,82,72,0.125,0,41,A#5,Y
80.5,83,73,0.125,0,41,B5, 
80.625,85,74,0.125,0,41,C#6,Y
80.75,86,75,0.125,0,41,D6, 
80.875,85,74,0.125,0,41,C#6,Y
81,67,64,0.5,1,41,G4, 
81,71,66,0.5,1,41,B4, 
81,74,68,0.5,1,41,D5, 
81,83,73,0.125,0,41,B5, 
81.125,85,74,0.125,0,41,C#6,Y
81.25,83,73,0.125,0,41,B5, 
81.375,82,72,0.125,0,41,A#5,Y
81.5,83,73,0.125,0,41,B5, 
81.625,85,74,0.125,0,41,C#6,Y
81.75,86,75,0.125,0,41,D6, 
81.875,85,74,0.125,0,41,C#6,Y
82,68,64,0.5,1,42,G#4,Y
82,71,66,0.5,1,42,B4, 
82,74,68,0.5,1,42,D5, 
82,77,70,0.5,1,42,F5, 
82,86,75,0.125,0,42,D6, 
82.125,88,76,0.125,0,42,E6, 
82.25,86,75,0.125,0,42,D6, 
82.375,85,74,0.125,0,42,C#6,Y
82.5,86,75,0.125,0,42,D6, 
82.625,88,76,0.125,0,42,E6, 
82.75,89,77,0.125,0,42,F6, 
82.875,88,76,0.125,0,42,E6, 
83,68,64,0.5,1,42,G#4,Y
83,71,66,0.5,1,42,B4, 
83,74,68,0.5,1,42,D5, 
83,77,70,0.5,1,42,F5, 
83,86,75,0.125,0,42,D6, 
83.125,88,76,0.125,0,42,E6, 
83.25,86,75,0.125,0,42,D6, 
83.375,85,74,0.125,0,42,C#6,Y
83.5,86,75,0.125,0,42,D6, 
83.625,88,76,0.125,0,42,E6, 
83.75,89,77,0.125,0,42,F6, 
83.875,88,76,0.125,0,42,E6, 
84,69,65,0.5,1,43,A4, 
84,74,68,0.5,1,43,D5, 
84,78,70,0.5,1,43,F#5,Y
84,86,75,0.125,0,43,D6, 
84.125,88,76,0.125,0,43,E6, 
84.25,86,75,0.125,0,43,D6, 
84.375,85,74,0.125,0,43,C#6,Y
84.5,86,75,0.125,0,43,D6, 
84.625,88,76,0.125,0,43,E6, 
84.75,90,77,0.125,0,43,F#6,Y
84.875,88,76,0.125,0,43,E6, 
85,86,75,0.125,0,43,D6, 
85.125,85,74,0.125,0,43,C#6,Y
85.25,83,73,0.125,0,43,B5, 
85.375,81,72,0.125,0,43,A5, 
85.5,79,71,0.125,0,43,G5, 
85.625,78,70,0.125,0,43,F#5,Y
85.75,76,69,0.125,0,43,E5, 
85.875,74,68,0.125,0,43,D5, 
86,57,58,2,1,44,A3, 
86,69,65,1,1,44,A4, 
86,74,68,1,0,44,D5, 
86,78,70,1,0,44,F#5,Y
87,67,64,1,1,44,G4, 
87,73,67,1,0,44,C#5,Y
87,76,69,1,0,44,E5, 
88,62,61,0.5,1,45,D4, 
88,66,63,0.5,1,45,F#4,Y
88,74,68,0.125,0,45,D5, 
88.125,76,69,0.125,0,45,E5, 
88.25,78,70,0.125,0,45,F#5,Y
88.375,79,71,0.125,0,45,G5, 
88.5,81,72,0.125,0,45,A5, 
88.625,79,71,0.125,0,45,G5, 
88.75,78,70,0.125,0,45,F#5,Y
88.875,76,69,0.125,0,45,E5, 
89,74,68,0.125,0,45,D5, 
89.125,73,67,0.125,0,45,C#5,Y
89.25,71,66,0.125,0,45,B4, 
89.375,69,65,0.125,0,45,A4, 
89.5,67,64,0.125,0,45,G4, 
89.625,66,63,0.125,0,45,F#4,Y
89.75,64,62,0.125,0,45,E4, 
89.875,62,61,0.125,0,45,D4, 
90,45,51,2,1,46,A2, 
90,57,58,1,1,46,A3, 
90,62,61,1,0,46,D4, 
90,66,63,1,0,46,F#4,Y
91,55,57,1,1,46,G3, 
91,61,60,1,0,46,C#4,Y
91,64,62,1,0,46,E4, 
92,50,54,0.5,1,47,D3, 
92,54,56,0.5,1,47,F#3,Y
92,62,61,0.25,0,47,D4, 
92.25,57,58,0.25,0,47,A3, 
92.5,62,61,0.25,0,47,D4, 
92.5,66,63,0.5,0,47,F#4,Y
92.75,57,58,0.25,0,47,A3, 
93,64,62,0.25,0,47,E4, 
93,67,64,0.5,0,47,G4, 
93.25,57,58,0.25,0,47,A3, 
93.5,65,62,0.25,0,47,F4, 
93.5,68,64,0.5,0,47,G#4,Y
93.75,57,58,0.25,0,47,A3, 
94,66,63,2.5,0,48,F#4,Y
94,69,65,2.5,0,48,A4, 
94.25,57,58,0.5,0,48,A3, 
94.5,38,47,0.5,1,48,D2, 
94.75,57,58,0.5,0,48,A3, 
95,42,49,0.5,1,48,F#2,Y
95.25,57,58,0.5,0,48,A3, 
95.5,45,51,0.5,1,48,A2, 
95.75,57,58,0.5,0,48,A3, 
96,50,54,2.5,1,49,D3, 
96.25,57,58,0.25,0,49,A3, 
96.5,62,61,0.25,0,49,D4, 
96.5,66,63,0.5,0,49,F#4,Y
96.75,57,58,0.25,0,49,A3, 
97,67,64,0.25,0,49,G4, 
97,71,66,0.5,0,49,B4, 
97.25,57,58,0.25,0,49,A3, 
97.5,66,63,0.25,0,49,F#4,Y
97.5,69,65,0.5,0,49,A4, 
97.75,57,58,0.25,0,49,A3, 
98,64,62,2.5,0,50,E4, 
98,67,64,2.5,0,50,G4, 
98.25,57,58,0.5,0,50,A3, 
98.5,50,54,0.5,1,50,D3, 
98.75,57,58,0.5,0,50,A3, 
99,49,53,0.5,1,50,C#3,Y
99.25,57,58,0.5,0,50,A3, 
99.5,47,52,0.5,1,50,B2, 
99.75,57,58,0.5,0,50,A3, 
100,49,53,1,1,51,C#3,Y
100.25,57,58,0.25,0,51,A3, 
100.5,64,62,0.25,0,51,E4, 
100.5,67,64,0.5,0,51,G4, 
100.75,57,58,0.25,0,51,A3, 
101,45,51,1.5,1,51,A2, 
101,66,63,0.25,0,51,F#4,Y
101,69,65,0.5,0,51,A4, 
101.25,57,58,0.25,0,51,A3, 
101.5,64,62,0.25,0,51,E4, 
101.5,67,64,0.5,0,51,G4, 
101.75,57,58,0.25,0,51,A3, 
102,62,61,2.5,0,52,D4, 
102,66,63,2.5,0,52,F#4,Y
102.25,57,58,0.25,0,52,A3, 
102.5,46,51,0.5,1,52,A#2,Y
102.75,58,58,0.25,0,52,A#3,Y
103,47,52,0.5,1,52,B2, 
103.25,59,59,0.25,0,52,B3, 
103.5,42,49,0.5,1,52,F#2,Y
103.75,54,56,0.25,0,52,F#3,Y
104,43,50,0.5,1,53,G2, 
104.25,55,57,0.25,0,53,G3, 
104.5,44,50,0.5,1,53,G#2,Y
104.5,62,61,0.25,0,53,D4, 
104.5,64,62,0.5,0,53,E4, 
104.75,56,57,0.25,0,53,G#3,Y
105,45,51,1.5,1,53,A2, 
105,62,61,0.25,0,53,D4, 
105,64,62,0.5,0,53,E4, 
105.25,57,58,0.25,0,53,A3, 
105.5,61,60,0.25,0,53,C#4,Y
105.5,67,64,0.5,0,53,G4, 
105.75,57,58,0.25,0,53,A3, 
106,62,61,2.5,0,54,D4, 
106,66,63,2.5,0,54,F#4,Y
106.25,57,58,0.25,0,54,A3, 
106.5,46,51,0.5,1,54,A#2,Y
106.75,58,58,0.25,0,54,A#3,Y
107,47,52,0.5,1,54,B2, 
107.25,59,59,0.25,0,54,B3, 
107.5,42,49,0.5,1,54,F#2,Y
107.75,54,56,0.25,0,54,F#3,Y
108,43,50,0.5,1,55,G2, 
108.25,55,57,0.25,0,55,G3, 
108.5,44,50,0.5,1,55,G#2,Y
108.5,62,61,0.25,0,55,D4, 
108.5,64,62,0.5,0,55,E4, 
108.75,56,57,0.25,0,55,G#3,Y
109,45,51,1.5,1,55,A2, 
109,62,61,0.25,0,55,D4, 
109,64,62,0.5,0,55,E4, 
109.25,57,58,0.25,0,55,A3, 
109.5,61,60,0.25,0,55,C#4,Y
109.5,67,64,0.5,0,55,G4, 
109.75,57,58,0.25,0,55,A3, 
110,62,61,2.5,0,56,D4, 
110,66,63,2.5,0,56,F#4,Y
110.25,57,58,0.25,0,56,A3, 
110.5,46,51,0.5,1,56,A#2,Y
110.75,58,58,0.25,0,56,A#3,Y
111,47,52,0.5,1,56,B2, 
111.25,59,59,0.25,0,56,B3, 
111.5,48,53,0.5,1,56,C3, 
111.75,60,60,0.25,0,56,C4, 
112,47,52,0.5,1,57,B2, 
112.25,59,59,0.25,0,57,B3, 
112.5,43,50,0.5,1,57,G2, 
112.5,64,62,0.25,0,57,E4, 
112.5,67,64,0.5,0,57,G4, 
112.75,59,59,0.25,0,57,B3, 
113,45,51,0.5,1,57,A2, 
113,62,61,0.25,0,57,D4, 
113,66,63,0.5,0,57,F#4,Y
113.25,57,58,0.25,0,57,A3, 
113.5,33,44,0.5,1,57,A1, 
113.5,61,60,0.25,0,57,C#4,Y
113.5,64,62,0.5,0,57,E4, 
113.75,55,57,0.25,0,57,G3, 
114,38,47,4,1,58,D2, 
114,54,56,0.25,0,58,F#3,Y
114,62,61,1.5,0,58,D4, 
114.25,57,58,0.25,0,58,A3, 
114.5,54,56,0.25,0,58,F#3,Y
114.75,57,58,0.25,0,58,A3, 
115,54,56,0.25,0,58,F#3,Y
115.25,57,58,0.25,0,58,A3, 
115.5,50,54,0.5,1,58,D3, 
115.5,55,57,0.25,0,58,G3, 
115.5,64,62,0.5,0,58,E4, 
115.75,61,60,0.25,0,58,C#4,Y
116,50,54,1.5,1,59,D3, 
116,57,58,0.25,0,59,A3, 
116,66,63,1.5,0,59,F#4,Y
116.25,62,61,0.25,0,59,D4, 
116.5,57,58,0.25,0,59,A3, 
116.75,62,61,0.25,0,59,D4, 
117,57,58,0.25,0,59,A3, 
117.25,62,61,0.25,0,59,D4, 
117.5,50,54,0.5,1,59,D3, 
117.5,55,57,0.25,0,59,G3, 
117.5,64,62,0.5,0,59,E4, 
117.75,61,60,0.25,0,59,C#4,Y
118,50,54,1.5,1,60,D3, 
118,54,56,0.25,1,60,F#3,Y
118,62,61,1.5,0,60,D4, 
118.25,57,58,0.25,1,60,A3, 
118.5,54,56,0.25,1,60,F#3,Y
118.75,57,58,0.25,1,60,A3, 
119,54,56,0.25,1,60,F#3,Y
119.25,57,58,0.25,1,60,A3, 
119.5,50,54,1,1,60,D3, 
119.5,55,57,0.25,1,60,G3, 
119.5,64,62,0.5,0,60,E4, 
119.5,73,67,0.5,0,60,C#5,Y
119.75,57,58,0.25,1,60,A3, 
120,54,56,0.25,1,61,F#3,Y
120,62,61,0.5,0,61,D4, 
120,74,68,0.5,0,61,D5, 
120.25,57,58,0.25,1,61,A3, 
120.5,50,54,1,1,61,D3, 
120.5,55,57,0.25,1,61,G3, 
120.5,64,62,0.5,0,61,E4, 
120.5,73,67,0.5,0,61,C#5,Y
120.75,57,58,0.25,1,61,A3, 
121,54,56,0.25,1,61,F#3,Y
121,62,61,0.5,0,61,D4, 
121,74,68,0.5,0,61,D5, 
121.25,57,58,0.25,1,61,A3, 
121.5,50,54,0.5,1,61,D3, 
121.5,55,57,0.25,1,61,G3, 
121.5,64,62,0.5,0,61,E4, 
121.5,73,67,0.5,0,61,C#5,Y
121.75,57,58,0.25,1,61,A3, 
122,50,54,2.5,1,62,D3, 
122,57,58,2.5,1,62,A3, 
122,61,60,2,1,62,C#4,Y
122,67,64,2,0,62,G4, 
122,76,69,2,0,62,E5, 
124,62,61,0.5,1,63,D4, 
124,66,63,0.5,0,63,F#4,Y
124,74,68,0.5,0,63,D5, 
125.25,62,61,0.25,0,0,D4, 
125.5,74,68,0.25,0,0,D5, 
125.75,70,65,0.25,0,0,A#4,Y
126,71,66,0.25,0,1,B4, 
126.25,66,63,0.25,0,1,F#4,Y
126.5,43,50,1.5,1,1,G2, 
126.5,67,64,0.75,0,1,G4, 
126.75,47,52,1.25,1,1,B2, 
127,50,54,1,1,1,D3, 
127.25,62,61,0.25,0,1,D4, 
127.5,74,68,0.25,0,1,D5, 
127.75,70,65,0.25,0,1,A#4,Y
128,71,66,0.25,0,2,B4, 
128.25,66,63,0.25,0,2,F#4,Y
128.5,55,57,1.5,1,2,G3, 
128.5,67,64,0.75,0,2,G4, 
128.75,59,59,1.25,1,2,B3, 
129,62,61,1,1,2,D4, 
129.25,64,62,0.25,0,2,E4, 
129.5,76,69,0.25,0,2,E5, 
129.75,71,66,0.25,0,2,B4, 
130,72,67,0.25,0,3,C5, 
130.25,68,64,0.25,0,3,G#4,Y
130.5,43,50,1.5,1,3,G2, 
130.5,69,65,0.75,0,3,A4, 
130.75,48,53,1.25,1,3,C3, 
131,52,55,1,1,3,E3, 
131.25,64,62,0.25,0,3,E4, 
131.5,76,69,0.25,0,3,E5, 
131.75,71,66,0.25,0,3,B4, 
132,72,67,0.25,0,4,C5, 
132.25,68,64,0.25,0,4,G#4,Y
132.5,55,57,1.5,1,4,G3, 
132.5,69,65,0.75,0,4,A4, 
132.75,60,60,1.25,1,4,C4, 
133,64,62,1,1,4,E4, 
133.25,69,65,0.25,0,4,A4, 
133.5,84,74,0.25,0,4,C6, 
133.75,83,73,0.25,0,4,B5, 
134,81,72,0.75,0,5,A5, 
134.25,54,56,0.25,1,5,F#3,Y
134.5,57,58,0.25,1,5,A3, 
134.75,62,61,0.25,1,5,D4, 
134.75,79,71,0.25,0,5,G5, 
135,78,70,0.25,0,5,F#5,Y
135.25,50,54,0.25,1,5,D3, 
135.25,76,69,0.25,0,5,E5, 
135.5,57,58,0.25,1,5,A3, 
135.5,74,68,0.25,0,5,D5, 
135.75,60,60,0.25,1,5,C4, 
135.75,72,67,0.25,0,5,C5, 
136,72,67,0.25,0,6,C5, 
136.25,55,57,0.25,1,6,G3, 
136.25,71,66,0.5,0,6,B4, 
136.5,59,59,0.25,1,6,B3, 
136.75,62,61,0.25,1,6,D4, 
136.75,79,71,0.25,0,6,G5, 
137,79,71,0.25,0,6,G5, 
137.25,48,53,0.25,1,6,C3, 
137.25,69,65,0.5,0,6,A4, 
137.5,52,55,0.25,1,6,E3, 
137.75,57,58,0.25,1,6,A3, 
137.75,76,69,0.25,0,6,E5, 
138,76,69,0.25,0,7,E5, 
138.25,50,54,0.25,1,7,D3, 
138.25,67,64,0.5,0,7,G4, 
138.5,55,57,0.25,1,7,G3, 
138.75,59,59,0.25,1,7,B3, 
138.75,74,68,0.25,0,7,D5, 
139,74,68,0.25,0,7,D5, 
139.25,38,47,0.25,1,7,D2, 
139.25,60,60,0.5,0,7,C4, 
139.5,45,51,0.25,1,7,A2, 
139.75,50,54,0.25,1,7,D3, 
139.75,66,63,0.25,0,7,F#4,Y
140,43,50,0.25,1,8,G2, 
140,59,59,1,0,8,B3, 
140,67,64,1,0,8,G4, 
140.25,47,52,0.25,1,8,B2, 
140.5,50,54,0.25,1,8,D3, 
140.75,47,52,0.25,1,8,B2, 
141,43,50,0.25,1,8,G2, 
141.25,47,52,0.25,1,8,B2, 
141.5,50,54,0.25,1,8,D3, 
141.5,74,68,0.5,0,8,D5, 
141.75,47,52,0.25,1,8,B2, 
142,43,50,0.25,1,9,G2, 
142,74,68,0.5,0,9,D5, 
142.25,47,52,0.25,1,9,B2, 
142.5,50,54,0.25,1,9,D3, 
142.5,74,68,0.5,0,9,D5, 
142.75,47,52,0.25,1,9,B2, 
143,43,50,0.25,1,9,G2, 
143,74,68,0.5,0,9,D5, 
143.25,47,52,0.25,1,9,B2, 
143.5,50,54,0.25,1,9,D3, 
143.5,74,68,0.5,0,9,D5, 
143.75,47,52,0.25,1,9,B2, 
144,45,51,0.25,1,10,A2, 
144,76,69,1,0,10,E5, 
144.25,48,53,0.25,1,10,C3, 
144.5,54,56,0.25,1,10,F#3,Y
144.75,48,53,0.25,1,10,C3, 
145,45,51,0.25,1,10,A2, 
145,74,68,0.5,0,10,D5, 
145.25,48,53,0.25,1,10,C3, 
145.5,54,56,0.25,1,10,F#3,Y
145.75,48,53,0.25,1,10,C3, 
146,45,51,0.25,1,11,A2, 
146.25,48,53,0.25,1,11,C3, 
146.5,54,56,0.25,1,11,F#3,Y
146.75,48,53,0.25,1,11,C3, 
146.75,74,68,0.25,0,11,D5, 
147,45,51,0.25,1,11,A2, 
147,74,68,0.25,0,11,D5, 
147.25,48,53,0.25,1,11,C3, 
147.25,74,68,0.25,0,11,D5, 
147.5,54,56,0.25,1,11,F#3,Y
147.5,74,68,0.25,0,11,D5, 
147.75,48,53,0.25,1,11,C3, 
147.75,74,68,0.25,0,11,D5, 
148,47,52,0.25,1,12,B2, 
148,76,69,1,0,12,E5, 
148.25,50,54,0.25,1,12,D3, 
148.5,55,57,0.25,1,12,G3, 
148.75,50,54,0.25,1,12,D3, 
149,47,52,0.25,1,12,B2, 
149,74,68,0.5,0,12,D5, 
149.25,50,54,0.25,1,12,D3, 
149.5,55,57,0.25,1,12,G3, 
149.75,50,54,0.25,1,12,D3, 
150,47,52,0.25,1,13,B2, 
150.25,50,54,0.25,1,13,D3, 
150.5,55,57,0.25,1,13,G3, 
150.5,74,68,0.75,0,13,D5, 
150.75,50,54,0.25,1,13,D3, 
151,47,52,0.25,1,13,B2, 
151.25,50,54,0.25,1,13,D3, 
151.25,76,69,0.125,0,13,E5, 
151.375,74,68,0.125,0,13,D5, 
151.5,55,57,0.25,1,13,G3, 
151.5,72,67,0.25,0,13,C5, 
151.75,50,54,0.25,1,13,D3, 
151.75,71,66,0.25,0,13,B4, 
152,48,53,0.25,1,14,C3, 
152,71,66,0.5,0,14,B4, 
152.25,52,55,0.25,1,14,E3, 
152.5,57,58,0.25,1,14,A3, 
152.5,69,65,1,0,14,A4, 
152.75,52,55,0.25,1,14,E3, 
153,49,53,0.25,1,14,C#3,Y
153.25,52,55,0.25,1,14,E3, 
153.5,57,58,0.25,1,14,A3, 
153.5,67,64,0.5,0,14,G4, 
153.75,52,55,0.25,1,14,E3, 
154,50,54,0.25,1,15,D3, 
154,67,64,0.5,0,15,G4, 
154.25,54,56,0.25,1,15,F#3,Y
154.5,57,58,0.25,1,15,A3, 
154.5,66,63,1,0,15,F#4,Y
154.75,54,56,0.25,1,15,F#3,Y
155,50,54,0.25,1,15,D3, 
155.25,54,56,0.25,1,15,F#3,Y
155.5,59,59,0.25,1,15,B3, 
155.5,74,68,0.5,0,15,D5, 
155.75,54,56,0.25,1,15,F#3,Y
156,52,55,0.25,1,16,E3, 
156,74,68,0.5,0,16,D5, 
156.25,55,57,0.25,1,16,G3, 
156.5,59,59,0.25,1,16,B3, 
156.5,73,67,1,0,16,C#5,Y
156.75,55,57,0.25,1,16,G3, 
157,52,55,0.25,1,16,E3, 
157.25,55,57,0.25,1,16,G3, 
157.5,61,60,0.25,1,16,C#4,Y
157.5,71,66,0.5,0,16,B4, 
157.75,55,57,0.25,1,16,G3, 
158,54,56,0.25,1,17,F#3,Y
158,71,66,0.5,0,17,B4, 
158.25,57,58,0.25,1,17,A3, 
158.5,61,60,0.25,1,17,C#4,Y
158.5,69,65,1,0,17,A4, 
158.75,57,58,0.25,1,17,A3, 
159,54,56,0.25,1,17,F#3,Y
159.25,57,58,0.25,1,17,A3, 
159.5,62,61,0.25,1,17,D4, 
159.5,78,70,0.5,0,17,F#5,Y
159.75,57,58,0.25,1,17,A3, 
160,55,57,0.25,1,18,G3, 
160,78,70,0.5,0,18,F#5,Y
160.25,59,59,0.25,1,18,B3, 
160.5,64,62,0.25,1,18,E4, 
160.5,76,69,1,0,18,E5, 
160.75,59,59,0.25,1,18,B3, 
161,56,57,0.25,1,18,G#3,Y
161.25,59,59,0.25,1,18,B3, 
161.5,64,62,0.25,1,18,E4, 
161.5,74,68,0.5,0,18,D5, 
161.75,59,59,0.25,1,18,B3, 
162,57,58,0.25,1,19,A3, 
162,74,68,0.5,0,19,D5, 
162.25,64,62,0.25,1,19,E4, 
162.5,69,65,0.25,1,19,A4, 
162.5,73,67,1,0,19,C#5,Y
162.75,64,62,0.25,1,19,E4, 
163,57,58,0.25,1,19,A3, 
163.25,62,61,0.25,1,19,D4, 
163.5,68,64,0.25,1,19,G#4,Y
163.5,71,66,0.5,0,19,B4, 
163.75,62,61,0.25,1,19,D4, 
164,57,58,0.25,1,20,A3, 
164,71,66,0.5,0,20,B4, 
164.25,61,60,0.25,1,20,C#4,Y
164.5,64,62,0.25,1,20,E4, 
164.5,69,65,0.5,0,20,A4, 
164.75,61,60,0.25,1,20,C#4,Y
165,57,58,0.25,1,20,A3, 
165.16667,74,68,0.16667,0,20,D5, 
165.25,64,62,0.25,1,20,E4, 
165.33333,76,69,0.16667,0,20,E5, 
165.5,68,64,0.25,1,20,G#4,Y
165.5,78,70,0.16667,0,20,F#5,Y
165.66667,76,69,0.16667,0,20,E5, 
165.75,64,62,0.25,1,20,E4, 
165.83333,74,68,0.16667,0,20,D5, 
166,57,58,0.25,1,21,A3, 
166,74,68,0.5,0,21,D5, 
166.25,64,62,0.25,1,21,E4, 
166.5,69,65,0.25,1,21,A4, 
166.5,73,67,0.5,0,21,C#5,Y
166.75,64,62,0.25,1,21,E4, 
167,57,58,0.25,1,21,A3, 
167.16667,71,66,0.16667,0,21,B4, 
167.25,62,61,0.25,1,21,D4, 
167.33333,73,67,0.16667,0,21,C#5,Y
167.5,68,64,0.25,1,21,G#4,Y
167.5,74,68,0.16667,0,21,D5, 
167.66667,73,67,0.16667,0,21,C#5,Y
167.75,62,61,0.25,1,21,D4, 
167.83333,71,66,0.16667,0,21,B4, 
168,57,58,0.25,1,22,A3, 
168,71,66,0.5,0,22,B4, 
168.25,61,60,0.25,1,22,C#4,Y
168.5,64,62,0.25,1,22,E4, 
168.5,69,65,0.5,0,22,A4, 
168.75,61,60,0.25,1,22,C#4,Y
169,57,58,0.25,1,22,A3, 
169.16667,74,68,0.16667,0,22,D5, 
169.25,64,62,0.25,1,22,E4, 
169.33333,76,69,0.16667,0,22,E5, 
169.5,68,64,0.25,1,22,G#4,Y
169.5,78,70,0.16667,0,22,F#5,Y
169.66667,76,69,0.16667,0,22,E5, 
169.75,64,62,0.25,1,22,E4, 
169.83333,74,68,0.16667,0,22,D5, 
170,57,58,0.25,1,23,A3, 
170,74,68,0.16667,0,23,D5, 
170.16667,73,67,0.16667,0,23,C#5,Y
170.25,64,62,0.25,1,23,E4, 
170.33333,74,68,0.16667,0,23,D5, 
170.5,69,65,0.25,1,23,A4, 
170.5,76,69,0.16667,0,23,E5, 
170.66667,74,68,0.16667,0,23,D5, 
170.75,64,62,0.25,1,23,E4, 
170.83333,73,67,0.16667,0,23,C#5,Y
171,57,58,0.25,1,23,A3, 
171,73,67,0.16667,0,23,C#5,Y
171.16667,71,66,0.16667,0,23,B4, 
171.25,62,61,0.25,1,23,D4, 
171.33333,73,67,0.16667,0,23,C#5,Y
171.5,68,64,0.25,1,23,G#4,Y
171.5,74,68,0.16667,0,23,D5, 
171.66667,73,67,0.16667,0,23,C#5,Y
171.75,62,61,0.25,1,23,D4, 
171.83333,71,66,0.16667,0,23,B4, 
172,57,58,0.5,1,24,A3, 
172,61,60,0.5,1,24,C#4,Y
172,64,62,0.5,1,24,E4, 
172,71,66,0.16667,0,24,B4, 
172.16667,69,65,0.16667,0,24,A4, 
172.33333,68,64,0.16667,0,24,G#4,Y
172.5,69,65,0.16667,0,24,A4, 
172.66667,71,66,0.16667,0,24,B4, 
172.83333,73,67,0.16667,0,24,C#5,Y
173,74,68,0.16667,0,24,D5, 
173.16667,75,68,0.16667,0,24,D#5,Y
173.33333,76,69,0.16667,0,24,E5, 
173.5,77,70,0.125,0,24,F5, 
173.625,78,70,0.125,0,24,F#5,Y
173.75,79,71,0.125,0,24,G5, 
173.875,80,71,0.125,0,24,G#5,Y
174,81,72,0.5,0,25,A5, 
174.5,81,72,0.5,0,25,A5, 
175,81,72,0.5,0,25,A5, 
175.5,81,72,0.5,0,25,A5, 
176,78,70,0.75,0,26,F#5,Y
176,81,72,0.75,0,26,A5, 
176.25,38,47,0.25,1,26,D2, 
176.5,50,54,0.25,1,26,D3, 
176.75,77,69,0.25,0,26,F5, 
176.75,80,71,0.25,0,26,G#5,Y
177,78,70,0.75,0,26,F#5,Y
177,81,72,0.75,0,26,A5, 
177.25,50,54,0.25,1,26,D3, 
177.5,62,61,0.25,1,26,D4, 
177.75,77,69,0.25,0,26,F5, 
177.75,80,71,0.25,0,26,G#5,Y
178,78,70,0.75,0,27,F#5,Y
178,81,72,0.75,0,27,A5, 
178.25,62,61,0.25,1,27,D4, 
178.5,74,68,0.25,1,27,D5, 
178.75,76,69,0.25,0,27,E5, 
178.75,79,71,0.25,0,27,G5, 
179,76,69,0.25,0,27,E5, 
179,79,71,0.25,0,27,G5, 
179.25,74,68,0.25,0,27,D5, 
179.25,78,70,0.25,0,27,F#5,Y
179.5,74,68,0.25,0,27,D5, 
179.5,78,70,0.25,0,27,F#5,Y
179.75,73,67,0.25,0,27,C#5,Y
179.75,76,69,0.25,0,27,E5, 
180,73,67,0.25,0,28,C#5,Y
180,76,69,0.25,0,28,E5, 
180.25,71,66,0.25,0,28,B4, 
180.25,74,68,0.25,0,28,D5, 
180.5,71,66,0.25,0,28,B4, 
180.5,74,68,0.25,0,28,D5, 
180.75,69,65,0.25,0,28,A4, 
180.75,73,67,0.25,0,28,C#5,Y
181,69,65,0.25,0,28,A4, 
181,73,67,0.25,0,28,C#5,Y
181.25,67,64,0.25,0,28,G4, 
181.25,71,66,0.25,0,28,B4, 
181.5,67,64,0.25,0,28,G4, 
181.5,71,66,0.25,0,28,B4, 
181.75,66,63,0.25,0,28,F#4,Y
181.75,69,65,0.25,0,28,A4, 
182,63,61,1,0,29,D#4,Y
182,66,63,1,0,29,F#4,Y
182.5,33,44,0.5,1,29,A1, 
183,33,44,0.5,1,29,A1, 
183,64,62,0.5,0,29,E4, 
183,67,64,0.5,0,29,G4, 
183.5,33,44,0.5,1,29,A1, 
184,76,69,0.75,0,30,E5, 
184,79,71,0.75,0,30,G5, 
184.25,33,44,0.25,1,30,A1, 
184.5,45,51,0.25,1,30,A2, 
184.75,75,68,0.25,0,30,D#5,Y
184.75,78,70,0.25,0,30,F#5,Y
185,76,69,0.75,0,30,E5, 
185,79,71,0.75,0,30,G5, 
185.25,45,51,0.25,1,30,A2, 
185.5,57,58,0.25,1,30,A3, 
185.75,75,68,0.25,0,30,D#5,Y
185.75,78,70,0.25,0,30,F#5,Y
186,76,69,0.75,0,31,E5, 
186,79,71,0.75,0,31,G5, 
186.25,57,58,0.25,1,31,A3, 
186.5,69,65,0.25,1,31,A4, 
186.75,74,68,0.25,0,31,D5, 
186.75,78,70,0.25,0,31,F#5,Y
187,74,68,0.25,0,31,D5, 
187,78,70,0.25,0,31,F#5,Y
187.25,73,67,0.25,0,31,C#5,Y
187.25,76,69,0.25,0,31,E5, 
187.5,73,67,0.25,0,31,C#5,Y
187.5,76,69,0.25,0,31,E5, 
187.75,71,66,0.25,0,31,B4, 
187.75,74,68,0.25,0,31,D5, 
188,71,66,0.25,0,32,B4, 
188,74,68,0.25,0,32,D5, 
188.25,69,65,0.25,0,32,A4, 
188.25,73,67,0.25,0,32,C#5,Y
188.5,69,65,0.25,0,32,A4, 
188.5,73,67,0.25,0,32,C#5,Y
188.75,67,64,0.25,0,32,G4, 
188.75,71,66,0.25,0,32,B4, 
189,67,64,0.25,0,32,G4, 
189,71,66,0.25,0,32,B4, 
189.25,66,63,0.25,0,32,F#4,Y
189.25,69,65,0.25,0,32,A4, 
189.5,66,63,0.25,0,32,F#4,Y
189.5,69,65,0.25,0,32,A4, 
189.75,64,62,0.25,0,32,E4, 
189.75,67,64,0.25,0,32,G4, 
190,62,61,0.5,0,33,D4, 
190,66,63,0.5,0,33,F#4,Y
190.25,57,58,0.25,1,33,A3, 
190.5,50,54,0.25,1,33,D3, 
190.5,66,63,0.5,0,33,F#4,Y
190.5,71,66,0.5,0,33,B4, 
190.75,57,58,0.25,1,33,A3, 
191,49,53,0.25,1,33,C#3,Y
191,64,62,0.5,0,33,E4, 
191,69,65,0.5,0,33,A4, 
191.25,57,58,0.25,1,33,A3, 
191.5,45,51,0.25,1,33,A2, 
191.5,61,60,0.5,0,33,C#4,Y
191.5,67,64,0.5,0,33,G4, 
191.75,57,58,0.25,1,33,A3, 
192,62,61,0.5,0,34,D4, 
192,66,63,0.5,0,34,F#4,Y
192.25,57,58,0.25,1,34,A3, 
192.5,50,54,0.25,1,34,D3, 
192.5,66,63,0.5,0,34,F#4,Y
192.5,71,66,0.5,0,34,B4, 
192.75,57,58,0.25,1,34,A3, 
193,49,53,0.25,1,34,C#3,Y
193,64,62,0.5,0,34,E4, 
193,69,65,0.5,0,34,A4, 
193.25,57,58,0.25,1,34,A3, 
193.5,45,51,0.25,1,34,A2, 
193.5,61,60,0.5,0,34,C#4,Y
193.5,67,64,0.5,0,34,G4, 
193.75,57,58,0.25,1,34,A3, 
194,50,54,1,1,35,D3, 
194,66,63,0.5,0,35,F#4,Y
194.25,62,61,0.25,0,35,D4, 
194.5,66,63,0.25,0,35,F#4,Y
194.5,71,66,0.5,0,35,B4, 
194.75,62,61,0.25,0,35,D4, 
195,52,55,1,1,35,E3, 
195,61,60,0.25,0,35,C#4,Y
195,69,65,0.5,0,35,A4, 
195.25,64,62,0.25,0,35,E4, 
195.5,59,59,0.25,0,35,B3, 
195.5,68,64,0.5,0,35,G#4,Y
195.75,62,61,0.25,0,35,D4, 
196,57,58,0.25,1,36,A3, 
196,69,65,0.5,0,36,A4, 
196.25,69,65,0.25,1,36,A4, 
196.5,64,62,0.25,1,36,E4, 
196.5,67,64,0.25,1,36,G4, 
196.75,69,65,0.25,1,36,A4, 
197,62,61,0.25,1,36,D4, 
197,66,63,0.25,1,36,F#4,Y
197.25,69,65,0.25,1,36,A4, 
197.5,61,60,0.25,1,36,C#4,Y
197.5,64,62,0.25,1,36,E4, 
197.75,69,65,0.25,1,36,A4, 
198,62,61,0.25,1,37,D4, 
198,66,63,0.25,1,37,F#4,Y
198,78,70,0.5,0,37,F#5,Y
198.25,69,65,0.25,1,37,A4, 
198.5,62,61,0.25,1,37,D4, 
198.5,66,63,0.25,1,37,F#4,Y
198.5,83,73,0.5,0,37,B5, 
198.75,69,65,0.25,1,37,A4, 
199,61,60,0.25,1,37,C#4,Y
199,64,62,0.25,1,37,E4, 
199,81,72,0.5,0,37,A5, 
199.25,69,65,0.25,1,37,A4, 
199.5,57,58,0.25,1,37,A3, 
199.5,64,62,0.25,1,37,E4, 
199.5,73,67,0.5,0,37,C#5,Y
199.5,79,71,0.5,0,37,G5, 
199.75,69,65,0.25,1,37,A4, 
200,62,61,0.25,1,38,D4, 
200,66,63,0.25,1,38,F#4,Y
200,78,70,0.5,0,38,F#5,Y
200.25,69,65,0.25,1,38,A4, 
200.5,62,61,0.25,1,38,D4, 
200.5,66,63,0.25,1,38,F#4,Y
200.5,83,73,0.5,0,38,B5, 
200.75,69,65,0.25,1,38,A4, 
201,61,60,0.25,1,38,C#4,Y
201,64,62,0.25,1,38,E4, 
201,81,72,0.5,0,38,A5, 
201.25,69,65,0.25,1,38,A4, 
201.5,57,58,0.25,1,38,A3, 
201.5,64,62,0.25,1,38,E4, 
201.5,73,67,0.5,0,38,C#5,Y
201.5,79,71,0.5,0,38,G5, 
201.75,69,65,0.25,1,38,A4, 
202,62,61,0.25,1,39,D4, 
202,66,63,0.25,1,39,F#4,Y
202,74,68,0.5,0,39,D5, 
202,78,70,0.5,0,39,F#5,Y
202.25,74,68,0.25,1,39,D5, 
202.5,64,62,0.25,1,39,E4, 
202.5,67,64,0.25,1,39,G4, 
202.5,86,75,1,0,39,D6, 
202.75,74,68,0.25,1,39,D5, 
203,66,63,0.25,1,39,F#4,Y
203,69,65,0.25,1,39,A4, 
203.25,74,68,0.25,1,39,D5, 
203.5,67,64,0.25,1,39,G4, 
203.5,71,66,0.25,1,39,B4, 
203.5,86,75,1,0,39,D6, 
203.75,74,68,0.25,1,39,D5, 
204,69,65,0.25,1,40,A4, 
204,72,67,0.25,1,40,C5, 
204.25,74,68,0.25,1,40,D5, 
204.5,68,64,0.25,1,40,G#4,Y
204.5,71,66,0.25,1,40,B4, 
204.5,86,75,0.5,0,40,D6, 
204.75,74,68,0.25,1,40,D5, 
205,69,65,0.25,1,40,A4, 
205,72,67,0.25,1,40,C5, 
205,86,75,0.5,0,40,D6, 
205.25,74,68,0.25,1,40,D5, 
205.5,66,63,0.25,1,40,F#4,Y
205.5,70,65,0.25,1,40,A#4,Y
205.5,86,75,0.5,0,40,D6, 
205.75,74,68,0.25,1,40,D5, 
206,67,64,0.5,1,41,G4, 
206,71,66,0.5,1,41,B4, 
206,83,73,0.125,0,41,B5, 
206.125,85,74,0.125,0,41,C#6,Y
206.25,83,73,0.125,0,41,B5, 
206.375,82,72,0.125,0,41,A#5,Y
206.5,83,73,0.125,0,41,B5, 
206.625,85,74,0.125,0,41,C#6,Y
206.75,86,75,0.125,0,41,D6, 
206.875,85,74,0.125,0,41,C#6,Y
207,67,64,0.5,1,41,G4, 
207,71,66,0.5,1,41,B4, 
207,74,68,0.5,1,41,D5, 
207,83,73,0.125,0,41,B5, 
207.125,85,74,0.125,0,41,C#6,Y
207.25,83,73,0.125,0,41,B5, 
207.375,82,72,0.125,0,41,A#5,Y
207.5,83,73,0.125,0,41,B5, 
207.625,85,74,0.125,0,41,C#6,Y
207.75,86,75,0.125,0,41,D6, 
207.875,85,74,0.125,0,41,C#6,Y
208,68,64,0.5,1,42,G#4,Y
208,71,66,0.5,1,42,B4, 
208,74,68,0.5,1,42,D5, 
208,77,70,0.5,1,42,F5, 
208,86,75,0.125,0,42,D6, 
208.125,88,76,0.125,0,42,E6, 
208.25,86,75,0.125,0,42,D6, 
208.375,85,74,0.125,0,42,C#6,Y
208.5,86,75,0.125,0,42,D6, 
208.625,88,76,0.125,0,42,E6, 
208.75,89,77,0.125,0,42,F6, 
208.875,88,76,0.125,0,42,E6, 
209,68,64,0.5,1,42,G#4,Y
209,71,66,0.5,1,42,B4, 
209,74,68,0.5,1,42,D5, 
209,77,70,0.5,1,42,F5, 
209,86,75,0.125,0,42,D6, 
209.125,88,76,0.125,0,42,E6, 
209.25,86,75,0.125,0,42,D6, 
209.375,85,74,0.125,0,42,C#6,Y
209.5,86,75,0.125,0,42,D6, 
209.625,88,76,0.125,0,42,E6, 
209.75,89,77,0.125,0,42,F6, 
209.875,88,76,0.125,0,42,E6, 
210,69,65,0.5,1,43,A4, 
210,74,68,0.5,1,43,D5, 
210,78,70,0.5,1,43,F#5,Y
210,86,75,0.125,0,43,D6, 
210.125,88,76,0.125,0,43,E6, 
210.25,86,75,0.125,0,43,D6, 
210.375,85,74,0.125,0,43,C#6,Y
210.5,86,75,0.125,0,43,D6, 
210.625,88,76,0.125,0,43,E6, 
210.75,90,77,0.125,0,43,F#6,Y
210.875,88,76,0.125,0,43,E6, 
211,86,75,0.125,0,43,D6, 
211.125,85,74,0.125,0,43,C#6,Y
211.25,83,73,0.125,0,43,B5, 
211.375,81,72,0.125,0,43,A5, 
211.5,79,71,0.125,0,43,G5, 
211.625,78,70,0.125,0,43,F#5,Y
211.75,76,69,0.125,0,43,E5, 
211.875,74,68,0.125,0,43,D5, 
212,57,58,2,1,44,A3, 
212,69,65,1,1,44,A4, 
212,74,68,1,0,44,D5, 
212,78,70,1,0,44,F#5,Y
213,67,64,1,1,44,G4, 
213,73,67,1,0,44,C#5,Y
213,76,69,1,0,44,E5, 
214,62,61,0.5,1,45,D4, 
214,66,63,0.5,1,45,F#4,Y
214,74,68,0.125,0,45,D5, 
214.125,76,69,0.125,0,45,E5, 
214.25,78,70,0.125,0,45,F#5,Y
214.375,79,71,0.125,0,45,G5, 
214.5,81,72,0.125,0,45,A5, 
214.625,79,71,0.125,0,45,G5, 
214.75,78,70,0.125,0,45,F#5,Y
214.875,76,69,0.125,0,45,E5, 
215,74,68,0.125,0,45,D5, 
215.125,73,67,0.125,0,45,C#5,Y
215.25,71,66,0.125,0,45,B4, 
215.375,69,65,0.125,0,45,A4, 
215.5,67,64,0.125,0,45,G4, 
215.625,66,63,0.125,0,45,F#4,Y
215.75,64,62,0.125,0,45,E4, 
215.875,62,61,0.125,0,45,D4, 
216,45,51,2,1,46,A2, 
216,57,58,1,1,46,A3, 
216,62,61,1,0,46,D4, 
216,66,63,1,0,46,F#4,Y
217,55,57,1,1,46,G3, 
217,61,60,1,0,46,C#4,Y
217,64,62,1,0,46,E4, 
218,50,54,0.5,1,47,D3, 
218,54,56,0.5,1,47,F#3,Y
218,62,61,0.25,0,47,D4, 
218.25,57,58,0.25,0,47,A3, 
218.5,62,61,0.25,0,47,D4, 
218.5,66,63,0.5,0,47,F#4,Y
218.75,57,58,0.25,0,47,A3, 
219,64,62,0.25,0,47,E4, 
219,67,64,0.5,0,47,G4, 
219.25,57,58,0.25,0,47,A3, 
219.5,65,62,0.25,0,47,F4, 
219.5,68,64,0.5,0,47,G#4,Y
219.75,57,58,0.25,0,47,A3, 
220,66,63,2.5,0,48,F#4,Y
220,69,65,2.5,0,48,A4, 
220.25,57,58,0.5,0,48,A3, 
220.5,38,47,0.5,1,48,D2, 
220.75,57,58,0.5,0,48,A3, 
221,42,49,0.5,1,48,F#2,Y
221.25,57,58,0.5,0,48,A3, 
221.5,45,51,0.5,1,48,A2, 
221.75,57,58,0.5,0,48,A3, 
222,50,54,2.5,1,49,D3, 
222.25,57,58,0.25,0,49,A3, 
222.5,62,61,0.25,0,49,D4, 
222.5,66,63,0.5,0,49,F#4,Y
222.75,57,58,0.25,0,49,A3, 
223,67,64,0.25,0,49,G4, 
223,71,66,0.5,0,49,B4, 
223.25,57,58,0.25,0,49,A3, 
223.5,66,63,0.25,0,49,F#4,Y
223.5,69,65,0.5,0,49,A4, 
223.75,57,58,0.25,0,49,A3, 
224,64,62,2.5,0,50,E4, 
224,67,64,2.5,0,50,G4, 
224.25,57,58,0.5,0,50,A3, 
224.5,50,54,0.5,1,50,D3, 
224.75,57,58,0.5,0,50,A3, 
225,49,53,0.5,1,50,C#3,Y
225.25,57,58,0.5,0,50,A3, 
225.5,47,52,0.5,1,50,B2, 
225.75,57,58,0.5,0,50,A3, 
226,49,53,1,1,51,C#3,Y
226.25,57,58,0.25,0,51,A3, 
226.5,64,62,0.25,0,51,E4, 
226.5,67,64,0.5,0,51,G4, 
226.75,57,58,0.25,0,51,A3, 
227,45,51,1.5,1,51,A2, 
227,66,63,0.25,0,51,F#4,Y
227,69,65,0.5,0,51,A4, 
227.25,57,58,0.25,0,51,A3, 
227.5,64,62,0.25,0,51,E4, 
227.5,67,64,0.5,0,51,G4, 
227.75,57,58,0.25,0,51,A3, 
228,62,61,2.5,0,52,D4, 
228,66,63,2.5,0,52,F#4,Y
228.25,57,58,0.25,0,52,A3, 
228.5,46,51,0.5,1,52,A#2,Y
228.75,58,58,0.25,0,52,A#3,Y
229,47,52,0.5,1,52,B2, 
229.25,59,59,0.25,0,52,B3, 
229.5,42,49,0.5,1,52,F#2,Y
229.75,54,56,0.25,0,52,F#3,Y
230,43,50,0.5,1,53,G2, 
230.25,55,57,0.25,0,53,G3, 
230.5,44,50,0.5,1,53,G#2,Y
230.5,62,61,0.25,0,53,D4, 
230.5,64,62,0.5,0,53,E4, 
230.75,56,57,0.25,0,53,G#3,Y
231,45,51,1.5,1,53,A2, 
231,62,61,0.25,0,53,D4, 
231,64,62,0.5,0,53,E4, 
231.25,57,58,0.25,0,53,A3, 
231.5,61,60,0.25,0,53,C#4,Y
231.5,67,64,0.5,0,53,G4, 
231.75,57,58,0.25,0,53,A3, 
232,62,61,2.5,0,54,D4, 
232,66,63,2.5,0,54,F#4,Y
232.25,57,58,0.25,0,54,A3, 
232.5,46,51,0.5,1,54,A#2,Y
232.75,58,58,0.25,0,54,A#3,Y
233,47,52,0.5,1,54,B2, 
233.25,59,59,0.25,0,54,B3, 
233.5,42,49,0.5,1,54,F#2,Y
233.75,54,56,0.25,0,54,F#3,Y
234,43,50,0.5,1,55,G2, 
234.25,55,57,0.25,0,55,G3, 
234.5,44,50,0.5,1,55,G#2,Y
234.5,62,61,0.25,0,55,D4, 
234.5,64,62,0.5,0,55,E4, 
234.75,56,57,0.25,0,55,G#3,Y
235,45,51,1.5,1,55,A2, 
235,62,61,0.25,0,55,D4, 
235,64,62,0.5,0,55,E4, 
235.25,57,58,0.25,0,55,A3, 
235.5,61,60,0.25,0,55,C#4,Y
235.5,67,64,0.5,0,55,G4, 
235.75,57,58,0.25,0,55,A3, 
236,62,61,2.5,0,56,D4, 
236,66,63,2.5,0,56,F#4,Y
236.25,57,58,0.25,0,56,A3, 
236.5,46,51,0.5,1,56,A#2,Y
236.75,58,58,0.25,0,56,A#3,Y
237,47,52,0.5,1,56,B2, 
237.25,59,59,0.25,0,56,B3, 
237.5,48,53,0.5,1,56,C3, 
237.75,60,60,0.25,0,56,C4, 
238,47,52,0.5,1,57,B2, 
238.25,59,59,0.25,0,57,B3, 
238.5,43,50,0.5,1,57,G2, 
238.5,64,62,0.25,0,57,E4, 
238.5,67,64,0.5,0,57,G4, 
238.75,59,59,0.25,0,57,B3, 
239,45,51,0.5,1,57,A2, 
239,62,61,0.25,0,57,D4, 
239,66,63,0.5,0,57,F#4,Y
239.25,57,58,0.25,0,57,A3, 
239.5,33,44,0.5,1,57,A1, 
239.5,61,60,0.25,0,57,C#4,Y
239.5,64,62,0.5,0,57,E4, 
239.75,55,57,0.25,0,57,G3, 
240,38,47,4,1,58,D2, 
240,54,56,0.25,0,58,F#3,Y
240,62,61,1.5,0,58,D4, 
240.25,57,58,0.25,0,58,A3, 
240.5,54,56,0.25,0,58,F#3,Y
240.75,57,58,0.25,0,58,A3, 
241,54,56,0.25,0,58,F#3,Y
241.25,57,58,0.25,0,58,A3, 
241.5,50,54,0.5,1,58,D3, 
241.5,55,57,0.25,0,58,G3, 
241.5,64,62,0.5,0,58,E4, 
241.75,61,60,0.25,0,58,C#4,Y
242,50,54,1.5,1,59,D3, 
242,57,58,0.25,0,59,A3, 
242,66,63,1.5,0,59,F#4,Y
242.25,62,61,0.25,0,59,D4, 
242.5,57,58,0.25,0,59,A3, 
242.75,62,61,0.25,0,59,D4, 
243,57,58,0.25,0,59,A3, 
243.25,62,61,0.25,0,59,D4, 
243.5,50,54,0.5,1,59,D3, 
243.5,55,57,0.25,0,59,G3, 
243.5,64,62,0.5,0,59,E4, 
243.75,61,60,0.25,0,59,C#4,Y
244,50,54,1.5,1,60,D3, 
244,54,56,0.25,1,60,F#3,Y
244,62,61,1.5,0,60,D4, 
244.25,57,58,0.25,1,60,A3, 
244.5,54,56,0.25,1,60,F#3,Y
244.75,57,58,0.25,1,60,A3, 
245,54,56,0.25,1,60,F#3,Y
245.25,57,58,0.25,1,60,A3, 
245.5,50,54,1,1,60,D3, 
245.5,55,57,0.25,1,60,G3, 
245.5,64,62,0.5,0,60,E4, 
245.5,73,67,0.5,0,60,C#5,Y
245.75,57,58,0.25,1,60,A3, 
246,54,56,0.25,1,61,F#3,Y
246,62,61,0.5,0,61,D4, 
246,74,68,0.5,0,61,D5, 
246.25,57,58,0.25,1,61,A3, 
246.5,50,54,1,1,61,D3, 
246.5,55,57,0.25,1,61,G3, 
246.5,64,62,0.5,0,61,E4, 
246.5,73,67,0.5,0,61,C#5,Y
246.75,57,58,0.25,1,61,A3, 
247,54,56,0.25,1,61,F#3,Y
247,62,61,0.5,0,61,D4, 
247,74,68,0.5,0,61,D5, 
247.25,57,58,0.25,1,61,A3, 
247.5,50,54,0.5,1,61,D3, 
247.5,55,57,0.25,1,61,G3, 
247.5,64,62,0.25,0,61,E4, 
247.5,73,67,0.25,0,61,C#5,Y
247.75,57,58,0.25,1,61,A3, 
248,50,54,2.5,1,62,D3, 
248,57,58,2.5,1,62,A3, 
248,61,60,2,1,62,C#4,Y
248,67,64,2,0,62,G4, 
248,76,69,2,0,62,E5, 
250,62,61,0.5,1,63,D4, 
250,66,63,0.5,0,63,F#4,Y
250,74,68,0.5,0,63,D5, 
251.25,62,61,0.25,0,63,D4, 
251.5,74,68,0.25,0,63,D5, 
251.75,69,65,0.25,0,63,A4, 
252,70,66,0.25,0,64,A#4,Y
252.25,66,63,0.25,0,64,F#4,Y
252.5,43,50,1.5,1,64,G2, 
252.5,67,64,0.75,0,64,G4, 
252.75,46,52,1.25,1,64,A#2,Y
253,50,54,1,1,64,D3, 
253.25,62,61,0.25,0,64,D4, 
253.5,74,68,0.25,0,64,D5, 
253.75,69,65,0.25,0,64,A4, 
254,70,66,0.25,0,65,A#4,Y
254.25,66,63,0.25,0,65,F#4,Y
254.5,55,57,1.5,1,65,G3, 
254.5,67,64,0.75,0,65,G4, 
254.75,58,59,1.25,1,65,A#3,Y
255,62,61,1,1,65,D4, 
255.25,67,64,0.25,0,65,G4, 
255.5,79,71,0.25,0,65,G5, 
255.75,74,68,0.25,0,65,D5, 
256,75,69,0.25,0,66,D#5,Y
256.25,71,66,0.25,0,66,B4, 
256.5,43,50,1.5,1,66,G2, 
256.5,72,67,0.75,0,66,C5, 
256.75,48,53,1.25,1,66,C3, 
257,51,55,1,1,66,D#3,Y
257.25,67,64,0.25,0,66,G4, 
257.5,79,71,0.25,0,66,G5, 
257.75,74,68,0.25,0,66,D5, 
258,75,69,0.25,0,67,D#5,Y
258.25,71,66,0.25,0,67,B4, 
258.5,55,57,2,1,67,G3, 
258.5,72,67,0.75,0,67,C5, 
258.75,60,60,2,1,67,C4, 
259,63,62,1.5,1,67,D#4,Y
259.25,86,75,0.25,0,67,D6, 
259.5,87,76,0.25,0,67,D#6,Y
259.75,83,73,0.25,0,67,B5, 
260,84,74,0.5,0,68,C6, 
260.5,54,56,2,1,68,F#3,Y
260.75,60,60,2,1,68,C4, 
261,63,62,1.5,1,68,D#4,Y
261.25,74,68,0.25,0,68,D5, 
261.5,75,69,0.25,0,68,D#5,Y
261.75,71,66,0.25,0,68,B4, 
262,72,67,0.5,0,69,C5, 
262.5,53,56,1.75,1,69,F3, 
262.75,60,60,1.5,1,69,C4, 
263,63,62,1.25,1,69,D#4,Y
263.25,86,75,0.25,0,69,D6, 
263.5,87,76,0.25,0,69,D#6,Y
263.75,83,73,0.25,0,69,B5, 
264,84,74,0.5,0,70,C6, 
264.25,53,56,0.25,1,70,F3, 
264.5,63,62,0.25,1,70,D#4,Y
264.75,59,59,0.25,1,70,B3, 
265,60,60,0.25,1,70,C4, 
265.25,56,57,0.25,1,70,G#3,Y
265.25,65,63,0.25,0,70,F4, 
265.5,57,58,0.75,1,70,A3, 
265.5,75,69,0.25,0,70,D#5,Y
265.75,71,66,0.25,0,70,B4, 
266,72,67,0.25,0,71,C5, 
266.25,53,56,0.25,1,71,F3, 
266.25,68,64,0.25,0,71,G#4,Y
266.5,63,62,0.25,1,71,D#4,Y
266.5,69,65,0.75,0,71,A4, 
266.75,59,59,0.25,1,71,B3, 
267,60,60,0.25,1,71,C4, 
267.25,56,57,0.25,1,71,G#3,Y
267.25,65,63,0.25,0,71,F4, 
267.5,57,58,0.75,1,71,A3, 
267.5,75,69,0.25,0,71,D#5,Y
267.75,71,66,0.25,0,71,B4, 
268,72,67,0.25,0,72,C5, 
268.25,53,56,0.25,1,72,F3, 
268.25,68,64,0.25,0,72,G#4,Y
268.5,63,62,0.25,1,72,D#4,Y
268.5,69,65,0.5,0,72,A4, 
268.75,59,59,0.25,1,72,B3, 
269,60,60,0.25,1,72,C4, 
269.25,56,57,0.25,1,72,G#3,Y
269.5,57,58,0.25,1,72,A3, 
269.75,52,55,0.25,1,72,E3, 
270,53,56,0.25,1,73,F3, 
270.25,54,56,0.25,1,73,F#3,Y
270.5,55,57,0.25,1,73,G3, 
270.75,51,55,0.25,1,73,D#3,Y
271,53,56,0.25,1,73,F3, 
271.25,50,54,0.25,1,73,D3, 
271.5,51,55,0.25,1,73,D#3,Y
271.75,48,53,0.25,1,73,C3, 
272,74,68,0.75,0,74,D5, 
272,77,70,0.75,0,74,F5, 
272.25,46,52,0.25,1,74,A#2,Y
272.5,58,59,0.25,1,74,A#3,Y
272.75,73,67,0.25,0,74,C#5,Y
272.75,76,69,0.25,0,74,E5, 
273,74,68,0.75,0,74,D5, 
273,77,70,0.75,0,74,F5, 
273.25,58,59,0.25,1,74,A#3,Y
273.5,70,66,0.25,1,74,A#4,Y
273.75,73,67,0.25,0,74,C#5,Y
273.75,76,69,0.25,0,74,E5, 
274,74,68,0.75,0,75,D5, 
274,77,70,0.75,0,75,F5, 
274.25,70,66,0.25,1,75,A#4,Y
274.5,82,73,0.25,1,75,A#5,Y
274.75,72,67,0.25,0,75,C5, 
274.75,75,69,0.25,0,75,D#5,Y
275,72,67,0.25,0,75,C5, 
275,75,69,0.25,0,75,D#5,Y
275.25,70,66,0.25,0,75,A#4,Y
275.25,74,68,0.25,0,75,D5, 
275.5,70,66,0.25,0,75,A#4,Y
275.5,74,68,0.25,0,75,D5, 
275.75,69,65,0.25,0,75,A4, 
275.75,72,67,0.25,0,75,C5, 
276,69,65,0.25,0,76,A4, 
276,72,67,0.25,0,76,C5, 
276.25,67,64,0.25,0,76,G4, 
276.25,70,66,0.25,0,76,A#4,Y
276.5,67,64,0.25,0,76,G4, 
276.5,70,66,0.25,0,76,A#4,Y
276.75,65,63,0.25,0,76,F4, 
276.75,69,65,0.25,0,76,A4, 
277,65,63,0.25,0,76,F4, 
277,69,65,0.25,0,76,A4, 
277.25,63,62,0.25,0,76,D#4,Y
277.25,67,64,0.25,0,76,G4, 
277.5,63,62,0.25,0,76,D#4,Y
277.5,67,64,0.25,0,76,G4, 
277.75,62,61,0.25,0,76,D4, 
277.75,65,63,0.25,0,76,F4, 
278,59,59,1,0,77,B3, 
278,62,61,1,0,77,D4, 
278.5,41,49,0.5,1,77,F2, 
279,41,49,0.5,1,77,F2, 
279,60,60,0.5,0,77,C4, 
279,63,62,0.5,0,77,D#4,Y
279.5,41,49,0.5,1,77,F2, 
280,72,67,0.75,0,78,C5, 
280,75,69,0.75,0,78,D#5,Y
280.25,41,49,0.25,1,78,F2, 
280.5,53,56,0.25,1,78,F3, 
280.75,71,66,0.25,0,78,B4, 
280.75,74,68,0.25,0,78,D5, 
281,72,67,0.75,0,78,C5, 
281,75,69,0.75,0,78,D#5,Y
281.25,53,56,0.25,1,78,F3, 
281.5,65,63,0.25,1,78,F4, 
281.75,71,66,0.25,0,78,B4, 
281.75,74,68,0.25,0,78,D5, 
282,72,67,0.75,0,79,C5, 
282,75,69,0.75,0,79,D#5,Y
282.25,54,56,0.25,1,79,F#3,Y
282.5,66,63,0.25,1,79,F#4,Y
282.75,71,66,0.25,0,79,B4, 
282.75,74,68,0.25,0,79,D5, 
283,72,67,0.75,0,79,C5, 
283,75,68,0.75,0,79,D#5,Y
283.25,54,56,0.25,1,79,F#3,Y
283.5,66,63,0.25,1,79,F#4,Y
283.75,71,66,0.25,0,79,B4, 
283.75,74,68,0.25,0,79,D5, 
284,72,67,0.75,0,80,C5, 
284,75,69,0.75,0,80,D#5,Y
284.25,55,57,0.25,1,80,G3, 
284.5,67,64,0.25,1,80,G4, 
284.75,71,66,0.25,0,80,B4, 
284.75,74,68,0.25,0,80,D5, 
285,72,67,0.75,0,80,C5, 
285,75,69,0.75,0,80,D#5,Y
285.25,55,57,0.25,1,80,G3, 
285.5,67,64,0.25,1,80,G4, 
285.75,71,66,0.25,0,80,B4, 
285.75,74,68,0.25,0,80,D5, 
286,44,51,1.25,1,81,G#2,Y
286,56,58,1.25,1,81,G#3,Y
286,75,69,0.16667,0,81,D#5,Y
286.16667,72,67,0.16667,0,81,C5, 
286.33333,63,62,0.16667,0,81,D#4,Y
286.5,75,69,0.16667,0,81,D#5,Y
286.66667,72,67,0.16667,0,81,C5, 
286.83333,63,62,0.16667,0,81,D#4,Y
287,75,69,0.16667,0,81,D#5,Y
287.16667,72,67,0.16667,0,81,C5, 
287.25,50,54,0.25,1,81,D3, 
287.33333,63,62,0.16667,0,81,D#4,Y
287.5,51,55,0.25,1,81,D#3,Y
287.5,75,69,0.16667,0,81,D#5,Y
287.66667,72,67,0.16667,0,81,C5, 
287.75,47,52,0.25,1,81,B2, 
287.83333,63,62,0.16667,0,81,D#4,Y
288,48,53,0.25,1,82,C3, 
288,75,69,0.16667,0,82,D#5,Y
288.16667,72,67,0.16667,0,82,C5, 
288.25,43,50,0.25,1,82,G2, 
288.33333,63,62,0.16667,0,82,D#4,Y
288.5,44,51,0.75,1,82,G#2,Y
288.5,75,69,0.16667,0,82,D#5,Y
288.66667,72,67,0.16667,0,82,C5, 
288.83333,63,62,0.16667,0,82,D#4,Y
289,75,69,0.16667,0,82,D#5,Y
289.16667,72,67,0.16667,0,82,C5, 
289.25,50,54,0.25,1,82,D3, 
289.33333,63,62,0.16667,0,82,D#4,Y
289.5,51,55,0.25,1,82,D#3,Y
289.5,75,69,0.16667,0,82,D#5,Y
289.66667,72,67,0.16667,0,82,C5, 
289.75,47,52,0.25,1,82,B2, 
289.83333,63,62,0.16667,0,82,D#4,Y
290,48,53,0.25,1,83,C3, 
290,75,69,0.16667,0,83,D#5,Y
290.16667,72,67,0.16667,0,83,C5, 
290.25,43,50,0.25,1,83,G2, 
290.33333,63,62,0.16667,0,83,D#4,Y
290.5,44,51,0.75,1,83,G#2,Y
290.5,75,69,0.16667,0,83,D#5,Y
290.66667,72,67,0.16667,0,83,C5, 
290.83333,63,62,0.16667,0,83,D#4,Y
291,75,69,0.16667,0,83,D#5,Y
291.16667,72,67,0.16667,0,83,C5, 
291.25,48,53,0.25,1,83,C3, 
291.33333,63,62,0.16667,0,83,D#4,Y
291.5,44,51,0.25,1,83,G#2,Y
291.5,75,69,0.16667,0,83,D#5,Y
291.66667,72,67,0.16667,0,83,C5, 
291.75,43,50,0.25,1,83,G2, 
291.83333,63,62,0.16667,0,83,D#4,Y
292,42,49,0.25,1,84,F#2,Y
292,74,68,0.16667,0,84,D5, 
292.16667,72,67,0.16667,0,84,C5, 
292.25,38,47,0.25,1,84,D2, 
292.33333,62,61,0.16667,0,84,D4, 
292.5,42,49,0.25,1,84,F#2,Y
292.5,74,68,0.16667,0,84,D5, 
292.66667,72,67,0.16667,0,84,C5, 
292.75,45,51,0.25,1,84,A2, 
292.83333,62,61,0.16667,0,84,D4, 
293,50,54,0.25,1,84,D3, 
293,74,68,0.16667,0,84,D5, 
293.16667,72,67,0.16667,0,84,C5, 
293.25,52,55,0.25,1,84,E3, 
293.33333,62,61,0.16667,0,84,D4, 
293.5,54,56,0.25,1,84,F#3,Y
293.5,74,68,0.16667,0,84,D5, 
293.66667,72,67,0.16667,0,84,C5, 
293.75,55,57,0.25,1,84,G3, 
293.83333,62,61,0.16667,0,84,D4, 
294,57,58,0.25,1,85,A3, 
294,74,68,0.16667,0,85,D5, 
294.16667,72,67,0.16667,0,85,C5, 
294.25,55,57,0.25,1,85,G3, 
294.33333,62,61,0.16667,0,85,D4, 
294.5,54,56,0.25,1,85,F#3,Y
294.5,74,68,0.16667,0,85,D5, 
294.66667,72,67,0.16667,0,85,C5, 
294.75,51,55,0.25,1,85,D#3,Y
294.83333,62,61,0.16667,0,85,D4, 
295,50,54,0.25,1,85,D3, 
295,74,68,0.16667,0,85,D5, 
295.16667,72,67,0.16667,0,85,C5, 
295.25,48,53,0.25,1,85,C3, 
295.33333,62,61,0.16667,0,85,D4, 
295.5,46,52,0.25,1,85,A#2,Y
295.5,74,68,0.16667,0,85,D5, 
295.66667,72,67,0.16667,0,85,C5, 
295.75,45,51,0.25,1,85,A2, 
295.83333,62,61,0.16667,0,85,D4, 
296,43,50,1.25,1,86,G2, 
296,74,68,0.16667,0,86,D5, 
296.16667,70,66,0.16667,0,86,A#4,Y
296.33333,62,61,0.16667,0,86,D4, 
296.5,74,68,0.16667,0,86,D5, 
296.66667,70,66,0.16667,0,86,A#4,Y
296.83333,67,64,0.16667,0,86,G4, 
297,74,68,0.16667,0,86,D5, 
297.16667,70,66,0.16667,0,86,A#4,Y
297.25,61,60,0.25,1,86,C#4,Y
297.33333,67,64,0.16667,0,86,G4, 
297.5,62,61,0.25,1,86,D4, 
297.5,74,68,0.16667,0,86,D5, 
297.66667,70,66,0.16667,0,86,A#4,Y
297.75,57,58,0.25,1,86,A3, 
297.83333,67,64,0.16667,0,86,G4, 
298,58,59,0.25,1,87,A#3,Y
298,74,68,0.16667,0,87,D5, 
298.16667,70,66,0.16667,0,87,A#4,Y
298.25,54,56,0.25,1,87,F#3,Y
298.33333,67,64,0.16667,0,87,G4, 
298.5,55,57,0.75,1,87,G3, 
298.5,74,68,0.16667,0,87,D5, 
298.66667,70,66,0.16667,0,87,A#4,Y
298.83333,67,64,0.16667,0,87,G4, 
299,74,68,0.16667,0,87,D5, 
299.16667,70,66,0.16667,0,87,A#4,Y
299.25,61,60,0.25,1,87,C#4,Y
299.33333,67,64,0.16667,0,87,G4, 
299.5,62,61,0.25,1,87,D4, 
299.5,74,68,0.16667,0,87,D5, 
299.66667,70,66,0.16667,0,87,A#4,Y
299.75,57,58,0.25,1,87,A3, 
299.83333,67,64,0.16667,0,87,G4, 
300,58,59,0.25,1,88,A#3,Y
300,74,68,0.16667,0,88,D5, 
300.16667,70,66,0.16667,0,88,A#4,Y
300.25,54,56,0.25,1,88,F#3,Y
300.33333,67,64,0.16667,0,88,G4, 
300.5,55,57,0.75,1,88,G3, 
300.5,74,68,0.16667,0,88,D5, 
300.66667,70,66,0.16667,0,88,A#4,Y
300.83333,67,64,0.16667,0,88,G4, 
301,74,68,0.16667,0,88,D5, 
301.16667,70,66,0.16667,0,88,A#4,Y
301.25,58,59,0.25,1,88,A#3,Y
301.33333,67,64,0.16667,0,88,G4, 
301.5,55,57,0.25,1,88,G3, 
301.5,74,68,0.16667,0,88,D5, 
301.66667,70,66,0.16667,0,88,A#4,Y
301.75,53,56,0.25,1,88,F3, 
301.83333,67,64,0.16667,0,88,G4, 
302,52,55,0.25,1,89,E3, 
302,72,67,0.16667,0,89,C5, 
302.16667,70,66,0.16667,0,89,A#4,Y
302.25,48,53,0.25,1,89,C3, 
302.33333,67,64,0.16667,0,89,G4, 
302.5,52,55,0.25,1,89,E3, 
302.5,72,67,0.16667,0,89,C5, 
302.66667,70,66,0.16667,0,89,A#4,Y
302.75,55,57,0.25,1,89,G3, 
302.83333,67,64,0.16667,0,89,G4, 
303,60,60,0.25,1,89,C4, 
303,72,67,0.16667,0,89,C5, 
303.16667,70,66,0.16667,0,89,A#4,Y
303.25,62,61,0.25,1,89,D4, 
303.33333,67,64,0.16667,0,89,G4, 
303.5,64,62,0.25,1,89,E4, 
303.5,72,67,0.16667,0,89,C5, 
303.66667,70,66,0.16667,0,89,A#4,Y
303.75,65,63,0.25,1,89,F4, 
303.83333,67,64,0.16667,0,89,G4, 
304,67,64,0.25,1,90,G4, 
304,72,67,0.16667,0,90,C5, 
304.16667,70,66,0.16667,0,90,A#4,Y
304.25,65,63,0.25,1,90,F4, 
304.33333,67,64,0.16667,0,90,G4, 
304.5,64,62,0.25,1,90,E4, 
304.5,76,69,0.16667,0,90,E5, 
304.66667,70,66,0.16667,0,90,A#4,Y
304.75,61,61,0.25,1,90,C#4,Y
304.83333,67,64,0.16667,0,90,G4, 
305,60,60,0.25,1,90,C4, 
305,76,69,0.16667,0,90,E5, 
305.16667,70,66,0.16667,0,90,A#4,Y
305.25,58,59,0.25,1,90,A#3,Y
305.33333,67,64,0.16667,0,90,G4, 
305.5,56,58,0.25,1,90,G#3,Y
305.5,76,69,0.16667,0,90,E5, 
305.66667,70,66,0.16667,0,90,A#4,Y
305.75,55,57,0.25,1,90,G3, 
305.83333,67,64,0.16667,0,90,G4, 
306,53,56,0.25,1,91,F3, 
306,77,70,0.16667,0,91,F5, 
306.16667,68,65,0.16667,0,91,G#4,Y
306.25,41,49,0.25,1,91,F2, 
306.33333,65,63,0.16667,0,91,F4, 
306.5,44,51,0.25,1,91,G#2,Y
306.5,77,70,0.16667,0,91,F5, 
306.66667,68,65,0.16667,0,91,G#4,Y
306.75,48,53,0.25,1,91,C3, 
306.83333,65,63,0.16667,0,91,F4, 
307,53,56,0.25,1,91,F3, 
307,77,70,0.16667,0,91,F5, 
307.16667,68,65,0.16667,0,91,G#4,Y
307.25,55,57,0.25,1,91,G3, 
307.33333,65,63,0.16667,0,91,F4, 
307.5,56,58,0.25,1,91,G#3,Y
307.5,77,70,0.16667,0,91,F5, 
307.66667,68,65,0.16667,0,91,G#4,Y
307.75,58,59,0.25,1,91,A#3,Y
307.83333,65,63,0.16667,0,91,F4, 
308,60,60,0.25,1,92,C4, 
308,77,70,0.16667,0,92,F5, 
308.16667,69,65,0.16667,0,92,A4, 
308.25,58,59,0.25,1,92,A#3,Y
308.33333,65,63,0.16667,0,92,F4, 
308.5,57,58,0.25,1,92,A3, 
308.5,75,69,0.16667,0,92,D#5,Y
308.66667,69,65,0.16667,0,92,A4, 
308.75,55,57,0.25,1,92,G3, 
308.83333,65,63,0.16667,0,92,F4, 
309,53,56,0.25,1,92,F3, 
309,75,69,0.16667,0,92,D#5,Y
309.16667,69,65,0.16667,0,92,A4, 
309.25,51,55,0.25,1,92,D#3,Y
309.33333,65,63,0.16667,0,92,F4, 
309.5,50,54,0.25,1,92,D3, 
309.5,75,69,0.16667,0,92,D#5,Y
309.66667,69,65,0.16667,0,92,A4, 
309.75,48,53,0.25,1,92,C3, 
309.83333,65,63,0.16667,0,92,F4, 
310,46,52,0.25,1,93,A#2,Y
310,75,69,0.16667,0,93,D#5,Y
310.16667,70,66,0.16667,0,93,A#4,Y
310.25,34,45,0.25,1,93,A#1,Y
310.33333,65,63,0.16667,0,93,F4, 
310.5,38,47,0.25,1,93,D2, 
310.5,74,68,0.16667,0,93,D5, 
310.66667,70,66,0.16667,0,93,A#4,Y
310.75,41,49,0.25,1,93,F2, 
310.83333,65,63,0.16667,0,93,F4, 
311,46,52,0.25,1,93,A#2,Y
311,74,68,0.16667,0,93,D5, 
311.16667,70,66,0.16667,0,93,A#4,Y
311.25,48,53,0.25,1,93,C3, 
311.33333,65,63,0.16667,0,93,F4, 
311.5,50,54,0.25,1,93,D3, 
311.5,74,68,0.16667,0,93,D5, 
311.66667,70,66,0.16667,0,93,A#4,Y
311.75,51,55,0.25,1,93,D#3,Y
311.83333,65,63,0.16667,0,93,F4, 
312,53,56,0.25,1,94,F3, 
312,74,68,0.16667,0,94,D5, 
312.16667,70,66,0.16667,0,94,A#4,Y
312.25,51,55,0.25,1,94,D#3,Y
312.33333,65,63,0.16667,0,94,F4, 
312.5,50,54,0.25,1,94,D3, 
312.5,74,68,0.16667,0,94,D5, 
312.66667,70,66,0.16667,0,94,A#4,Y
312.75,48,53,0.25,1,94,C3, 
312.83333,65,63,0.16667,0,94,F4, 
313,46,52,0.25,1,94,A#2,Y
313,74,68,0.16667,0,94,D5, 
313.16667,70,66,0.16667,0,94,A#4,Y
313.25,48,53,0.25,1,94,C3, 
313.33333,65,63,0.16667,0,94,F4, 
313.5,50,54,0.25,1,94,D3, 
313.5,74,68,0.16667,0,94,D5, 
313.66667,70,66,0.16667,0,94,A#4,Y
313.75,51,55,0.25,1,94,D#3,Y
313.83333,65,63,0.16667,0,94,F4, 
314,53,56,0.25,1,95,F3, 
314,74,68,0.16667,0,95,D5, 
314.16667,70,66,0.16667,0,95,A#4,Y
314.25,51,55,0.25,1,95,D#3,Y
314.33333,65,63,0.16667,0,95,F4, 
314.5,50,54,0.25,1,95,D3, 
314.5,77,70,0.16667,0,95,F5, 
314.66667,74,68,0.16667,0,95,D5, 
314.75,48,53,0.25,1,95,C3, 
314.83333,70,66,0.16667,0,95,A#4,Y
315,46,52,0.25,1,95,A#2,Y
315,77,70,0.16667,0,95,F5, 
315.16667,74,68,0.16667,0,95,D5, 
315.25,48,53,0.25,1,95,C3, 
315.33333,70,66,0.16667,0,95,A#4,Y
315.5,50,54,0.25,1,95,D3, 
315.5,77,70,0.16667,0,95,F5, 
315.66667,74,68,0.16667,0,95,D5, 
315.75,51,55,0.25,1,95,D#3,Y
315.83333,70,66,0.16667,0,95,A#4,Y
316,53,56,0.25,1,96,F3, 
316,77,70,0.16667,0,96,F5, 
316.16667,74,68,0.16667,0,96,D5, 
316.25,51,55,0.25,1,96,D#3,Y
316.33333,70,66,0.16667,0,96,A#4,Y
316.5,50,54,0.25,1,96,D3, 
316.5,80,72,0.16667,0,96,G#5,Y
316.66667,74,68,0.16667,0,96,D5, 
316.75,48,53,0.25,1,96,C3, 
316.83333,70,66,0.16667,0,96,A#4,Y
317,46,52,0.25,1,96,A#2,Y
317,80,72,0.16667,0,96,G#5,Y
317.16667,74,68,0.16667,0,96,D5, 
317.25,48,53,0.25,1,96,C3, 
317.33333,70,66,0.16667,0,96,A#4,Y
317.5,50,54,0.25,1,96,D3, 
317.5,80,72,0.16667,0,96,G#5,Y
317.66667,74,68,0.16667,0,96,D5, 
317.75,51,55,0.25,1,96,D#3,Y
317.83333,70,66,0.16667,0,96,A#4,Y
318,53,56,0.25,1,97,F3, 
318,80,72,0.16667,0,97,G#5,Y
318.16667,74,68,0.16667,0,97,D5, 
318.25,55,57,0.25,1,97,G3, 
318.33333,70,66,0.16667,0,97,A#4,Y
318.5,46,52,0.5,1,97,A#2,Y
318.5,56,58,0.25,1,97,G#3,Y
318.5,77,70,0.16667,0,97,F5, 
318.66667,74,68,0.16667,0,97,D5, 
318.75,55,57,0.25,1,97,G3, 
318.83333,70,66,0.16667,0,97,A#4,Y
319,46,52,0.5,1,97,A#2,Y
319,56,58,0.25,1,97,G#3,Y
319,77,70,0.16667,0,97,F5, 
319.16667,74,68,0.16667,0,97,D5, 
319.25,55,57,0.25,1,97,G3, 
319.33333,70,66,0.16667,0,97,A#4,Y
319.5,46,52,0.5,1,97,A#2,Y
319.5,56,58,0.25,1,97,G#3,Y
319.5,77,70,0.16667,0,97,F5, 
319.66667,74,68,0.16667,0,97,D5, 
319.75,55,57,0.25,1,97,G3, 
319.83333,70,66,0.16667,0,97,A#4,Y
320,46,52,1,1,98,A#2,Y
320,56,58,1,1,98,G#3,Y
320,70,66,1,0,98,A#4,Y
320,74,68,1,0,98,D5, 
320,77,70,1,0,98,F5, 
321.25,70,66,0.25,0,98,A#4,Y
321.5,82,73,0.25,0,98,A#5,Y
321.75,78,70,0.25,0,98,F#5,Y
322,79,71,0.25,0,99,G5, 
322.25,74,68,0.25,0,99,D5, 
322.5,51,55,1.5,1,99,D#3,Y
322.5,75,69,0.75,0,99,D#5,Y
322.75,55,57,1.25,1,99,G3, 
323,58,59,1,1,99,A#3,Y
323.25,70,66,0.25,0,99,A#4,Y
323.5,82,73,0.25,0,99,A#5,Y
323.75,78,70,0.25,0,99,F#5,Y
324,79,71,0.25,0,100,G5, 
324.25,74,68,0.25,0,100,D5, 
324.5,63,62,1.5,1,100,D#4,Y
324.5,75,69,0.75,0,100,D#5,Y
324.75,67,64,1.25,1,100,G4, 
325,70,66,1,1,100,A#4,Y
325.25,72,67,0.25,0,100,C5, 
325.5,84,74,0.25,0,100,C6, 
325.75,79,71,0.25,0,100,G5, 
326,80,72,0.25,0,101,G#5,Y
326.25,76,69,0.25,0,101,E5, 
326.5,51,55,1.5,1,101,D#3,Y
326.5,77,70,0.75,0,101,F5, 
326.75,56,58,1.25,1,101,G#3,Y
327,60,60,1,1,101,C4, 
327.25,72,67,0.25,0,101,C5, 
327.5,84,74,0.25,0,101,C6, 
327.75,79,71,0.25,0,101,G5, 
328,80,72,0.25,0,102,G#5,Y
328.25,76,69,0.25,0,102,E5, 
328.5,63,62,1.5,1,102,D#4,Y
328.5,77,70,0.75,0,102,F5, 
328.75,68,65,1.25,1,102,G#4,Y
329,72,67,1,1,102,C5, 
329.25,77,70,0.25,0,102,F5, 
329.5,89,77,0.25,0,102,F6, 
329.75,89,77,0.25,0,102,F6, 
330,89,77,0.75,0,103,F6, 
330.25,62,61,0.25,1,103,D4, 
330.5,65,63,0.25,1,103,F4, 
330.75,70,66,0.25,1,103,A#4,Y
330.75,87,76,0.25,0,103,D#6,Y
331,86,75,0.25,0,103,D6, 
331.25,58,59,0.25,1,103,A#3,Y
331.25,84,74,0.25,0,103,C6, 
331.5,62,61,0.25,1,103,D4, 
331.5,82,73,0.25,0,103,A#5,Y
331.75,65,63,0.25,1,103,F4, 
331.75,80,72,0.25,0,103,G#5,Y
332,79,71,0.75,0,104,G5, 
332.25,59,59,0.25,1,104,B3, 
332.5,62,61,0.25,1,104,D4, 
332.75,67,64,0.25,1,104,G4, 
332.75,77,70,0.25,0,104,F5, 
333,75,69,0.25,0,104,D#5,Y
333.25,60,60,0.25,1,104,C4, 
333.25,74,68,0.25,0,104,D5, 
333.5,63,62,0.25,1,104,D#4,Y
333.5,72,67,0.25,0,104,C5, 
333.75,55,57,0.25,1,104,G3, 
333.75,70,66,0.25,0,104,A#4,Y
334,69,65,0.75,0,105,A4, 
334.25,54,56,0.25,1,105,F#3,Y
334.5,57,58,0.25,1,105,A3, 
334.75,62,61,0.25,1,105,D4, 
334.75,67,64,0.25,0,105,G4, 
335,66,63,0.25,0,105,F#4,Y
335.25,50,54,0.25,1,105,D3, 
335.25,63,62,0.25,0,105,D#4,Y
335.5,54,56,0.25,1,105,F#3,Y
335.5,62,61,0.25,0,105,D4, 
335.75,57,58,0.25,1,105,A3, 
335.75,60,60,0.25,0,105,C4, 
336,58,59,0.75,0,106,A#3,Y
336.25,43,50,0.25,1,106,G2, 
336.5,46,52,0.25,1,106,A#2,Y
336.75,50,54,0.25,1,106,D3, 
336.75,57,58,0.25,0,106,A3, 
337,55,57,0.25,0,106,G3, 
337.25,39,48,0.25,1,106,D#2,Y
337.25,57,58,0.25,0,106,A3, 
337.5,51,55,0.25,1,106,D#3,Y
337.5,58,59,0.25,0,106,A#3,Y
337.75,51,55,0.25,1,106,D#3,Y
337.75,61,60,0.25,0,106,C#4,Y
338,38,47,0.5,1,107,D2, 
338.125,62,61,0.125,0,107,D4, 
338.25,64,62,0.125,0,107,E4, 
338.375,66,63,0.125,0,107,F#4,Y
338.5,50,54,3.5,1,107,D3, 
338.5,67,64,0.125,0,107,G4, 
338.625,69,65,0.125,0,107,A4, 
338.75,71,66,0.125,0,107,B4, 
338.875,73,67,0.125,0,107,C#5,Y
339,74,68,0.125,0,107,D5, 
339.125,76,69,0.125,0,107,E5, 
339.25,78,70,0.125,0,107,F#5,Y
339.375,79,71,0.125,0,107,G5, 
339.5,60,60,0.5,1,107,C4, 
339.5,81,72,0.125,0,107,A5, 
339.625,74,68,0.125,0,107,D5, 
339.75,76,69,0.125,0,107,E5, 
339.875,78,70,0.125,0,107,F#5,Y
340,58,59,0.5,1,108,A#3,Y
340,79,71,0.125,0,108,G5, 
340.125,81,72,0.125,0,108,A5, 
340.25,82,73,0.125,0,108,A#5,Y
340.375,84,74,0.125,0,108,C6, 
340.5,54,56,0.5,1,108,F#3,Y
340.5,86,75,0.125,0,108,D6, 
340.625,87,76,0.125,0,108,D#6,Y
340.75,86,75,0.125,0,108,D6, 
340.875,84,74,0.125,0,108,C6, 
341,55,57,0.5,1,108,G3, 
341,82,73,0.125,0,108,A#5,Y
341.125,84,74,0.125,0,108,C6, 
341.25,82,73,0.125,0,108,A#5,Y
341.375,81,72,0.125,0,108,A5, 
341.5,61,60,0.5,1,108,C#4,Y
341.5,79,71,0.125,0,108,G5, 
341.625,82,73,0.125,0,108,A#5,Y
341.75,81,72,0.125,0,108,A5, 
341.875,79,71,0.125,0,108,G5, 
342,50,54,4,1,109,D3, 
342,78,70,0.125,0,109,F#5,Y
342.125,62,61,0.125,0,109,D4, 
342.25,64,62,0.125,0,109,E4, 
342.375,66,63,0.125,0,109,F#4,Y
342.5,62,61,1,1,109,D4, 
342.5,67,64,0.125,0,109,G4, 
342.625,69,65,0.125,0,109,A4, 
342.75,71,66,0.125,0,109,B4, 
342.875,73,67,0.125,0,109,C#5,Y
343,74,68,0.125,0,109,D5, 
343.125,76,69,0.125,0,109,E5, 
343.25,78,70,0.125,0,109,F#5,Y
343.375,79,71,0.125,0,109,G5, 
343.5,60,60,0.5,1,109,C4, 
343.5,81,72,0.125,0,109,A5, 
343.625,74,68,0.125,0,109,D5, 
343.75,76,69,0.125,0,109,E5, 
343.875,78,70,0.125,0,109,F#5,Y
344,58,59,0.5,1,110,A#3,Y
344,79,71,0.125,0,110,G5, 
344.125,81,72,0.125,0,110,A5, 
344.25,82,73,0.125,0,110,A#5,Y
344.375,84,74,0.125,0,110,C6, 
344.5,54,56,0.5,1,110,F#3,Y
344.5,86,75,0.125,0,110,D6, 
344.625,87,76,0.125,0,110,D#6,Y
344.75,86,75,0.125,0,110,D6, 
344.875,84,74,0.125,0,110,C6, 
345,55,57,0.5,1,110,G3, 
345,82,73,0.125,0,110,A#5,Y
345.125,84,74,0.125,0,110,C6, 
345.25,82,73,0.125,0,110,A#5,Y
345.375,81,72,0.125,0,110,A5, 
345.5,61,60,0.5,1,110,C#4,Y
345.5,79,71,0.125,0,110,G5, 
345.625,82,73,0.125,0,110,A#5,Y
345.75,81,72,0.125,0,110,A5, 
345.875,79,71,0.125,0,110,G5, 
346,50,54,4,1,111,D3, 
346,78,70,0.125,0,111,F#5,Y
346.125,62,61,0.125,0,111,D4, 
346.25,64,62,0.125,0,111,E4, 
346.375,66,63,0.125,0,111,F#4,Y
346.5,62,61,1,1,111,D4, 
346.5,67,64,0.125,0,111,G4, 
346.625,69,65,0.125,0,111,A4, 
346.75,71,66,0.125,0,111,B4, 
346.875,73,67,0.125,0,111,C#5,Y
347,74,68,0.125,0,111,D5, 
347.125,76,69,0.125,0,111,E5, 
347.25,78,70,0.125,0,111,F#5,Y
347.375,79,71,0.125,0,111,G5, 
347.5,60,60,0.5,1,111,C4, 
347.5,81,72,0.125,0,111,A5, 
347.625,74,68,0.125,0,111,D5, 
347.75,76,69,0.125,0,111,E5, 
347.875,78,70,0.125,0,111,F#5,Y
348,58,59,0.5,1,112,A#3,Y
348,79,71,0.125,0,112,G5, 
348.125,81,72,0.125,0,112,A5, 
348.25,82,73,0.125,0,112,A#5,Y
348.375,84,74,0.125,0,112,C6, 
348.5,54,56,0.5,1,112,F#3,Y
348.5,86,75,0.125,0,112,D6, 
348.625,87,76,0.125,0,112,D#6,Y
348.75,86,75,0.125,0,112,D6, 
348.875,84,74,0.125,0,112,C6, 
349,55,57,0.5,1,112,G3, 
349,82,73,0.125,0,112,A#5,Y
349.125,84,74,0.125,0,112,C6, 
349.25,82,73,0.125,0,112,A#5,Y
349.375,81,72,0.125,0,112,A5, 
349.5,61,60,0.5,1,112,C#4,Y
349.5,79,71,0.125,0,112,G5, 
349.625,82,73,0.125,0,112,A#5,Y
349.75,81,72,0.125,0,112,A5, 
349.875,79,71,0.125,0,112,G5, 
350,50,54,4,1,113,D3, 
350,62,61,0.5,1,113,D4, 
350,78,70,0.125,0,113,F#5,Y
350.125,81,72,0.125,0,113,A5, 
350.25,79,71,0.125,0,113,G5, 
350.375,78,70,0.125,0,113,F#5,Y
350.5,61,60,0.5,1,113,C#4,Y
350.5,79,71,0.125,0,113,G5, 
350.625,82,73,0.125,0,113,A#5,Y
350.75,81,72,0.125,0,113,A5, 
350.875,79,71,0.125,0,113,G5, 
351,62,61,0.5,1,113,D4, 
351,78,70,0.125,0,113,F#5,Y
351.125,81,72,0.125,0,113,A5, 
351.25,79,71,0.125,0,113,G5, 
351.375,78,70,0.125,0,113,F#5,Y
351.5,61,60,0.5,1,113,C#4,Y
351.5,79,71,0.125,0,113,G5, 
351.625,82,73,0.125,0,113,A#5,Y
351.75,81,72,0.125,0,113,A5, 
351.875,79,71,0.125,0,113,G5, 
352,62,61,0.5,1,114,D4, 
352,78,70,0.125,0,114,F#5,Y
352.125,81,72,0.125,0,114,A5, 
352.25,79,71,0.125,0,114,G5, 
352.375,78,70,0.125,0,114,F#5,Y
352.5,61,60,0.5,1,114,C#4,Y
352.5,79,71,0.125,0,114,G5, 
352.625,82,73,0.125,0,114,A#5,Y
352.75,81,72,0.125,0,114,A5, 
352.875,79,71,0.125,0,114,G5, 
353,62,61,0.5,1,114,D4, 
353,78,70,0.125,0,114,F#5,Y
353.125,81,72,0.125,0,114,A5, 
353.25,79,71,0.125,0,114,G5, 
353.375,78,70,0.125,0,114,F#5,Y
353.5,61,60,0.5,1,114,C#4,Y
353.5,79,71,0.125,0,114,G5, 
353.625,82,73,0.125,0,114,A#5,Y
353.75,81,72,0.125,0,114,A5, 
353.875,79,71,0.125,0,114,G5, 
354,62,61,0.16667,1,115,D4, 
354,78,70,0.5,0,115,F#5,Y
354.16667,66,63,0.16667,1,115,F#4,Y
354.33333,69,65,0.16667,1,115,A4, 
354.5,62,61,0.16667,1,115,D4, 
354.66667,66,63,0.16667,1,115,F#4,Y
354.83333,69,65,0.16667,1,115,A4, 
355,62,61,0.16667,1,115,D4, 
355.16667,66,63,0.16667,1,115,F#4,Y
355.25,56,57,0.25,0,115,G#3,Y
355.33333,69,65,0.16667,1,115,A4, 
355.5,57,58,0.25,0,115,A3, 
355.5,62,61,0.16667,1,115,D4, 
355.66667,66,63,0.16667,1,115,F#4,Y
355.75,53,55,0.25,0,115,F3, 
355.83333,69,65,0.16667,1,115,A4, 
356,54,56,0.5,0,116,F#3,Y
356,62,61,0.16667,1,116,D4, 
356.16667,66,63,0.16667,1,116,F#4,Y
356.33333,69,65,0.16667,1,116,A4, 
356.5,62,61,0.16667,1,116,D4, 
356.66667,66,63,0.16667,1,116,F#4,Y
356.83333,69,65,0.16667,1,116,A4, 
357,62,61,0.16667,1,116,D4, 
357.16667,66,63,0.16667,1,116,F#4,Y
357.25,80,71,0.25,0,116,G#5,Y
357.33333,69,65,0.16667,1,116,A4, 
357.5,62,61,0.16667,1,116,D4, 
357.5,81,72,0.25,0,116,A5, 
357.66667,66,63,0.16667,1,116,F#4,Y
357.75,77,71,0.25,0,116,F5, 
357.83333,69,65,0.16667,1,116,A4, 
358,62,61,0.16667,1,117,D4, 
358,78,70,0.5,0,117,F#5,Y
358.16667,69,65,0.16667,1,117,A4, 
358.33333,72,67,0.16667,1,117,C5, 
358.5,62,61,0.16667,1,117,D4, 
358.66667,69,65,0.16667,1,117,A4, 
358.83333,72,67,0.16667,1,117,C5, 
359,62,61,0.16667,1,117,D4, 
359.16667,69,65,0.16667,1,117,A4, 
359.25,59,59,0.25,0,117,B3, 
359.33333,72,67,0.16667,1,117,C5, 
359.5,60,60,0.25,0,117,C4, 
359.5,62,61,0.16667,1,117,D4, 
359.66667,69,65,0.16667,1,117,A4, 
359.75,56,57,0.25,0,117,G#3,Y
359.83333,72,67,0.16667,1,117,C5, 
360,57,58,0.5,0,118,A3, 
360,62,61,0.16667,1,118,D4, 
360.16667,69,65,0.16667,1,118,A4, 
360.33333,72,67,0.16667,1,118,C5, 
360.5,62,61,0.16667,1,118,D4, 
360.66667,69,65,0.16667,1,118,A4, 
360.83333,72,67,0.16667,1,118,C5, 
361,62,61,0.16667,1,118,D4, 
361.16667,69,65,0.16667,1,118,A4, 
361.25,83,73,0.25,0,118,B5, 
361.33333,72,67,0.16667,1,118,C5, 
361.5,62,61,0.16667,1,118,D4, 
361.5,84,74,0.25,0,118,C6, 
361.66667,69,65,0.16667,1,118,A4, 
361.75,80,71,0.25,0,118,G#5,Y
361.83333,72,67,0.16667,1,118,C5, 
362,62,61,0.16667,1,119,D4, 
362,81,72,0.25,0,119,A5, 
362.16667,69,65,0.16667,1,119,A4, 
362.25,59,59,0.25,0,119,B3, 
362.33333,72,67,0.16667,1,119,C5, 
362.5,60,60,0.25,0,119,C4, 
362.5,62,61,0.16667,1,119,D4, 
362.66667,69,65,0.16667,1,119,A4, 
362.75,56,57,0.25,0,119,G#3,Y
362.83333,72,67,0.16667,1,119,C5, 
363,57,58,0.25,0,119,A3, 
363,62,61,0.16667,1,119,D4, 
363.16667,69,65,0.16667,1,119,A4, 
363.25,83,73,0.25,0,119,B5, 
363.33333,72,67,0.16667,1,119,C5, 
363.5,62,61,0.16667,1,119,D4, 
363.5,84,74,0.25,0,119,C6, 
363.66667,69,65,0.16667,1,119,A4, 
363.75,80,71,0.25,0,119,G#5,Y
363.83333,72,67,0.16667,1,119,C5, 
364,62,61,0.16667,1,120,D4, 
364,81,72,0.25,0,120,A5, 
364.16667,69,65,0.16667,1,120,A4, 
364.25,59,59,0.25,0,120,B3, 
364.33333,72,67,0.16667,1,120,C5, 
364.5,60,60,0.25,0,120,C4, 
364.5,62,61,0.16667,1,120,D4, 
364.66667,69,65,0.16667,1,120,A4, 
364.75,56,57,0.25,0,120,G#3,Y
364.83333,72,67,0.16667,1,120,C5, 
365,57,58,0.25,0,120,A3, 
365,62,61,0.16667,1,120,D4, 
365.16667,69,65,0.16667,1,120,A4, 
365.25,83,73,0.25,0,120,B5, 
365.33333,72,67,0.16667,1,120,C5, 
365.5,62,61,0.16667,1,120,D4, 
365.5,84,74,0.25,0,120,C6, 
365.66667,69,65,0.16667,1,120,A4, 
365.75,80,71,0.25,0,120,G#5,Y
365.83333,72,67,0.16667,1,120,C5, 
366,62,61,0.5,1,121,D4, 
366,69,65,0.5,1,121,A4, 
366,72,67,0.5,1,121,C5, 
366,81,72,0.25,0,121,A5, 
366.25,87,75,0.25,0,121,D#6,Y
366.5,88,76,0.25,0,121,E6, 
366.75,83,73,0.25,0,121,B5, 
367,84,74,0.25,0,121,C6, 
367.25,87,75,0.25,0,121,D#6,Y
367.5,88,76,0.25,0,121,E6, 
367.75,83,73,0.25,0,121,B5, 
368,84,74,0.25,0,122,C6, 
368.25,87,75,0.25,0,122,D#6,Y
368.5,88,76,0.25,0,122,E6, 
368.75,83,73,0.25,0,122,B5, 
369,84,74,0.25,0,122,C6, 
369.25,80,71,0.25,0,122,G#5,Y
369.5,81,72,0.25,0,122,A5, 
369.75,77,69,0.25,0,122,F5, 
370,78,70,0.25,0,123,F#5,Y
370.25,75,68,0.25,0,123,D#5,Y
370.5,76,69,0.25,0,123,E5, 
370.75,71,66,0.25,0,123,B4, 
371,72,67,0.25,0,123,C5, 
371.25,68,64,0.25,0,123,G#4,Y
371.5,69,65,0.25,0,123,A4, 
371.75,70,66,0.25,0,123,A#4,Y
372,71,66,0.25,0,124,B4, 
372.25,72,67,0.25,0,124,C5, 
372.5,73,67,0.75,0,124,C#5,Y
373.25,62,61,0.25,0,124,D4, 
373.5,74,68,0.25,0,124,D5, 
373.75,70,65,0.25,0,124,A#4,Y
374,71,66,0.25,0,125,B4, 
374.25,66,63,0.25,0,125,F#4,Y
374.5,43,50,1.5,1,125,G2, 
374.5,67,64,0.75,0,125,G4, 
374.75,47,52,1.25,1,125,B2, 
375,50,54,1,1,125,D3, 
375.25,62,61,0.25,0,125,D4, 
375.5,74,68,0.25,0,125,D5, 
375.75,70,65,0.25,0,125,A#4,Y
376,71,66,0.25,0,126,B4, 
376.25,66,63,0.25,0,126,F#4,Y
376.5,55,57,1.5,1,126,G3, 
376.5,67,64,0.75,0,126,G4, 
376.75,59,59,1.25,1,126,B3, 
377,62,61,1,1,126,D4, 
377.25,64,62,0.25,0,126,E4, 
377.5,76,69,0.25,0,126,E5, 
377.75,71,66,0.25,0,126,B4, 
378,72,67,0.25,0,127,C5, 
378.25,68,64,0.25,0,127,G#4,Y
378.5,43,50,1.5,1,127,G2, 
378.5,69,65,0.75,0,127,A4, 
378.75,48,53,1.25,1,127,C3, 
379,52,55,1,1,127,E3, 
379.25,64,62,0.25,0,127,E4, 
379.5,76,69,0.25,0,127,E5, 
379.75,71,66,0.25,0,127,B4, 
380,72,67,0.25,0,128,C5, 
380.25,68,64,0.25,0,128,G#4,Y
380.5,55,57,1.5,1,128,G3, 
380.5,69,65,0.75,0,128,A4, 
380.75,60,60,1.25,1,128,C4, 
381,64,62,1,1,128,E4, 
381.25,69,65,0.25,0,128,A4, 
381.5,84,74,0.25,0,128,C6, 
381.75,83,73,0.25,0,128,B5, 
382,81,72,0.75,0,129,A5, 
382.25,54,56,0.25,1,129,F#3,Y
382.5,57,58,0.25,1,129,A3, 
382.75,62,61,0.25,1,129,D4, 
382.75,79,71,0.25,0,129,G5, 
383,78,70,0.25,0,129,F#5,Y
383.25,50,54,0.25,1,129,D3, 
383.25,76,69,0.25,0,129,E5, 
383.5,57,58,0.25,1,129,A3, 
383.5,74,68,0.25,0,129,D5, 
383.75,60,60,0.25,1,129,C4, 
383.75,72,67,0.25,0,129,C5, 
384,72,67,0.25,0,130,C5, 
384.25,55,57,0.25,1,130,G3, 
384.25,71,66,0.5,0,130,B4, 
384.5,59,59,0.25,1,130,B3, 
384.75,62,61,0.25,1,130,D4, 
384.75,79,71,0.25,0,130,G5, 
385,79,71,0.25,0,130,G5, 
385.25,48,53,0.25,1,130,C3, 
385.25,69,65,0.5,0,130,A4, 
385.5,52,55,0.25,1,130,E3, 
385.75,57,58,0.25,1,130,A3, 
385.75,76,69,0.25,0,130,E5, 
386,76,69,0.25,0,131,E5, 
386.25,50,54,0.25,1,131,D3, 
386.25,67,64,0.5,0,131,G4, 
386.5,55,57,0.25,1,131,G3, 
386.75,59,59,0.25,1,131,B3, 
386.75,74,68,0.25,0,131,D5, 
387,74,68,0.25,0,131,D5, 
387.25,38,47,0.25,1,131,D2, 
387.25,60,60,0.5,0,131,C4, 
387.5,45,51,0.25,1,131,A2, 
387.75,50,54,0.25,1,131,D3, 
387.75,66,63,0.25,0,131,F#4,Y
388,43,50,0.25,1,132,G2, 
388,59,59,1,0,132,B3, 
388,67,64,1,0,132,G4, 
388.25,47,52,0.25,1,132,B2, 
388.5,50,54,0.25,1,132,D3, 
388.75,47,52,0.25,1,132,B2, 
389,43,50,0.25,1,132,G2, 
389.25,47,52,0.25,1,132,B2, 
389.5,50,54,0.25,1,132,D3, 
389.5,74,68,0.5,0,132,D5, 
389.75,47,52,0.25,1,132,B2, 
390,43,50,0.25,1,133,G2, 
390,74,68,0.5,0,133,D5, 
390.25,47,52,0.25,1,133,B2, 
390.5,50,54,0.25,1,133,D3, 
390.5,74,68,0.5,0,133,D5, 
390.75,47,52,0.25,1,133,B2, 
391,43,50,0.25,1,133,G2, 
391,74,68,0.5,0,133,D5, 
391.25,47,52,0.25,1,133,B2, 
391.5,50,54,0.25,1,133,D3, 
391.5,74,68,0.5,0,133,D5, 
391.75,47,52,0.25,1,133,B2, 
392,45,51,0.25,1,134,A2, 
392,76,69,1,0,134,E5, 
392.25,48,53,0.25,1,134,C3, 
392.5,54,56,0.25,1,134,F#3,Y
392.75,48,53,0.25,1,134,C3, 
393,45,51,0.25,1,134,A2, 
393,74,68,0.5,0,134,D5, 
393.25,48,53,0.25,1,134,C3, 
393.5,54,56,0.25,1,134,F#3,Y
393.75,48,53,0.25,1,134,C3, 
394,45,51,0.25,1,135,A2, 
394.25,48,53,0.25,1,135,C3, 
394.5,54,56,0.25,1,135,F#3,Y
394.75,48,53,0.25,1,135,C3, 
394.75,74,68,0.25,0,135,D5, 
395,45,51,0.25,1,135,A2, 
395,74,68,0.25,0,135,D5, 
395.25,48,53,0.25,1,135,C3, 
395.25,74,68,0.25,0,135,D5, 
395.5,54,56,0.25,1,135,F#3,Y
395.5,74,68,0.25,0,135,D5, 
395.75,48,53,0.25,1,135,C3, 
395.75,74,68,0.25,0,135,D5, 
396,47,52,0.25,1,136,B2, 
396,76,69,1,0,136,E5, 
396.25,50,54,0.25,1,136,D3, 
396.5,55,57,0.25,1,136,G3, 
396.75,50,54,0.25,1,136,D3, 
397,47,52,0.25,1,136,B2, 
397,74,68,0.5,0,136,D5, 
397.25,50,54,0.25,1,136,D3, 
397.5,55,57,0.25,1,136,G3, 
397.75,50,54,0.25,1,136,D3, 
398,47,52,0.25,1,137,B2, 
398.25,53,56,0.25,1,137,F3, 
398.5,55,57,0.25,1,137,G3, 
398.5,79,71,0.5,0,137,G5, 
398.75,53,56,0.25,1,137,F3, 
399,47,52,0.25,1,137,B2, 
399,79,71,0.25,0,137,G5, 
399.25,53,56,0.25,1,137,F3, 
399.5,55,57,0.25,1,137,G3, 
399.5,79,71,0.5,0,137,G5, 
399.75,53,56,0.25,1,137,F3, 
400,48,53,0.25,1,138,C3, 
400,81,72,1,0,138,A5, 
400.25,52,55,0.25,1,138,E3, 
400.5,55,57,0.25,1,138,G3, 
400.75,52,55,0.25,1,138,E3, 
401,48,53,0.25,1,138,C3, 
401,79,71,0.5,0,138,G5, 
401.25,52,55,0.25,1,138,E3, 
401.5,55,57,0.25,1,138,G3, 
401.75,52,55,0.25,1,138,E3, 
402,50,54,0.25,1,139,D3, 
402.25,53,56,0.25,1,139,F3, 
402.5,59,59,0.25,1,139,B3, 
402.75,53,56,0.25,1,139,F3, 
402.75,79,71,0.25,0,139,G5, 
403,50,54,0.25,1,139,D3, 
403,79,71,0.25,0,139,G5, 
403.25,53,56,0.25,1,139,F3, 
403.25,79,71,0.25,0,139,G5, 
403.5,59,59,0.25,1,139,B3, 
403.5,79,71,0.25,0,139,G5, 
403.75,53,56,0.25,1,139,F3, 
403.75,79,71,0.25,0,139,G5, 
404,52,55,0.25,1,140,E3, 
404,81,72,0.5,0,140,A5, 
404.25,55,57,0.25,1,140,G3, 
404.5,60,60,0.25,1,140,C4, 
404.5,79,71,0.75,0,140,G5, 
404.75,55,57,0.25,1,140,G3, 
405,52,55,0.25,1,140,E3, 
405.25,55,57,0.25,1,140,G3, 
405.25,81,72,0.125,0,140,A5, 
405.375,79,71,0.125,0,140,G5, 
405.5,60,60,0.25,1,140,C4, 
405.5,77,70,0.25,0,140,F5, 
405.75,55,57,0.25,1,140,G3, 
405.75,76,69,0.25,0,140,E5, 
406,53,56,0.25,1,141,F3, 
406,76,69,0.5,0,141,E5, 
406.25,57,58,0.25,1,141,A3, 
406.5,62,61,0.25,1,141,D4, 
406.5,74,68,1,0,141,D5, 
406.75,57,58,0.25,1,141,A3, 
407,54,56,0.25,1,141,F#3,Y
407.25,57,58,0.25,1,141,A3, 
407.5,62,61,0.25,1,141,D4, 
407.5,72,67,0.5,0,141,C5, 
407.75,57,58,0.25,1,141,A3, 
408,55,57,0.25,1,142,G3, 
408,72,67,0.5,0,142,C5, 
408.25,59,59,0.25,1,142,B3, 
408.5,62,61,0.25,1,142,D4, 
408.5,71,66,1,0,142,B4, 
408.75,59,59,0.25,1,142,B3, 
409,55,57,0.25,1,142,G3, 
409.25,59,59,0.25,1,142,B3, 
409.5,64,62,0.25,1,142,E4, 
409.5,79,71,0.5,0,142,G5, 
409.75,59,59,0.25,1,142,B3, 
410,57,58,0.25,1,143,A3, 
410,79,71,0.5,0,143,G5, 
410.25,60,60,0.25,1,143,C4, 
410.5,64,62,0.25,1,143,E4, 
410.5,78,70,1,0,143,F#5,Y
410.75,60,60,0.25,1,143,C4, 
411,57,58,0.25,1,143,A3, 
411.25,60,60,0.25,1,143,C4, 
411.5,66,63,0.25,1,143,F#4,Y
411.5,76,69,0.5,0,143,E5, 
411.75,60,60,0.25,1,143,C4, 
412,59,59,0.25,1,144,B3, 
412,76,69,0.5,0,144,E5, 
412.25,62,61,0.25,1,144,D4, 
412.5,66,63,0.25,1,144,F#4,Y
412.5,74,68,1,0,144,D5, 
412.75,62,61,0.25,1,144,D4, 
413,59,59,0.25,1,144,B3, 
413.25,62,61,0.25,1,144,D4, 
413.5,67,64,0.25,1,144,G4, 
413.5,83,73,0.5,0,144,B5, 
413.75,62,61,0.25,1,144,D4, 
414,60,60,0.25,1,145,C4, 
414,83,73,0.5,0,145,B5, 
414.25,64,62,0.25,1,145,E4, 
414.5,69,65,0.25,1,145,A4, 
414.5,81,72,1,0,145,A5, 
414.75,64,62,0.25,1,145,E4, 
415,61,60,0.25,1,145,C#4,Y
415.25,64,62,0.25,1,145,E4, 
415.5,69,65,0.25,1,145,A4, 
415.5,79,71,0.5,0,145,G5, 
415.75,64,62,0.25,1,145,E4, 
416,62,61,0.25,1,146,D4, 
416,79,71,0.5,0,146,G5, 
416.25,69,65,0.25,1,146,A4, 
416.5,74,68,0.25,1,146,D5, 
416.5,78,70,1,0,146,F#5,Y
416.75,69,65,0.25,1,146,A4, 
417,62,61,0.25,1,146,D4, 
417.25,67,64,0.25,1,146,G4, 
417.5,73,67,0.25,1,146,C#5,Y
417.5,76,69,0.5,0,146,E5, 
417.75,67,64,0.25,1,146,G4, 
418,62,61,0.25,1,147,D4, 
418,76,69,0.5,0,147,E5, 
418.25,66,63,0.25,1,147,F#4,Y
418.5,69,65,0.25,1,147,A4, 
418.5,74,68,0.5,0,147,D5, 
418.75,66,63,0.25,1,147,F#4,Y
419,62,61,0.25,1,147,D4, 
419.16667,79,71,0.16667,0,147,G5, 
419.25,69,65,0.25,1,147,A4, 
419.33333,81,72,0.16667,0,147,A5, 
419.5,73,67,0.25,1,147,C#5,Y
419.5,83,73,0.16667,0,147,B5, 
419.66667,81,72,0.16667,0,147,A5, 
419.75,69,65,0.25,1,147,A4, 
419.83333,79,71,0.16667,0,147,G5, 
420,62,61,0.25,1,148,D4, 
420,79,71,0.5,0,148,G5, 
420.25,69,65,0.25,1,148,A4, 
420.5,74,68,0.25,1,148,D5, 
420.5,78,70,0.5,0,148,F#5,Y
420.75,69,65,0.25,1,148,A4, 
421,62,61,0.25,1,148,D4, 
421.16667,76,69,0.16667,0,148,E5, 
421.25,67,64,0.25,1,148,G4, 
421.33333,78,70,0.16667,0,148,F#5,Y
421.5,73,67,0.25,1,148,C#5,Y
421.5,79,71,0.16667,0,148,G5, 
421.66667,78,70,0.16667,0,148,F#5,Y
421.75,67,64,0.25,1,148,G4, 
421.83333,76,69,0.16667,0,148,E5, 
422,62,61,0.25,1,149,D4, 
422,76,69,0.5,0,149,E5, 
422.25,66,63,0.25,1,149,F#4,Y
422.5,69,65,0.25,1,149,A4, 
422.5,74,68,0.5,0,149,D5, 
422.75,66,63,0.25,1,149,F#4,Y
423,62,61,0.25,1,149,D4, 
423.16667,79,71,0.16667,0,149,G5, 
423.25,69,65,0.25,1,149,A4, 
423.33333,81,72,0.16667,0,149,A5, 
423.5,73,67,0.25,1,149,C#5,Y
423.5,83,73,0.16667,0,149,B5, 
423.66667,81,72,0.16667,0,149,A5, 
423.75,69,65,0.25,1,149,A4, 
423.83333,79,71,0.16667,0,149,G5, 
424,62,61,0.25,1,150,D4, 
424,79,71,0.16667,0,150,G5, 
424.16667,78,70,0.16667,0,150,F#5,Y
424.25,69,65,0.25,1,150,A4, 
424.33333,79,71,0.16667,0,150,G5, 
424.5,74,68,0.25,1,150,D5, 
424.5,81,72,0.16667,0,150,A5, 
424.66667,79,71,0.16667,0,150,G5, 
424.75,69,65,0.25,1,150,A4, 
424.83333,78,70,0.16667,0,150,F#5,Y
425,62,61,0.25,1,150,D4, 
425,78,70,0.16667,0,150,F#5,Y
425.16667,76,69,0.16667,0,150,E5, 
425.25,67,64,0.25,1,150,G4, 
425.33333,78,70,0.16667,0,150,F#5,Y
425.5,73,67,0.25,1,150,C#5,Y
425.5,79,71,0.16667,0,150,G5, 
425.66667,78,70,0.16667,0,150,F#5,Y
425.75,67,64,0.25,1,150,G4, 
425.83333,76,69,0.16667,0,150,E5, 
426,62,61,0.5,1,151,D4, 
426,66,63,0.5,1,151,F#4,Y
426,69,65,0.5,1,151,A4, 
426,76,69,0.16667,0,151,E5, 
426.16667,74,68,0.16667,0,151,D5, 
426.33333,73,67,0.16667,0,151,C#5,Y
426.5,74,68,0.16667,0,151,D5, 
426.66667,76,69,0.16667,0,151,E5, 
426.83333,78,70,0.16667,0,151,F#5,Y
427,79,71,0.16667,0,151,G5, 
427.16667,80,71,0.16667,0,151,G#5,Y
427.33333,81,72,0.16667,0,151,A5, 
427.5,82,73,0.125,0,151,A#5,Y
427.625,83,73,0.125,0,151,B5, 
427.75,84,74,0.125,0,151,C6, 
427.875,85,74,0.125,0,151,C#6,Y
428,86,75,0.5,0,152,D6, 
428.5,86,75,0.5,0,152,D6, 
429,86,75,0.5,0,152,D6, 
429.5,86,75,0.5,0,152,D6, 
430,83,73,0.75,0,153,B5, 
430,86,75,0.75,0,153,D6, 
430.25,43,50,0.25,1,153,G2, 
430.5,55,57,0.25,1,153,G3, 
430.75,82,72,0.25,0,153,A#5,Y
430.75,85,74,0.25,0,153,C#6,Y
431,83,73,0.75,0,153,B5, 
431,86,75,0.75,0,153,D6, 
431.25,55,57,0.25,1,153,G3, 
431.5,67,64,0.25,1,153,G4, 
431.75,82,72,0.25,0,153,A#5,Y
431.75,85,74,0.25,0,153,C#6,Y
432,83,73,0.75,0,154,B5, 
432,86,75,0.75,0,154,D6, 
432.25,67,64,0.25,1,154,G4, 
432.5,79,71,0.25,1,154,G5, 
432.75,81,72,0.25,0,154,A5, 
432.75,84,74,0.25,0,154,C6, 
433,81,72,0.25,0,154,A5, 
433,84,74,0.25,0,154,C6, 
433.25,79,71,0.25,0,154,G5, 
433.25,83,73,0.25,0,154,B5, 
433.5,79,71,0.25,0,154,G5, 
433.5,83,73,0.25,0,154,B5, 
433.75,78,70,0.25,0,154,F#5,Y
433.75,81,72,0.25,0,154,A5, 
434,78,70,0.25,0,155,F#5,Y
434,81,72,0.25,0,155,A5, 
434.25,76,69,0.25,0,155,E5, 
434.25,79,71,0.25,0,155,G5, 
434.5,76,69,0.25,0,155,E5, 
434.5,79,71,0.25,0,155,G5, 
434.75,74,68,0.25,0,155,D5, 
434.75,78,70,0.25,0,155,F#5,Y
435,74,68,0.25,0,155,D5, 
435,78,70,0.25,0,155,F#5,Y
435.25,72,67,0.25,0,155,C5, 
435.25,76,69,0.25,0,155,E5, 
435.5,72,67,0.25,0,155,C5, 
435.5,76,69,0.25,0,155,E5, 
435.75,71,66,0.25,0,155,B4, 
435.75,74,68,0.25,0,155,D5, 
436,68,64,1,0,156,G#4,Y
436,71,66,1,0,156,B4, 
436.5,38,47,0.5,1,156,D2, 
437,38,47,0.5,1,156,D2, 
437,69,65,0.5,0,156,A4, 
437,72,67,0.5,0,156,C5, 
437.5,38,47,0.5,1,156,D2, 
438,81,72,0.75,0,157,A5, 
438,84,74,0.75,0,157,C6, 
438.25,38,47,0.25,1,157,D2, 
438.5,50,54,0.25,1,157,D3, 
438.75,80,71,0.25,0,157,G#5,Y
438.75,83,73,0.25,0,157,B5, 
439,81,72,0.75,0,157,A5, 
439,84,74,0.75,0,157,C6, 
439.25,50,54,0.25,1,157,D3, 
439.5,62,61,0.25,1,157,D4, 
439.75,80,71,0.25,0,157,G#5,Y
439.75,83,73,0.25,0,157,B5, 
440,81,72,0.75,0,158,A5, 
440,84,74,0.75,0,158,C6, 
440.25,62,61,0.25,1,158,D4, 
440.5,74,68,0.25,1,158,D5, 
440.75,79,71,0.25,0,158,G5, 
440.75,83,73,0.25,0,158,B5, 
441,79,71,0.25,0,158,G5, 
441,83,73,0.25,0,158,B5, 
441.25,78,70,0.25,0,158,F#5,Y
441.25,81,72,0.25,0,158,A5, 
441.5,78,70,0.25,0,158,F#5,Y
441.5,81,72,0.25,0,158,A5, 
441.75,76,69,0.25,0,158,E5, 
441.75,79,71,0.25,0,158,G5, 
442,76,69,0.25,0,159,E5, 
442,79,71,0.25,0,159,G5, 
442.25,74,68,0.25,0,159,D5, 
442.25,78,70,0.25,0,159,F#5,Y
442.5,74,68,0.25,0,159,D5, 
442.5,78,70,0.25,0,159,F#5,Y
442.75,72,67,0.25,0,159,C5, 
442.75,76,69,0.25,0,159,E5, 
443,72,67,0.25,0,159,C5, 
443,76,69,0.25,0,159,E5, 
443.25,71,66,0.25,0,159,B4, 
443.25,74,68,0.25,0,159,D5, 
443.5,71,66,0.25,0,159,B4, 
443.5,74,68,0.25,0,159,D5, 
443.75,69,65,0.25,0,159,A4, 
443.75,72,67,0.25,0,159,C5, 
444,67,64,0.5,0,160,G4, 
444,71,66,0.5,0,160,B4, 
444.25,62,61,0.25,1,160,D4, 
444.5,55,57,0.25,1,160,G3, 
444.5,71,66,0.5,0,160,B4, 
444.5,76,69,0.5,0,160,E5, 
444.75,62,61,0.25,1,160,D4, 
445,54,56,0.25,1,160,F#3,Y
445,69,65,0.5,0,160,A4, 
445,74,68,0.5,0,160,D5, 
445.25,62,61,0.25,1,160,D4, 
445.5,50,54,0.25,1,160,D3, 
445.5,66,63,0.5,0,160,F#4,Y
445.5,72,67,0.5,0,160,C5, 
445.75,62,61,0.25,1,160,D4, 
446,67,64,0.5,0,161,G4, 
446,71,66,0.5,0,161,B4, 
446.25,62,61,0.25,1,161,D4, 
446.5,55,57,0.25,1,161,G3, 
446.5,71,66,0.5,0,161,B4, 
446.5,76,69,0.5,0,161,E5, 
446.75,62,61,0.25,1,161,D4, 
447,54,56,0.25,1,161,F#3,Y
447,69,65,0.5,0,161,A4, 
447,74,68,0.5,0,161,D5, 
447.25,62,61,0.25,1,161,D4, 
447.5,50,54,0.25,1,161,D3, 
447.5,66,63,0.5,0,161,F#4,Y
447.5,72,67,0.5,0,161,C5, 
447.75,62,61,0.25,1,161,D4, 
448,55,57,1,1,162,G3, 
448,71,66,0.5,0,162,B4, 
448.25,67,64,0.25,0,162,G4, 
448.5,71,66,0.25,0,162,B4, 
448.5,76,69,0.5,0,162,E5, 
448.75,67,64,0.25,0,162,G4, 
449,57,58,1,1,162,A3, 
449,66,63,0.25,0,162,F#4,Y
449,74,68,0.5,0,162,D5, 
449.25,69,65,0.25,0,162,A4, 
449.5,64,62,0.25,0,162,E4, 
449.5,73,67,0.5,0,162,C#5,Y
449.75,67,64,0.25,0,162,G4, 
450,50,54,0.5,1,163,D3, 
450,66,63,0.25,0,163,F#4,Y
450,74,68,0.5,0,163,D5, 
450.25,62,61,0.25,0,163,D4, 
450.5,69,65,0.25,1,163,A4, 
450.5,72,67,0.25,1,163,C5, 
450.75,62,61,0.25,1,163,D4, 
451,67,64,0.25,1,163,G4, 
451,71,66,0.25,1,163,B4, 
451.25,62,61,0.25,1,163,D4, 
451.5,66,63,0.25,1,163,F#4,Y
451.5,69,65,0.25,1,163,A4, 
451.75,62,61,0.25,1,163,D4, 
452,67,64,0.25,1,164,G4, 
452,71,66,0.25,1,164,B4, 
452,83,73,0.5,0,164,B5, 
452.25,62,61,0.25,1,164,D4, 
452.5,67,64,0.25,1,164,G4, 
452.5,71,66,0.25,1,164,B4, 
452.5,76,69,0.5,0,164,E5, 
452.5,88,76,0.5,0,164,E6, 
452.75,62,61,0.25,1,164,D4, 
453,66,63,0.25,1,164,F#4,Y
453,69,65,0.25,1,164,A4, 
453,74,68,0.5,0,164,D5, 
453,86,75,0.5,0,164,D6, 
453.25,62,61,0.25,1,164,D4, 
453.5,69,65,0.25,1,164,A4, 
453.5,72,67,0.25,1,164,C5, 
453.5,78,70,0.5,0,164,F#5,Y
453.5,84,74,0.5,0,164,C6, 
453.75,62,61,0.25,1,164,D4, 
454,67,64,0.25,1,165,G4, 
454,71,66,0.25,1,165,B4, 
454,83,73,0.5,0,165,B5, 
454.25,62,61,0.25,1,165,D4, 
454.5,67,64,0.25,1,165,G4, 
454.5,71,66,0.25,1,165,B4, 
454.5,76,69,0.5,0,165,E5, 
454.5,88,76,0.5,0,165,E6, 
454.75,62,61,0.25,1,165,D4, 
455,66,63,0.25,1,165,F#4,Y
455,69,65,0.25,1,165,A4, 
455,74,68,0.5,0,165,D5, 
455,86,75,0.5,0,165,D6, 
455.25,62,61,0.25,1,165,D4, 
455.5,69,65,0.25,1,165,A4, 
455.5,72,67,0.25,1,165,C5, 
455.5,78,70,0.5,0,165,F#5,Y
455.5,84,74,0.5,0,165,C6, 
455.75,62,61,0.25,1,165,D4, 
456,67,64,0.25,1,166,G4, 
456,79,71,0.5,0,166,G5, 
456,83,73,0.5,0,166,B5, 
456.25,71,66,0.25,1,166,B4, 
456.5,69,65,0.25,1,166,A4, 
456.5,79,71,1,0,166,G5, 
456.75,72,67,0.25,1,166,C5, 
457,71,66,0.25,1,166,B4, 
457.25,74,68,0.25,1,166,D5, 
457.5,72,67,0.25,1,166,C5, 
457.5,79,71,1,0,166,G5, 
457.75,76,69,0.25,1,166,E5, 
458,74,68,0.25,1,167,D5, 
458.25,77,70,0.25,1,167,F5, 
458.5,73,67,0.25,1,167,C#5,Y
458.5,79,71,0.5,0,167,G5, 
458.75,76,69,0.25,1,167,E5, 
459,74,68,0.25,1,167,D5, 
459,79,71,0.5,0,167,G5, 
459.25,77,70,0.25,1,167,F5, 
459.5,71,66,0.25,1,167,B4, 
459.5,79,71,0.5,0,167,G5, 
459.75,75,68,0.25,1,167,D#5,Y
460,72,67,0.5,1,168,C5, 
460,76,69,0.125,0,168,E5, 
460.125,78,70,0.125,0,168,F#5,Y
460.25,76,69,0.125,0,168,E5, 
460.375,75,68,0.125,0,168,D#5,Y
460.5,76,69,0.125,0,168,E5, 
460.625,78,70,0.125,0,168,F#5,Y
460.75,79,71,0.125,0,168,G5, 
460.875,78,70,0.125,0,168,F#5,Y
461,60,60,0.5,1,168,C4, 
461,64,62,0.5,1,168,E4, 
461,67,64,0.5,1,168,G4, 
461,76,69,0.125,0,168,E5, 
461.125,78,70,0.125,0,168,F#5,Y
461.25,76,69,0.125,0,168,E5, 
461.375,75,68,0.125,0,168,D#5,Y
461.5,76,69,0.125,0,168,E5, 
461.625,78,70,0.125,0,168,F#5,Y
461.75,79,71,0.125,0,168,G5, 
461.875,78,70,0.125,0,168,F#5,Y
462,61,60,0.5,1,169,C#4,Y
462,64,62,0.5,1,169,E4, 
462,67,64,0.5,1,169,G4, 
462,70,66,0.5,1,169,A#4,Y
462,79,71,0.125,0,169,G5, 
462.125,81,72,0.125,0,169,A5, 
462.25,79,71,0.125,0,169,G5, 
462.375,78,70,0.125,0,169,F#5,Y
462.5,79,71,0.125,0,169,G5, 
462.625,81,72,0.125,0,169,A5, 
462.75,82,73,0.125,0,169,A#5,Y
462.875,81,72,0.125,0,169,A5, 
463,61,60,0.5,1,169,C#4,Y
463,64,62,0.5,1,169,E4, 
463,67,64,0.5,1,169,G4, 
463,70,66,0.5,1,169,A#4,Y
463,79,71,0.125,0,169,G5, 
463.125,81,72,0.125,0,169,A5, 
463.25,79,71,0.125,0,169,G5, 
463.375,78,70,0.125,0,169,F#5,Y
463.5,79,71,0.125,0,169,G5, 
463.625,81,72,0.125,0,169,A5, 
463.75,82,73,0.125,0,169,A#5,Y
463.875,81,72,0.125,0,169,A5, 
464,62,61,0.5,1,170,D4, 
464,67,64,0.5,1,170,G4, 
464,71,66,0.5,1,170,B4, 
464,79,71,0.125,0,170,G5, 
464.125,81,72,0.125,0,170,A5, 
464.25,79,71,0.125,0,170,G5, 
464.375,78,70,0.125,0,170,F#5,Y
464.5,79,71,0.125,0,170,G5, 
464.625,81,72,0.125,0,170,A5, 
464.75,83,73,0.125,0,170,B5, 
464.875,81,72,0.125,0,170,A5, 
465,79,71,0.125,0,170,G5, 
465.125,78,70,0.125,0,170,F#5,Y
465.25,76,69,0.125,0,170,E5, 
465.375,74,68,0.125,0,170,D5, 
465.5,72,67,0.125,0,170,C5, 
465.625,71,66,0.125,0,170,B4, 
465.75,69,65,0.125,0,170,A4, 
465.875,67,64,0.125,0,170,G4, 
466,50,54,2,1,171,D3, 
466,62,61,1,1,171,D4, 
466,67,64,1,0,171,G4, 
466,71,66,1,0,171,B4, 
467,60,60,1,1,171,C4, 
467,66,63,1,0,171,F#4,Y
467,69,65,1,0,171,A4, 
468,55,57,0.5,1,172,G3, 
468,59,59,0.5,1,172,B3, 
468,67,64,0.125,0,172,G4, 
468.125,69,65,0.125,0,172,A4, 
468.25,71,66,0.125,0,172,B4, 
468.375,72,67,0.125,0,172,C5, 
468.5,74,68,0.125,0,172,D5, 
468.625,72,67,0.125,0,172,C5, 
468.75,71,66,0.125,0,172,B4, 
468.875,69,65,0.125,0,172,A4, 
469,67,64,0.125,0,172,G4, 
469.125,66,63,0.125,0,172,F#4,Y
469.25,64,62,0.125,0,172,E4, 
469.375,62,61,0.125,0,172,D4, 
469.5,60,60,0.125,0,172,C4, 
469.625,59,59,0.125,0,172,B3, 
469.75,57,58,0.125,0,172,A3, 
469.875,55,57,0.125,0,172,G3, 
470,38,47,2,1,173,D2, 
470,50,54,1,1,173,D3, 
470,55,57,1,0,173,G3, 
470,59,59,1,0,173,B3, 
471,48,53,1,1,173,C3, 
471,54,56,1,0,173,F#3,Y
471,57,58,1,0,173,A3, 
472,43,50,0.5,1,174,G2, 
472,47,52,0.5,1,174,B2, 
472,55,57,0.25,0,174,G3, 
472.25,50,54,0.25,0,174,D3, 
472.5,55,57,0.25,0,174,G3, 
472.5,59,59,0.25,0,174,B3, 
472.75,50,54,0.25,0,174,D3, 
473,57,58,0.25,0,174,A3, 
473,60,60,0.25,0,174,C4, 
473.25,50,54,0.25,0,174,D3, 
473.5,58,58,0.25,0,174,A#3,Y
473.5,61,60,0.25,0,174,C#4,Y
473.75,50,54,0.25,0,174,D3, 
474,59,59,2.5,0,175,B3, 
474,62,61,2.5,0,175,D4, 
474.25,50,54,0.5,0,175,D3, 
474.5,31,43,0.5,1,175,G1, 
474.75,50,54,0.5,0,175,D3, 
475,35,45,0.5,1,175,B1, 
475.25,50,54,0.5,0,175,D3, 
475.5,38,47,0.5,1,175,D2, 
475.75,50,54,0.5,0,175,D3, 
476,43,50,2.5,1,176,G2, 
476.25,50,54,0.25,0,176,D3, 
476.5,55,57,0.25,0,176,G3, 
476.5,59,59,0.5,0,176,B3, 
476.75,50,54,0.25,0,176,D3, 
477,60,60,0.25,0,176,C4, 
477,64,62,0.5,0,176,E4, 
477.25,50,54,0.25,0,176,D3, 
477.5,59,59,0.25,0,176,B3, 
477.5,62,61,0.5,0,176,D4, 
477.75,50,54,0.25,0,176,D3, 
478,57,58,2.5,0,177,A3, 
478,60,60,2.5,0,177,C4, 
478.25,50,54,0.5,0,177,D3, 
478.5,43,50,0.5,1,177,G2, 
478.75,50,54,0.5,0,177,D3, 
479,42,49,0.5,1,177,F#2,Y
479.25,50,54,0.5,0,177,D3, 
479.5,40,48,0.5,1,177,E2, 
479.75,50,54,0.5,0,177,D3, 
480,42,49,1,1,178,F#2,Y
480.25,50,54,0.25,0,178,D3, 
480.5,57,58,0.25,0,178,A3, 
480.5,60,60,0.5,0,178,C4, 
480.75,50,54,0.25,0,178,D3, 
481,38,47,1.5,1,178,D2, 
481,59,59,0.25,0,178,B3, 
481,62,61,0.5,0,178,D4, 
481.25,50,54,0.25,0,178,D3, 
481.5,57,58,0.25,0,178,A3, 
481.5,60,60,0.5,0,178,C4, 
481.75,50,54,0.25,0,178,D3, 
482,55,57,2.5,0,179,G3, 
482,59,59,2.5,0,179,B3, 
482.25,50,54,0.25,0,179,D3, 
482.5,39,47,0.5,1,179,D#2,Y
482.75,51,54,0.25,0,179,D#3,Y
483,40,48,0.5,1,179,E2, 
483.25,52,55,0.25,0,179,E3, 
483.5,35,45,0.5,1,179,B1, 
483.75,47,52,0.25,0,179,B2, 
484,36,46,0.5,1,180,C2, 
484.25,48,53,0.25,0,180,C3, 
484.5,37,46,0.5,1,180,C#2,Y
484.5,55,57,0.25,0,180,G3, 
484.5,57,58,0.5,0,180,A3, 
484.75,49,53,0.25,0,180,C#3,Y
485,38,47,1.5,1,180,D2, 
485,55,57,0.25,0,180,G3, 
485,57,58,0.5,0,180,A3, 
485.25,50,54,0.25,0,180,D3, 
485.5,54,56,0.25,0,180,F#3,Y
485.5,60,60,0.5,0,180,C4, 
485.75,50,54,0.25,0,180,D3, 
486,55,57,2.5,0,181,G3, 
486,59,59,2.5,0,181,B3, 
486.25,50,54,0.25,0,181,D3, 
486.5,39,47,0.5,1,181,D#2,Y
486.75,51,54,0.25,0,181,D#3,Y
487,40,48,0.5,1,181,E2, 
487.25,52,55,0.25,0,181,E3, 
487.5,35,45,0.5,1,181,B1, 
487.75,47,52,0.25,0,181,B2, 
488,36,46,0.5,1,182,C2, 
488.25,48,53,0.25,0,182,C3, 
488.5,37,46,0.5,1,182,C#2,Y
488.5,55,57,0.25,0,182,G3, 
488.5,57,58,0.5,0,182,A3, 
488.75,49,53,0.25,0,182,C#3,Y
489,38,47,1.5,1,182,D2, 
489,55,57,0.25,0,182,G3, 
489,57,58,0.5,0,182,A3, 
489.25,50,54,0.25,0,182,D3, 
489.5,54,56,0.25,0,182,F#3,Y
489.5,60,60,0.5,0,182,C4, 
489.75,50,54,0.25,0,182,D3, 
490,55,57,2.5,0,183,G3, 
490,59,59,2.5,0,183,B3, 
490.25,50,54,0.25,0,183,D3, 
490.5,39,47,0.5,1,183,D#2,Y
490.75,51,54,0.25,0,183,D#3,Y
491,40,48,0.5,1,183,E2, 
491.25,52,55,0.25,0,183,E3, 
491.5,41,49,0.5,1,183,F2, 
491.75,53,56,0.25,0,183,F3, 
492,40,48,0.5,1,184,E2, 
492.25,52,55,0.25,0,184,E3, 
492.5,41,49,0.5,1,184,F2, 
492.5,55,57,0.25,0,184,G3, 
492.5,59,59,0.5,0,184,B3, 
492.75,50,54,0.25,0,184,D3, 
493,40,48,0.5,1,184,E2, 
493,55,57,0.25,0,184,G3, 
493,60,60,0.5,0,184,C4, 
493.25,52,55,0.25,0,184,E3, 
493.5,38,47,0.5,1,184,D2, 
493.5,59,59,0.25,0,184,B3, 
493.5,62,61,0.5,0,184,D4, 
493.75,53,56,0.25,0,184,F3, 
494,36,46,1,1,185,C2, 
494,55,57,0.25,0,185,G3, 
494,64,62,1,0,185,E4, 
494.25,52,55,0.25,0,185,E3, 
494.5,55,57,0.25,0,185,G3, 
494.75,52,55,0.25,0,185,E3, 
495,37,46,1,1,185,C#2,Y
495,55,57,0.25,0,185,G3, 
495,57,58,1,0,185,A3, 
495.25,52,55,0.25,0,185,E3, 
495.5,55,57,0.25,0,185,G3, 
495.75,52,55,0.25,0,185,E3, 
496,38,47,1,1,186,D2, 
496,55,57,0.25,0,186,G3, 
496,59,59,1,0,186,B3, 
496.25,50,54,0.25,0,186,D3, 
496.5,55,57,0.25,0,186,G3, 
496.75,50,54,0.25,0,186,D3, 
497,38,47,1,1,186,D2, 
497,54,56,0.25,0,186,F#3,Y
497,60,60,1,0,186,C4, 
497.25,50,54,0.25,0,186,D3, 
497.5,54,56,0.25,0,186,F#3,Y
497.75,50,54,0.25,0,186,D3, 
497.75,57,58,0.25,0,186,A3, 
498,55,57,1,0,187,G3, 
498.5,43,50,1.5,1,187,G2, 
498.75,47,52,1.25,1,187,B2, 
499,50,54,1,1,187,D3, 
499.25,62,61,0.25,0,187,D4, 
499.5,74,68,0.25,0,187,D5, 
499.75,70,65,0.25,0,187,A#4,Y
500,71,66,1.25,0,188,B4, 
500.5,43,50,1.5,1,188,G2, 
500.75,50,54,1.25,1,188,D3, 
501,53,56,1,1,188,F3, 
501.25,67,64,0.25,0,188,G4, 
501.5,79,71,0.25,0,188,G5, 
501.75,71,66,0.25,0,188,B4, 
502,72,67,1.25,0,189,C5, 
502.5,43,50,1.5,1,189,G2, 
502.75,48,53,1.25,1,189,C3, 
503,52,55,1,1,189,E3, 
503.25,72,67,0.25,0,189,C5, 
503.5,84,74,0.25,0,189,C6, 
503.75,83,73,0.25,0,189,B5, 
504,81,72,0.75,0,190,A5, 
504.5,43,50,1.5,1,190,G2, 
504.75,50,54,1.25,1,190,D3, 
504.75,79,71,0.25,0,190,G5, 
505,54,56,1,1,190,F#3,Y
505,78,70,0.25,0,190,F#5,Y
505.25,76,69,0.25,0,190,E5, 
505.5,74,68,0.25,0,190,D5, 
505.75,72,67,0.25,0,190,C5, 
506,70,65,0.5,0,191,A#4,Y
506.5,43,50,1.5,1,191,G2, 
506.5,71,66,0.5,0,191,B4, 
506.75,50,54,1.25,1,191,D3, 
507,55,57,1,1,191,G3, 
507.25,62,61,0.25,0,191,D4, 
507.5,74,68,0.25,0,191,D5, 
507.75,70,65,0.25,0,191,A#4,Y
508,71,66,1.25,0,192,B4, 
508.5,43,50,1.5,1,192,G2, 
508.75,50,54,1.25,1,192,D3, 
509,53,56,1,1,192,F3, 
509.25,67,64,0.25,0,192,G4, 
509.5,79,71,0.25,0,192,G5, 
509.75,71,66,0.25,0,192,B4, 
510,72,67,1.25,0,193,C5, 
510.5,43,50,1.5,1,193,G2, 
510.75,48,53,1.25,1,193,C3, 
511,52,55,1,1,193,E3, 
511.25,72,67,0.25,0,193,C5, 
511.5,88,76,0.25,0,193,E6, 
511.75,86,75,0.25,0,193,D6, 
512,84,74,1.25,0,194,C6, 
512.5,43,50,5.5,1,194,G2, 
512.75,45,51,5.25,1,194,A2, 
513,54,56,5,1,194,F#3,Y
513.25,83,73,0.25,0,194,B5, 
513.5,81,72,0.25,0,194,A5, 
513.75,79,71,0.25,0,194,G5, 
514,78,70,0.25,0,195,F#5,Y
514.25,76,69,0.25,0,195,E5, 
514.5,74,68,0.25,0,195,D5, 
514.75,72,67,0.25,0,195,C5, 
515,71,66,0.25,0,195,B4, 
515.25,69,65,0.25,0,195,A4, 
515.5,67,64,0.25,0,195,G4, 
515.75,66,63,0.25,0,195,F#4,Y
516,64,62,0.25,0,196,E4, 
516.25,62,61,0.25,0,196,D4, 
516.5,61,60,0.25,0,196,C#4,Y
516.75,62,61,0.25,0,196,D4, 
517,61,60,0.25,0,196,C#4,Y
517.25,62,61,0.25,0,196,D4, 
517.5,64,62,0.25,0,196,E4, 
517.75,60,60,0.25,0,196,C4, 
518,43,50,0.5,1,197,G2, 
518,47,52,0.5,1,197,B2, 
518,50,54,0.5,1,197,D3, 
518,55,57,0.5,1,197,G3, 
518,59,59,0.5,0,197,B3, 
519,62,61,1,1,197,D4, 
519,66,63,1,1,197,F#4,Y
519.25,75,68,0.25,0,197,D#5,Y
519.5,76,69,0.25,0,197,E5, 
519.75,72,67,0.25,0,197,C5, 
520,55,57,0.5,1,198,G3, 
520,67,64,0.5,1,198,G4, 
520,71,66,0.5,0,198,B4, 
521,74,68,1,1,198,D5, 
521,78,70,1,1,198,F#5,Y
521.25,87,75,0.25,0,198,D#6,Y
521.5,88,76,0.25,0,198,E6, 
521.75,84,74,0.25,0,198,C6, 
522,74,68,2,1,199,D5, 
522,78,70,2,1,199,F#5,Y
522,84,74,1.5,0,199,C6, 
523.5,83,73,0.125,0,199,B5, 
523.625,84,74,0.125,0,199,C6, 
523.75,86,75,0.125,0,199,D6, 
523.875,84,74,0.125,0,199,C6, 
524,67,64,0.5,1,200,G4, 
524,79,71,0.5,1,200,G5, 
524,83,73,0.5,0,200,B5, 
