0,37,46,7,1,1
0,40,48,7,1,1
0,45,51,7,1,1
0,49,53,2,1,1
0,52,55,2,1,1
0,57,58,2,1,1
2,61,60,0.5,0,1
3,64,62,0.5,0,1
4,69,65,3,0,2
7,49,53,0.5,1,2
7,57,58,0.5,1,2
7,69,65,0.5,0,2
7.5,67,64,0.5,0,2
8,50,54,0.5,1,3
8,57,58,0.5,1,3
8,67,64,0.5,0,3
8.5,65,63,0.5,0,3
9,52,55,1,1,3
9,57,58,1,1,3
9,65,63,0.5,0,3
9.5,64,62,0.5,0,3
10,53,56,0.5,1,3
10,57,58,0.5,1,3
10,64,62,0.5,0,3
10.5,62,61,0.5,0,3
11,49,53,0.5,1,3
11,57,58,0.5,1,3
11,69,65,0.5,0,3
11.5,67,64,0.5,0,3
12,50,54,0.5,1,4
12,57,58,0.5,1,4
12,67,64,0.5,0,4
12.5,65,63,0.5,0,4
13,52,55,0.5,1,4
13,57,58,0.5,1,4
13,65,63,0.5,0,4
13.5,64,62,0.5,0,4
14,53,56,0.5,1,4
14,57,58,0.5,1,4
14,64,62,0.5,0,4
14.5,62,61,0.5,0,4
15,54,56,0.5,1,4
15,62,61,0.5,1,4
15,74,68,0.5,0,4
15.5,72,67,0.5,0,4
16,55,57,0.5,1,5
16,62,61,0.5,1,5
16,72,67,0.5,0,5
16.5,70,66,0.5,0,5
17,57,58,0.5,1,5
17,62,61,0.5,1,5
17,70,66,0.5,0,5
17.5,69,65,0.5,0,5
18,58,59,0.5,1,5
18,62,61,0.5,1,5
18,69,65,0.5,0,5
18.5,67,64,0.5,0,5
19,58,59,0.5,1,5
19,62,61,0.5,1,5
19,67,64,0.5,0,5
19.5,68,64,0.5,0,5
20,57,58,2,1,6
20,62,61,2,1,6
20,65,63,2,0,6
20,68,64,1.5,0,6
21.5,71,66,0.25,0,6
21.75,69,65,0.25,0,6
22,57,58,2,1,6
22,61,60,2,1,6
22,64,62,2,0,6
22,69,65,2,0,6
24,40,48,7,1,7
24,43,50,7,1,7
24,48,53,7,1,7
24,52,55,2,1,7
24,55,57,2,1,7
24,60,60,2,1,7
26,64,62,0.5,0,7
27,67,64,0.5,0,7
28,72,67,3,0,8
31,52,55,1,1,8
31,60,60,1,1,8
31,72,67,0.5,0,8
31.5,70,66,0.5,0,8
32,53,56,0.5,1,9
32,60,60,0.5,1,9
32,70,66,0.5,0,9
32.5,68,64,0.5,0,9
33,68,64,0.5,0,9
33.5,69,65,0.5,0,9
34,69,65,0.5,0,9
34.5,74,68,0.5,0,9
35,54,56,0.5,1,9
35,62,61,0.5,1,9
35,74,68,0.5,0,9
35.5,72,67,0.5,0,9
36,55,57,0.5,1,10
36,62,61,0.5,1,10
36,72,67,0.5,0,10
36.5,69,65,0.5,0,10
37,69,65,0.5,0,10
37.5,70,66,0.5,0,10
38,70,66,0.5,0,10
38.5,75,69,0.5,0,10
39,55,57,0.5,1,10
39,58,59,0.5,1,10
39,63,62,0.5,1,10
39,75,69,0.5,0,10
39.5,74,68,0.5,0,10
40,74,68,0.5,0,11
40.5,73,67,0.5,0,11
41,55,57,0.5,1,11
41,57,58,0.5,1,11
41,61,60,0.5,1,11
41,64,62,0.5,1,11
41,73,67,0.5,0,11
41.5,82,73,0.5,0,11
42,82,73,0.5,0,11
42.5,76,69,0.5,0,11
43,55,57,0.5,1,11
43,58,59,0.5,1,11
43,61,60,0.5,1,11
43,64,62,0.5,1,11
43,76,69,0.5,0,11
43.5,85,74,0.5,0,11
44,85,74,0.5,0,12
44.5,77,70,0.5,0,12
45,56,57,0.5,1,12
45,59,59,0.5,1,12
45,62,61,0.5,1,12
45,65,63,0.5,1,12
45,77,70,0.5,0,12
45.5,86,75,0.5,0,12
46,86,75,0.5,0,12
46.5,77,70,0.5,0,12
47,56,57,0.5,1,12
47,59,59,0.5,1,12
47,62,61,0.5,1,12
47,65,63,0.5,1,12
47,77,70,0.5,0,12
47.5,89,77,0.5,0,12
48,57,58,0.5,1,13
48,62,61,0.5,1,13
48,65,63,0.5,1,13
48,89,77,0.5,0,13
48.5,85,74,0.5,0,13
49,85,74,0.5,0,13
49.5,86,75,0.5,0,13
50,86,75,0.5,0,13
50.5,80,71,0.5,0,13
51,80,71,0.5,0,13
51.5,81,72,0.5,0,13
52,81,72,0.5,0,14
52.5,76,69,0.5,0,14
53,76,69,0.5,0,14
53.5,77,70,0.5,0,14
54,77,70,0.5,0,14
54.5,73,67,0.5,0,14
55,73,67,0.5,0,14
55.5,74,68,0.5,0,14
56,74,68,0.5,0,15
56.5,68,64,0.5,0,15
57,68,64,0.5,0,15
57.5,69,65,0.5,0,15
58,69,65,0.5,0,15
58.5,64,62,0.5,0,15
59,64,62,0.5,0,15
59.5,65,63,0.5,0,15
60,65,63,0.5,0,16
60.5,61,60,0.5,0,16
61,61,60,0.5,0,16
61.5,62,61,0.5,0,16
62,62,61,0.5,0,16
62.5,58,59,0.5,0,16
63,46,52,0.5,1,16
63,58,59,0.5,0,16
63.5,45,51,0.5,1,16
63.5,57,58,0.5,0,16
64,45,51,0.5,1,17
64,57,58,0.5,0,17
64.5,49,53,0.5,1,17
64.5,61,60,0.5,0,17
65,49,53,0.5,1,17
65,61,60,0.5,0,17
65.5,50,54,0.5,1,17
65.5,62,61,0.5,0,17
66,50,54,0.5,1,17
66,62,61,0.5,0,17
66.5,46,52,0.5,1,17
66.5,58,59,0.5,0,17
67,46,52,0.5,1,17
67,58,59,0.5,0,17
67.5,45,51,0.5,1,17
67.5,57,58,0.5,0,17
68,45,51,0.5,1,18
68,57,58,0.5,0,18
68.5,49,53,0.5,1,18
68.5,61,60,0.5,0,18
69,49,53,0.5,1,18
69,61,60,0.5,0,18
69.5,50,54,0.5,1,18
69.5,62,61,0.5,0,18
70,50,54,0.5,1,18
70,62,61,0.5,0,18
70.5,46,52,0.5,1,18
70.5,58,59,0.5,0,18
71,46,52,0.5,1,18
71,58,59,0.5,0,18
71.5,45,51,0.5,1,18
71.5,57,58,0.5,0,18
72,45,51,1,1,19
72,45,51,1,1,19
72,57,58,0.5,0,19
72.5,58,59,0.5,0,19
73,50,54,3,1,19
73,53,56,3,1,19
73,59,59,0.5,0,19
73.5,60,60,0.5,0,19
74,61,60,0.5,0,19
74.5,62,61,0.5,0,19
75,63,62,0.5,0,19
75.5,64,62,0.5,0,19
76,65,63,0.5,0,20
76.5,66,63,0.5,0,20
77,45,51,1,1,20
77,50,54,1,1,20
77,53,56,1,1,20
77,67,64,0.5,0,20
77.5,68,64,0.5,0,20
78,45,51,1,1,20
78,52,55,1,1,20
78,55,57,1,1,20
78,69,65,0.5,0,20
78.5,70,66,0.5,0,20
79,45,51,1,1,20
79,52,55,1,1,20
79,55,57,1,1,20
79,61,60,0.5,0,20
79.5,69,65,0.5,0,20
80,38,47,2,1,21
80,62,61,0.33333,1,21
80.33333,57,58,0.33333,1,21
80.66667,53,56,0.33333,1,21
81,57,58,0.33333,1,21
81.33333,53,56,0.33333,1,21
81.66667,57,58,0.33333,1,21
82,41,49,0.5,1,21
82,53,56,0.33333,1,21
82.33333,57,58,0.33333,1,21
82.66667,53,56,0.33333,1,21
83,45,51,0.5,1,21
83,57,58,0.33333,1,21
83.33333,53,56,0.33333,1,21
83.66667,57,58,0.33333,1,21
84,50,54,12,1,22
84,53,56,0.33333,1,22
84.33333,57,58,0.33333,1,22
84.66667,53,56,0.33333,1,22
85,57,58,0.33333,1,22
85.33333,53,56,0.33333,1,22
85.66667,57,58,0.33333,1,22
86,53,56,0.33333,1,22
86.33333,57,58,0.33333,1,22
86.66667,53,56,0.33333,1,22
87,57,58,0.33333,1,22
87,69,65,1,0,22
87.33333,53,56,0.33333,1,22
87.66667,57,58,0.33333,1,22
88,53,56,0.33333,1,23
88,68,64,1,0,23
88.33333,57,58,0.33333,1,23
88.66667,53,56,0.33333,1,23
89,57,58,0.33333,1,23
89,69,65,1,0,23
89.33333,53,56,0.33333,1,23
89.66667,57,58,0.33333,1,23
90,53,56,0.33333,1,23
90,70,66,1,0,23
90.33333,57,58,0.33333,1,23
90.66667,53,56,0.33333,1,23
91,57,58,0.33333,1,23
91,69,65,1,0,23
91.33333,53,56,0.33333,1,23
91.66667,57,58,0.33333,1,23
92,53,56,0.33333,1,24
92,69,65,2,0,24
92.33333,57,58,0.33333,1,24
92.66667,53,56,0.33333,1,24
93,57,58,0.33333,1,24
93.33333,53,56,0.33333,1,24
93.66667,57,58,0.33333,1,24
94,53,56,0.33333,1,24
94,69,65,2,0,24
94.33333,57,58,0.33333,1,24
94.66667,53,56,0.33333,1,24
95,57,58,0.33333,1,24
95.33333,53,56,0.33333,1,24
95.66667,57,58,0.33333,1,24
96,40,48,2,1,25
96,69,65,0.33333,1,25
96.33333,61,60,0.33333,1,25
96.66667,55,57,0.33333,1,25
97,61,60,0.33333,1,25
97.33333,55,57,0.33333,1,25
97.66667,61,60,0.33333,1,25
98,43,50,0.5,1,25
98,55,57,0.33333,1,25
98.33333,61,60,0.33333,1,25
98.66667,55,57,0.33333,1,25
99,49,53,0.5,1,25
99,61,60,0.33333,1,25
99.33333,55,57,0.33333,1,25
99.66667,61,60,0.33333,1,25
100,52,55,4,1,26
100,55,57,0.33333,1,26
100.33333,61,60,0.33333,1,26
100.66667,55,57,0.33333,1,26
101,61,60,0.33333,1,26
101.33333,55,57,0.33333,1,26
101.66667,61,60,0.33333,1,26
102,55,57,0.33333,1,26
102.33333,61,60,0.33333,1,26
102.66667,55,57,0.33333,1,26
103,61,60,0.33333,1,26
103,69,65,1,0,26
103.33333,55,57,0.33333,1,26
103.66667,61,60,0.33333,1,26
104,52,55,4,1,27
104,55,57,0.33333,1,27
104,68,64,1,0,27
104.33333,61,60,0.33333,1,27
104.66667,55,57,0.33333,1,27
105,61,60,0.33333,1,27
105,69,65,1,0,27
105.33333,55,57,0.33333,1,27
105.66667,61,60,0.33333,1,27
106,55,57,0.33333,1,27
106,70,66,1,0,27
106.33333,61,60,0.33333,1,27
106.66667,55,57,0.33333,1,27
107,61,60,0.33333,1,27
107,69,65,1,0,27
107.33333,55,57,0.33333,1,27
107.66667,61,60,0.33333,1,27
108,52,55,4,1,28
108,55,57,0.33333,1,28
108,69,65,2,0,28
108.33333,61,60,0.33333,1,28
108.66667,55,57,0.33333,1,28
109,61,60,0.33333,1,28
109.33333,55,57,0.33333,1,28
109.66667,61,60,0.33333,1,28
110,55,57,0.33333,1,28
110,69,65,2,0,28
110.33333,61,60,0.33333,1,28
110.66667,55,57,0.33333,1,28
111,61,60,0.33333,1,28
111.33333,55,57,0.33333,1,28
111.66667,61,60,0.33333,1,28
112,41,49,2,1,29
112,69,65,0.33333,0,29
112.33333,62,61,0.33333,0,29
112.66667,57,58,0.33333,0,29
113,62,61,0.33333,0,29
113.33333,57,58,0.33333,0,29
113.66667,62,61,0.33333,0,29
114,45,51,0.5,1,29
114,57,58,0.33333,0,29
114.33333,62,61,0.33333,0,29
114.66667,57,58,0.33333,0,29
115,50,54,0.5,1,29
115,62,61,0.33333,0,29
115.33333,57,58,0.33333,0,29
115.66667,62,61,0.33333,0,29
116,53,56,4,1,30
116,57,58,0.33333,1,30
116.33333,62,61,0.33333,1,30
116.66667,57,58,0.33333,1,30
117,62,61,0.33333,1,30
117.33333,57,58,0.33333,1,30
117.66667,62,61,0.33333,1,30
118,57,58,0.33333,1,30
118,74,68,0.5,0,30
118.33333,62,61,0.33333,1,30
118.66667,57,58,0.33333,1,30
119,62,61,0.33333,1,30
119.33333,57,58,0.33333,1,30
119.66667,62,61,0.33333,1,30
120,44,50,2,1,31
120,64,62,0.33333,0,31
120.33333,59,59,0.33333,0,31
120.66667,64,62,0.33333,0,31
121,59,59,0.33333,0,31
121.33333,64,62,0.33333,0,31
121.66667,59,59,0.33333,0,31
122,47,52,0.5,1,31
122,64,62,0.33333,0,31
122.33333,59,59,0.33333,0,31
122.66667,64,62,0.33333,0,31
123,52,55,0.5,1,31
123,59,59,0.33333,0,31
123.33333,64,62,0.33333,0,31
123.66667,59,59,0.33333,0,31
124,56,57,4,1,32
124,59,59,0.33333,1,32
124.33333,64,62,0.33333,1,32
124.66667,59,59,0.33333,1,32
125,64,62,0.33333,1,32
125.33333,59,59,0.33333,1,32
125.66667,64,62,0.33333,1,32
126,59,59,0.33333,1,32
126,76,69,0.5,0,32
126.33333,64,62,0.33333,1,32
126.66667,59,59,0.33333,1,32
127,64,62,0.33333,1,32
127.33333,59,59,0.33333,1,32
127.66667,64,62,0.33333,1,32
128,45,51,2,1,33
128,65,63,0.33333,0,33
128.33333,60,60,0.33333,0,33
128.65833,65,63,0.33333,0,33
129,60,60,0.33333,0,33
129.33333,65,63,0.33333,0,33
129.65833,60,60,0.33333,0,33
130,48,53,0.5,1,33
130,65,63,0.33333,0,33
130.33333,60,60,0.33333,0,33
130.65833,65,63,0.33333,0,33
131,53,56,0.5,1,33
131,60,60,0.33333,0,33
131.33333,65,63,0.33333,0,33
131.65833,60,60,0.33333,0,33
132,57,58,4,1,34
132,60,60,0.33333,1,34
132.33333,65,63,0.33333,1,34
132.65833,60,60,0.33333,1,34
133,65,63,0.33333,1,34
133.33333,60,60,0.33333,1,34
133.65833,65,63,0.33333,1,34
134,60,60,0.33333,1,34
134,77,70,0.5,0,34
134.33333,65,63,0.33333,1,34
134.65833,60,60,0.33333,1,34
135,65,63,0.33333,1,34
135.33333,60,60,0.33333,1,34
135.65833,65,63,0.33333,1,34
136,47,52,2,1,35
136,68,64,0.33333,0,35
136.33333,62,61,0.33333,0,35
136.66667,68,64,0.33333,0,35
137,62,61,0.33333,0,35
137.33333,68,64,0.33333,0,35
137.66667,62,61,0.33333,0,35
138,50,54,0.5,1,35
138,68,64,0.33333,0,35
138.33333,62,61,0.33333,0,35
138.66667,68,64,0.33333,0,35
139,56,57,0.5,1,35
139,62,61,0.33333,0,35
139.33333,68,64,0.33333,0,35
139.66667,62,61,0.33333,0,35
140,59,59,4,1,36
140,62,61,0.33333,1,36
140.33333,68,64,0.33333,1,36
140.66667,62,61,0.33333,1,36
141,68,64,0.33333,1,36
141.33333,62,61,0.33333,1,36
141.66667,68,64,0.33333,1,36
142,62,61,0.33333,1,36
142,80,71,0.5,0,36
142.33333,68,64,0.33333,1,36
142.66667,62,61,0.33333,1,36
143,68,64,0.33333,1,36
143.33333,62,61,0.33333,1,36
143.66667,68,64,0.33333,1,36
144,48,53,2,1,37
144,69,65,0.33333,0,37
144.33333,64,62,0.33333,0,37
144.66667,69,65,0.33333,0,37
145,64,62,0.33333,0,37
145.33333,69,65,0.33333,0,37
145.66667,64,62,0.33333,0,37
146,57,58,0.5,1,37
146,69,65,0.33333,0,37
146.33333,64,62,0.33333,0,37
146.66667,69,65,0.33333,0,37
147,60,60,0.5,1,37
147,64,62,0.33333,0,37
147.33333,69,65,0.33333,0,37
147.66667,64,62,0.33333,0,37
148,63,61,4,1,38
148,66,63,4,1,38
148,69,65,0.33333,0,38
148.33333,72,67,0.33333,0,38
148.66667,69,65,0.33333,0,38
149,72,67,0.33333,0,38
149.33333,69,65,0.33333,0,38
149.66667,72,67,0.33333,0,38
150,69,65,0.33333,0,38
150,81,72,1,0,38
150.33333,72,67,0.33333,0,38
150.66667,69,65,0.33333,0,38
151,72,67,0.33333,0,38
151.33333,69,65,0.33333,0,38
151.66667,72,67,0.33333,0,38
152,63,61,4,1,39
152,66,63,4,1,39
152,69,65,0.33333,0,39
152.33333,72,67,0.33333,0,39
152.66667,69,65,0.33333,0,39
153,72,67,0.33333,0,39
153.33333,69,65,0.33333,0,39
153.66667,72,67,0.33333,0,39
154,69,65,0.33333,0,39
154,81,72,1,0,39
154.33333,72,67,0.33333,0,39
154.66667,69,65,0.33333,0,39
155,72,67,0.33333,0,39
155.33333,69,65,0.33333,0,39
155.66667,72,67,0.33333,0,39
156,63,61,4,1,40
156,66,63,4,1,40
156,69,65,0.33333,0,40
156.33333,72,67,0.33333,0,40
156.66667,69,65,0.33333,0,40
157,72,67,0.33333,0,40
157.33333,69,65,0.33333,0,40
157.66667,72,67,0.33333,0,40
158,69,65,0.33333,0,40
158,81,72,1,0,40
158.33333,72,67,0.33333,0,40
158.66667,69,65,0.33333,0,40
159,72,67,0.33333,0,40
159.33333,69,65,0.33333,0,40
159.66667,72,67,0.33333,0,40
160,52,55,0.5,1,41
160,68,64,1,0,41
160,71,66,1,0,41
160,80,71,1,0,41
160.5,64,62,0.5,1,41
161,59,59,0.5,1,41
161,62,61,0.5,1,41
161.5,64,62,0.5,1,41
162,65,63,0.5,1,41
162.5,64,62,0.5,1,41
163,59,59,0.5,1,41
163,62,61,0.5,1,41
163,83,73,0.5,0,41
163.5,64,62,0.5,1,41
163.5,80,71,0.5,0,41
164,52,55,0.5,1,42
164,76,69,0.5,0,42
164.5,64,62,0.5,1,42
164.5,77,70,0.5,0,42
165,59,59,0.5,1,42
165,62,61,0.5,1,42
165,77,70,0.5,0,42
165.5,64,62,0.5,1,42
165.5,74,68,0.5,0,42
166,65,63,0.5,1,42
166.5,64,62,0.5,1,42
167,59,59,0.5,1,42
167,62,61,0.5,1,42
167,83,73,0.5,0,42
167.5,64,62,0.5,1,42
167.5,80,71,0.5,0,42
168,52,55,0.5,1,43
168,76,69,0.5,0,43
168.5,64,62,0.5,1,43
168.5,77,70,0.5,0,43
169,59,59,0.5,1,43
169,62,61,0.5,1,43
169,77,70,0.5,0,43
169.5,64,62,0.5,1,43
169.5,74,68,0.5,0,43
170,65,63,0.5,1,43
170.5,64,62,0.5,1,43
171,59,59,0.5,1,43
171,62,61,0.5,1,43
171,83,73,0.5,0,43
171.5,64,62,0.5,1,43
171.5,80,71,0.5,0,43
172,52,55,0.5,1,44
172,76,69,0.5,0,44
172.5,64,62,0.5,1,44
172.5,77,70,0.5,0,44
173,59,59,0.5,1,44
173,62,61,0.5,1,44
173,77,70,0.5,0,44
173.5,64,62,0.5,1,44
173.5,74,68,0.5,0,44
174,52,55,0.5,1,44
174,74,68,0.5,0,44
174.5,64,62,0.5,1,44
174.5,72,67,0.5,0,44
175,56,57,0.5,1,44
175,59,59,0.5,1,44
175,72,67,0.5,0,44
175.5,64,62,0.5,1,44
175.5,71,66,0.5,0,44
176,52,55,0.5,1,45
176,71,66,0.5,0,45
176.5,64,62,0.5,1,45
176.5,72,67,0.5,0,45
177,57,58,0.5,1,45
177,60,60,0.5,1,45
177,69,65,1,0,45
177.5,64,62,0.5,1,45
178,65,63,0.5,1,45
178.5,64,62,0.5,1,45
179,57,58,0.5,1,45
179,60,60,0.5,1,45
179,84,74,0.5,0,45
179.5,64,62,0.5,1,45
179.5,81,72,0.5,0,45
180,52,55,0.5,1,46
180,75,68,0.5,0,46
180.5,64,62,0.5,1,46
180.5,76,69,0.5,0,46
181,57,58,0.5,1,46
181,60,60,0.5,1,46
181,76,69,0.5,0,46
181.5,64,62,0.5,1,46
181.5,72,67,0.5,0,46
182,65,63,0.5,1,46
182.5,64,62,0.5,1,46
183,57,58,0.5,1,46
183,60,60,0.5,1,46
183,84,74,0.5,0,46
183.5,64,62,0.5,1,46
183.5,81,72,0.5,0,46
184,52,55,0.5,1,47
184,75,68,0.5,0,47
184.5,64,62,0.5,1,47
184.5,76,69,0.5,0,47
185,57,58,0.5,1,47
185,60,60,0.5,1,47
185,76,69,0.5,0,47
185.5,64,62,0.5,1,47
185.5,72,67,0.5,0,47
186,65,63,0.5,1,47
186.5,64,62,0.5,1,47
187,57,58,0.5,1,47
187,60,60,0.5,1,47
187,84,74,0.5,0,47
187.5,64,62,0.5,1,47
187.5,81,72,0.5,0,47
188,52,55,0.5,1,48
188,75,68,0.5,0,48
188.5,64,62,0.5,1,48
188.5,76,69,0.5,0,48
189,57,58,0.5,1,48
189,60,60,0.5,1,48
189,76,69,0.5,0,48
189.5,64,62,0.5,1,48
189.5,72,67,0.5,0,48
190,52,55,0.5,1,48
190,72,67,0.5,0,48
190.5,64,62,0.5,1,48
190.5,71,66,0.5,0,48
191,57,58,0.5,1,48
191,60,60,0.5,1,48
191,71,66,0.5,0,48
191.5,64,62,0.5,1,48
191.5,69,65,0.5,0,48
192,52,55,0.5,1,49
192,69,65,0.5,0,49
192.5,64,62,0.5,1,49
192.5,68,64,0.5,0,49
193,59,59,0.5,1,49
193,62,61,0.5,1,49
193,71,66,0.5,0,49
193.5,64,62,0.5,1,49
194,65,63,0.5,1,49
194.5,64,62,0.5,1,49
195,59,59,0.5,1,49
195,62,61,0.5,1,49
195,89,77,0.5,0,49
195.5,64,62,0.5,1,49
195.5,86,75,0.5,0,49
196,52,55,0.5,1,50
196,85,74,0.5,0,50
196.5,64,62,0.5,1,50
196.5,86,75,0.5,0,50
197,59,59,0.5,1,50
197,62,61,0.5,1,50
197,83,73,0.5,0,50
197.5,64,62,0.5,1,50
198,65,63,0.5,1,50
198.5,64,62,0.5,1,50
199,59,59,0.5,1,50
199,62,61,0.5,1,50
199,89,77,0.5,0,50
199.5,64,62,0.5,1,50
199.5,86,75,0.5,0,50
200,52,55,0.5,1,51
200,85,74,0.5,0,51
200.5,64,62,0.5,1,51
200.5,86,75,0.5,0,51
201,59,59,0.5,1,51
201,62,61,0.5,1,51
201,83,73,0.5,0,51
201.5,64,62,0.5,1,51
202,65,63,0.5,1,51
202.5,64,62,0.5,1,51
203,59,59,0.5,1,51
203,62,61,0.5,1,51
203,89,77,0.5,0,51
203.5,64,62,0.5,1,51
203.5,86,75,0.5,0,51
204,52,55,1,1,52
204,59,59,1,1,52
204,62,61,1,1,52
204,83,73,0.5,0,52
204.5,86,75,0.5,0,52
205,80,71,0.5,0,52
205.5,83,73,0.5,0,52
206,77,70,0.5,0,52
206.5,80,71,0.5,0,52
207,74,68,0.5,0,52
207.5,77,70,0.5,0,52
208,71,66,0.5,0,53
208.5,74,68,0.5,0,53
209,68,64,0.5,0,53
209.5,71,66,0.5,0,53
210,65,63,0.5,0,53
210.5,68,64,0.5,0,53
211,62,61,0.5,0,53
211.5,65,63,0.5,0,53
212,59,59,0.5,0,54
212.5,62,61,0.5,0,54
213,44,50,0.5,1,54
213,56,57,0.5,0,54
213.5,47,52,0.5,1,54
213.5,59,59,0.5,0,54
214,38,47,0.5,1,54
214,50,54,0.5,0,54
214.5,47,52,0.5,1,54
214.5,59,59,0.5,0,54
215,44,50,0.5,1,54
215,56,57,0.5,0,54
215.5,38,47,0.5,1,54
215.5,50,54,0.5,0,54
216,36,46,1,1,55
216,48,53,1,0,55
217,36,46,0.5,1,55
217,40,48,0.5,1,55
217,45,51,0.5,1,55
217,48,53,0.5,0,55
217,52,55,0.5,0,55
217,57,58,0.5,0,55
218,38,47,2,1,55
218,41,49,2,1,55
218,46,52,4,1,55
218,50,54,2,0,55
218,53,56,2,0,55
218,58,59,4,0,55
222,45,51,1,1,56
222,57,58,1,0,56
223,44,50,1,1,56
223,56,57,1,0,56
224,36,46,0.5,1,57
224,40,48,0.5,1,57
224,45,51,0.5,1,57
224,48,53,0.5,0,57
224,52,55,0.5,0,57
224,57,58,0.5,0,57
225,48,53,0.5,1,57
225,52,55,0.5,1,57
225,57,58,0.5,1,57
225,60,60,0.5,0,57
225,64,62,0.5,0,57
225,69,65,0.5,0,57
226,50,54,2,1,57
226,53,56,2,1,57
226,58,59,4,1,57
226,62,61,2,0,57
226,65,63,2,0,57
226,70,66,4,0,57
228,50,54,4,1,58
228,53,56,4,1,58
230,57,58,1,1,58
230,69,65,1,0,58
231,56,57,1,1,58
231,68,64,1,0,58
232,48,53,0.5,1,59
232,52,55,0.5,1,59
232,57,58,0.5,1,59
232,60,60,0.5,0,59
232,64,62,0.5,0,59
232,69,65,0.5,0,59
233,60,60,0.5,1,59
233,64,62,0.5,1,59
233,69,65,0.5,0,59
233,81,72,0.5,0,59
234,62,61,3,1,59
234,65,63,2,1,59
234,70,66,3,0,59
234,82,73,2,0,59
237,63,61,0.5,1,60
237,66,63,0.5,1,60
237,71,66,0.5,0,60
237,83,73,0.5,0,60
238,64,62,3,1,60
238,69,65,2,1,60
238,72,67,3,0,60
238,84,74,2,0,60
241,64,62,1,1,61
241,69,65,4,1,61
241,73,67,1,0,61
241,85,74,1,0,61
242,65,63,1,1,61
242,74,68,1,0,61
242,86,75,1,0,61
243,61,60,1,1,61
243,76,69,1,0,61
243,88,76,1,0,61
244,62,61,1,1,62
244,77,70,1,0,62
244,89,77,1,0,62
245,50,54,1,1,62
245,58,59,1,1,62
245,62,61,1,1,62
245,65,63,2,0,62
245,77,70,2,0,62
246,52,55,2,1,62
246,57,58,1,1,62
246,60,60,1,1,62
247,56,57,1,1,62
247,59,59,1,1,62
247,64,62,1,0,62
247,76,69,1,0,62
248,45,51,1,1,63
248,57,58,1,1,63
248,69,65,1,0,63
249,33,44,0.5,1,63
250,34,45,4,1,63
251,61,60,0.5,0,63
251,64,62,0.5,0,63
252,62,61,0.5,0,64
252,65,63,0.5,0,64
253,65,63,2,0,64
253,74,68,2,0,64
254,33,44,1,1,64
255,32,43,1,1,64
255,65,63,0.5,0,64
255,74,68,0.5,0,64
256,33,44,0.5,1,65
256,64,62,0.5,0,65
256,73,67,0.5,0,65
257,33,44,0.5,1,65
258,34,45,4,1,65
259,61,60,0.5,0,65
259,64,62,0.5,0,65
260,62,61,0.5,0,66
260,65,63,0.5,0,66
261,74,68,2,0,66
261,77,70,2,0,66
262,33,44,1,1,66
263,32,43,1,1,66
263,74,68,0.5,0,66
263,77,70,0.5,0,66
264,33,44,0.5,1,67
264,73,67,0.5,0,67
264,76,69,0.5,0,67
265,33,44,0.5,1,67
266,34,45,4,1,67
267,61,60,0.5,0,67
267,64,62,0.5,0,67
268,62,61,0.5,0,68
268,65,63,0.5,0,68
269,74,68,2,0,68
269,77,70,2,0,68
270,33,44,1,1,68
271,32,43,1,1,68
271,86,75,2,0,68
271,89,77,1,0,68
272,31,43,0.5,1,69
272.5,30,42,0.5,1,69
273,31,43,0.5,1,69
273.5,33,44,0.5,1,69
274,35,45,0.5,1,69
274.5,31,43,0.5,1,69
275,33,44,0.5,1,69
275,74,68,1,0,69
275,77,70,1,0,69
275.5,35,45,0.5,1,69
276,36,46,0.5,1,70
276,72,67,0.5,0,70
276,76,69,0.5,0,70
276.5,35,45,0.5,1,70
277,36,46,0.5,1,70
277.5,38,47,0.5,1,70
278,40,48,0.5,1,70
278.5,39,47,0.5,1,70
279,40,48,0.5,1,70
279,84,74,1,0,70
279,88,76,1,0,70
279.5,39,47,0.5,1,70
280,40,48,0.5,1,71
280,83,73,0.5,0,71
280,86,75,0.5,0,71
280.5,39,47,0.5,1,71
281,40,48,0.5,1,71
281.5,42,49,0.5,1,71
282,44,50,0.5,1,71
282.5,40,48,0.5,1,71
283,42,49,0.5,1,71
283,71,66,1,0,71
283,74,68,1,0,71
283.5,44,50,0.5,1,71
284,45,51,0.5,1,72
284,69,65,0.5,0,72
284,72,67,0.5,0,72
284.5,44,50,0.5,1,72
285,45,51,0.5,1,72
285.5,47,52,0.5,1,72
286,48,53,0.5,1,72
286.5,45,51,0.5,1,72
287,47,52,0.5,1,72
287,81,72,2,0,72
287,84,74,1,0,72
287.5,48,53,0.5,1,72
288,50,54,0.5,1,73
288,83,73,0.5,0,73
288.5,49,53,0.5,1,73
289,50,54,0.5,1,73
289.5,52,55,0.5,1,73
290,53,56,0.5,1,73
290.5,50,54,0.5,1,73
291,52,55,0.5,1,73
291,69,65,1,0,73
291,71,66,1,0,73
291.5,53,56,0.5,1,73
292,52,55,0.5,1,74
292,68,64,0.5,0,74
292,71,66,0.5,0,74
292.5,63,61,0.5,1,74
293,64,62,0.5,1,74
293.5,63,61,0.5,1,74
294,64,62,0.5,1,74
294.5,63,61,0.5,1,74
295,64,62,0.5,1,74
295,71,66,1,0,74
295,80,71,1,0,74
295.5,52,55,0.5,1,74
296,52,55,8,1,74
296,60,60,2,1,75
296,64,62,2,1,75
296,81,72,0.5,0,75
296.5,76,69,0.5,0,75
297,72,67,0.5,0,75
297.5,84,74,0.5,0,75
298,59,59,2,1,75
298,62,61,2,1,75
298,83,73,0.5,0,75
298.5,80,71,0.5,0,75
299,76,69,0.5,0,75
299.5,86,75,0.5,0,75
300,57,58,2,1,76
300,60,60,2,1,76
300,84,74,0.5,0,76
300.5,81,72,0.5,0,76
301,76,69,0.5,0,76
301.5,88,76,0.5,0,76
302,56,57,2,1,76
302,59,59,2,1,76
302,87,75,0.5,0,76
302.5,88,76,0.5,0,76
303,87,75,0.5,0,76
303.5,88,76,0.5,0,76
304,57,58,0.5,1,77
304,76,69,2,0,77
304,84,74,2,0,77
304,88,76,2,0,77
304.5,52,55,0.5,1,77
305,48,53,0.5,1,77
305.5,57,58,0.5,1,77
306,59,59,0.5,1,77
306,74,68,2,0,77
306,83,73,2,0,77
306,86,75,2,0,77
306.5,56,57,0.5,1,77
307,52,55,0.5,1,77
307.5,59,59,0.5,1,77
308,60,60,0.5,1,78
308,72,67,2,0,78
308,81,72,2,0,78
308,84,74,2,0,78
308.5,57,58,0.5,1,78
309,52,55,0.5,1,78
309.5,64,62,0.5,1,78
310,63,61,0.5,1,78
310,71,66,2,0,78
310,80,71,2,0,78
310,83,73,2,0,78
310.5,64,62,0.5,1,78
311,63,61,0.5,1,78
311.5,64,62,0.5,1,78
312,52,55,2,1,79
312,81,72,0.5,0,79
312.5,76,69,0.5,0,79
313,60,60,2,1,79
313,64,62,2,1,79
313,72,67,0.5,0,79
313.5,84,74,0.5,0,79
314,52,55,2,1,79
314,83,73,0.5,0,79
314.5,80,71,0.5,0,79
315,59,59,2,1,79
315,62,61,1,1,79
315,76,69,0.5,0,79
315.5,86,75,0.5,0,79
316,52,55,2,1,80
316,84,74,0.5,0,80
316.5,81,72,0.5,0,80
317,57,58,2,1,80
317,60,60,2,1,80
317,76,69,0.5,0,80
317.5,88,76,0.5,0,80
318,52,55,2,1,80
318,87,75,0.5,0,80
318.5,88,76,0.5,0,80
319,56,57,1,1,80
319,59,59,1,1,80
319,87,75,0.5,0,80
319.5,88,76,0.5,0,80
320,57,58,0.5,1,81
320,76,69,3,0,81
320.5,52,55,0.5,1,81
321,48,53,0.5,1,81
321,84,74,2,0,81
321,88,76,2,0,81
321.5,57,58,0.5,1,81
322,59,59,0.5,1,81
322.5,56,57,0.5,1,81
323,52,55,0.5,1,81
323,74,68,1,0,81
323,83,73,2,0,81
323,86,75,1,0,81
323.5,59,59,0.5,1,81
324,60,60,0.5,1,82
324.5,57,58,0.5,1,82
325,52,55,0.5,1,82
325,72,67,2,0,82
325,81,72,2,0,82
325,84,74,2,0,82
325.5,64,62,0.5,1,82
326,63,61,0.5,1,82
326.5,64,62,0.5,1,82
327,63,61,0.5,1,82
327,71,66,1,0,82
327,80,71,1,0,82
327,83,73,1,0,82
327.5,64,62,0.5,1,82
328,52,55,2,1,83
328,81,72,0.5,0,83
328.5,76,69,0.5,0,83
329,60,60,2,1,83
329,64,62,2,1,83
329,72,67,0.5,0,83
329.5,84,74,0.5,0,83
330,52,55,2,1,83
330,83,73,0.5,0,83
330.5,80,71,0.5,0,83
331,59,59,2,1,83
331,62,61,1,1,83
331,76,69,0.5,0,83
331.5,86,75,0.5,0,83
332,52,55,2,1,84
332,84,74,0.5,0,84
332.5,81,72,0.5,0,84
333,57,58,2,1,84
333,60,60,2,1,84
333,76,69,0.5,0,84
333.5,88,76,0.5,0,84
334,52,55,2,1,84
334,87,75,0.5,0,84
334.5,88,76,0.5,0,84
335,56,57,1,1,84
335,59,59,1,1,84
335,87,75,0.5,0,84
335.5,88,76,0.5,0,84
336,45,51,1,1,85
336,45,51,1,1,85
336,84,74,0.5,0,85
336.5,81,72,0.5,0,85
337,57,58,1,1,85
337,76,69,0.5,0,85
337.5,88,76,0.5,0,85
338,52,55,1,1,85
338,52,55,1,1,85
338,87,75,0.5,0,85
338.5,88,76,0.5,0,85
339,56,57,1,1,85
339,59,59,1,1,85
339,87,75,0.5,0,85
339.5,88,76,0.5,0,85
340,57,58,1,1,86
340,57,58,1,1,86
340,84,74,0.5,0,86
340.5,81,72,0.5,0,86
341,60,60,1,1,86
341,76,69,0.5,0,86
341.5,88,76,0.5,0,86
342,52,55,1,1,86
342,52,55,1,1,86
342,87,75,0.5,0,86
342.5,88,76,0.5,0,86
343,56,57,1,1,86
343,59,59,1,1,86
343,87,75,0.5,0,86
343.5,88,76,0.5,0,86
344,45,51,1,1,87
344,57,58,1,1,87
344,81,72,0.5,0,87
346,33,44,2,1,87
346,45,51,2,1,87
346,57,58,2,0,87
348,33,44,2,1,88
348,45,51,2,1,88
348,57,58,2,0,88
350,33,44,2,1,88
350,45,51,2,1,88
350,57,58,2,0,88
352,33,44,8,1,89
352,45,51,8,1,89
352,57,58,8,0,89
360,31,43,2,1,91
360,43,50,2,1,91
360,55,57,2,0,91
362,29,42,2,1,91
362,41,49,2,1,91
362,53,56,2,0,91
364,40,48,2,1,92
364,52,55,2,0,92
366,41,49,1,1,92
366,53,56,1,0,92
367,38,47,1,1,92
367,50,54,1,0,92
368,37,46,7,1,1
368,40,48,7,1,1
368,45,51,7,1,1
368,49,53,2,1,1
368,52,55,2,1,1
368,57,58,2,1,1
370,61,60,0.5,0,1
371,64,62,0.5,0,1
372,69,65,3,0,2
375,49,53,0.5,1,2
375,57,58,0.5,1,2
375,69,65,0.5,0,2
375.5,67,64,0.5,0,2
376,50,54,0.5,1,3
376,57,58,0.5,1,3
376,67,64,0.5,0,3
376.5,65,63,0.5,0,3
377,52,55,1,1,3
377,57,58,1,1,3
377,65,63,0.5,0,3
377.5,64,62,0.5,0,3
378,53,56,0.5,1,3
378,57,58,0.5,1,3
378,64,62,0.5,0,3
378.5,62,61,0.5,0,3
379,49,53,0.5,1,3
379,57,58,0.5,1,3
379,69,65,0.5,0,3
379.5,67,64,0.5,0,3
380,50,54,0.5,1,4
380,57,58,0.5,1,4
380,67,64,0.5,0,4
380.5,65,63,0.5,0,4
381,52,55,0.5,1,4
381,57,58,0.5,1,4
381,65,63,0.5,0,4
381.5,64,62,0.5,0,4
382,53,56,0.5,1,4
382,57,58,0.5,1,4
382,64,62,0.5,0,4
382.5,62,61,0.5,0,4
383,54,56,0.5,1,4
383,62,61,0.5,1,4
383,74,68,0.5,0,4
383.5,72,67,0.5,0,4
384,55,57,0.5,1,5
384,62,61,0.5,1,5
384,72,67,0.5,0,5
384.5,70,66,0.5,0,5
385,57,58,0.5,1,5
385,62,61,0.5,1,5
385,70,66,0.5,0,5
385.5,69,65,0.5,0,5
386,58,59,0.5,1,5
386,62,61,0.5,1,5
386,69,65,0.5,0,5
386.5,67,64,0.5,0,5
387,58,59,0.5,1,5
387,62,61,0.5,1,5
387,67,64,0.5,0,5
387.5,68,64,0.5,0,5
388,57,58,2,1,6
388,62,61,2,1,6
388,65,63,2,0,6
388,68,64,1.5,0,6
389.5,71,66,0.25,0,6
389.75,69,65,0.25,0,6
390,57,58,2,1,6
390,61,60,2,1,6
390,64,62,2,0,6
390,69,65,2,0,6
392,40,48,7,1,7
392,43,50,7,1,7
392,48,53,7,1,7
392,52,55,2,1,7
392,55,57,2,1,7
392,60,60,2,1,7
394,64,62,0.5,0,7
395,67,64,0.5,0,7
396,72,67,3,0,8
399,52,55,1,1,8
399,60,60,1,1,8
399,72,67,0.5,0,8
399.5,70,66,0.5,0,8
400,53,56,0.5,1,9
400,60,60,0.5,1,9
400,70,66,0.5,0,9
400.5,68,64,0.5,0,9
401,68,64,0.5,0,9
401.5,69,65,0.5,0,9
402,69,65,0.5,0,9
402.5,74,68,0.5,0,9
403,54,56,0.5,1,9
403,62,61,0.5,1,9
403,74,68,0.5,0,9
403.5,72,67,0.5,0,9
404,55,57,0.5,1,10
404,62,61,0.5,1,10
404,72,67,0.5,0,10
404.5,69,65,0.5,0,10
405,69,65,0.5,0,10
405.5,70,66,0.5,0,10
406,70,66,0.5,0,10
406.5,75,69,0.5,0,10
407,55,57,0.5,1,10
407,58,59,0.5,1,10
407,63,62,0.5,1,10
407,75,69,0.5,0,10
407.5,74,68,0.5,0,10
408,74,68,0.5,0,11
408.5,73,67,0.5,0,11
409,55,57,0.5,1,11
409,57,58,0.5,1,11
409,61,60,0.5,1,11
409,64,62,0.5,1,11
409,73,67,0.5,0,11
409.5,82,73,0.5,0,11
410,82,73,0.5,0,11
410.5,76,69,0.5,0,11
411,55,57,0.5,1,11
411,58,59,0.5,1,11
411,61,60,0.5,1,11
411,64,62,0.5,1,11
411,76,69,0.5,0,11
411.5,85,74,0.5,0,11
412,85,74,0.5,0,12
412.5,77,70,0.5,0,12
413,56,57,0.5,1,12
413,59,59,0.5,1,12
413,62,61,0.5,1,12
413,65,63,0.5,1,12
413,77,70,0.5,0,12
413.5,86,75,0.5,0,12
414,86,75,0.5,0,12
414.5,77,70,0.5,0,12
415,56,57,0.5,1,12
415,59,59,0.5,1,12
415,62,61,0.5,1,12
415,65,63,0.5,1,12
415,77,70,0.5,0,12
415.5,89,77,0.5,0,12
416,57,58,0.5,1,13
416,62,61,0.5,1,13
416,65,63,0.5,1,13
416,89,77,0.5,0,13
416.5,85,74,0.5,0,13
417,85,74,0.5,0,13
417.5,86,75,0.5,0,13
418,86,75,0.5,0,13
418.5,80,71,0.5,0,13
419,80,71,0.5,0,13
419.5,81,72,0.5,0,13
420,81,72,0.5,0,14
420.5,76,69,0.5,0,14
421,76,69,0.5,0,14
421.5,77,70,0.5,0,14
422,77,70,0.5,0,14
422.5,73,67,0.5,0,14
423,73,67,0.5,0,14
423.5,74,68,0.5,0,14
424,74,68,0.5,0,15
424.5,68,64,0.5,0,15
425,68,64,0.5,0,15
425.5,69,65,0.5,0,15
426,69,65,0.5,0,15
426.5,64,62,0.5,0,15
427,64,62,0.5,0,15
427.5,65,63,0.5,0,15
428,65,63,0.5,0,16
428.5,61,60,0.5,0,16
429,61,60,0.5,0,16
429.5,62,61,0.5,0,16
430,62,61,0.5,0,16
430.5,58,59,0.5,0,16
431,46,52,0.5,1,16
431,58,59,0.5,0,16
431.5,45,51,0.5,1,16
431.5,57,58,0.5,0,16
432,45,51,0.5,1,17
432,57,58,0.5,0,17
432.5,49,53,0.5,1,17
432.5,61,60,0.5,0,17
433,49,53,0.5,1,17
433,61,60,0.5,0,17
433.5,50,54,0.5,1,17
433.5,62,61,0.5,0,17
434,50,54,0.5,1,17
434,62,61,0.5,0,17
434.5,46,52,0.5,1,17
434.5,58,59,0.5,0,17
435,46,52,0.5,1,17
435,58,59,0.5,0,17
435.5,45,51,0.5,1,17
435.5,57,58,0.5,0,17
436,45,51,0.5,1,18
436,57,58,0.5,0,18
436.5,49,53,0.5,1,18
436.5,61,60,0.5,0,18
437,49,53,0.5,1,18
437,61,60,0.5,0,18
437.5,50,54,0.5,1,18
437.5,62,61,0.5,0,18
438,50,54,0.5,1,18
438,62,61,0.5,0,18
438.5,46,52,0.5,1,18
438.5,58,59,0.5,0,18
439,46,52,0.5,1,18
439,58,59,0.5,0,18
439.5,45,51,0.5,1,18
439.5,57,58,0.5,0,18
440,45,51,1,1,19
440,45,51,1,1,19
440,57,58,0.5,0,19
440.5,58,59,0.5,0,19
441,50,54,3,1,19
441,53,56,3,1,19
441,59,59,0.5,0,19
441.5,60,60,0.5,0,19
442,61,60,0.5,0,19
442.5,62,61,0.5,0,19
443,63,62,0.5,0,19
443.5,64,62,0.5,0,19
444,65,63,0.5,0,20
444.5,66,63,0.5,0,20
445,45,51,1,1,20
445,50,54,1,1,20
445,53,56,1,1,20
445,67,64,0.5,0,20
445.5,68,64,0.5,0,20
446,45,51,1,1,20
446,52,55,1,1,20
446,55,57,1,1,20
446,69,65,0.5,0,20
446.5,70,66,0.5,0,20
447,45,51,1,1,20
447,52,55,1,1,20
447,55,57,1,1,20
447,61,60,0.5,0,20
447.5,69,65,0.5,0,20
448,38,47,2,1,21
448,62,61,0.33333,1,21
448.33333,57,58,0.33333,1,21
448.66667,53,56,0.33333,1,21
449,57,58,0.33333,1,21
449.33333,53,56,0.33333,1,21
449.66667,57,58,0.33333,1,21
450,41,49,0.5,1,21
450,53,56,0.33333,1,21
450.33333,57,58,0.33333,1,21
450.66667,53,56,0.33333,1,21
451,45,51,0.5,1,21
451,57,58,0.33333,1,21
451.33333,53,56,0.33333,1,21
451.66667,57,58,0.33333,1,21
452,50,54,12,1,22
452,53,56,0.33333,1,22
452.33333,57,58,0.33333,1,22
452.66667,53,56,0.33333,1,22
453,57,58,0.33333,1,22
453.33333,53,56,0.33333,1,22
453.66667,57,58,0.33333,1,22
454,53,56,0.33333,1,22
454.33333,57,58,0.33333,1,22
454.66667,53,56,0.33333,1,22
455,57,58,0.33333,1,22
455,69,65,1,0,22
455.33333,53,56,0.33333,1,22
455.66667,57,58,0.33333,1,22
456,53,56,0.33333,1,23
456,68,64,1,0,23
456.33333,57,58,0.33333,1,23
456.66667,53,56,0.33333,1,23
457,57,58,0.33333,1,23
457,69,65,1,0,23
457.33333,53,56,0.33333,1,23
457.66667,57,58,0.33333,1,23
458,53,56,0.33333,1,23
458,70,66,1,0,23
458.33333,57,58,0.33333,1,23
458.66667,53,56,0.33333,1,23
459,57,58,0.33333,1,23
459,69,65,1,0,23
459.33333,53,56,0.33333,1,23
459.66667,57,58,0.33333,1,23
460,53,56,0.33333,1,24
460,69,65,2,0,24
460.33333,57,58,0.33333,1,24
460.66667,53,56,0.33333,1,24
461,57,58,0.33333,1,24
461.33333,53,56,0.33333,1,24
461.66667,57,58,0.33333,1,24
462,53,56,0.33333,1,24
462,69,65,2,0,24
462.33333,57,58,0.33333,1,24
462.66667,53,56,0.33333,1,24
463,57,58,0.33333,1,24
463.33333,53,56,0.33333,1,24
463.66667,57,58,0.33333,1,24
464,40,48,2,1,25
464,69,65,0.33333,1,25
464.33333,61,60,0.33333,1,25
464.66667,55,57,0.33333,1,25
465,61,60,0.33333,1,25
465.33333,55,57,0.33333,1,25
465.66667,61,60,0.33333,1,25
466,43,50,0.5,1,25
466,55,57,0.33333,1,25
466.33333,61,60,0.33333,1,25
466.66667,55,57,0.33333,1,25
467,49,53,0.5,1,25
467,61,60,0.33333,1,25
467.33333,55,57,0.33333,1,25
467.66667,61,60,0.33333,1,25
468,52,55,4,1,26
468,55,57,0.33333,1,26
468.33333,61,60,0.33333,1,26
468.66667,55,57,0.33333,1,26
469,61,60,0.33333,1,26
469.33333,55,57,0.33333,1,26
469.66667,61,60,0.33333,1,26
470,55,57,0.33333,1,26
470.33333,61,60,0.33333,1,26
470.66667,55,57,0.33333,1,26
471,61,60,0.33333,1,26
471,69,65,1,0,26
471.33333,55,57,0.33333,1,26
471.66667,61,60,0.33333,1,26
472,52,55,4,1,27
472,55,57,0.33333,1,27
472,68,64,1,0,27
472.33333,61,60,0.33333,1,27
472.66667,55,57,0.33333,1,27
473,61,60,0.33333,1,27
473,69,65,1,0,27
473.33333,55,57,0.33333,1,27
473.66667,61,60,0.33333,1,27
474,55,57,0.33333,1,27
474,70,66,1,0,27
474.33333,61,60,0.33333,1,27
474.66667,55,57,0.33333,1,27
475,61,60,0.33333,1,27
475,69,65,1,0,27
475.33333,55,57,0.33333,1,27
475.66667,61,60,0.33333,1,27
476,52,55,4,1,28
476,55,57,0.33333,1,28
476,69,65,2,0,28
476.33333,61,60,0.33333,1,28
476.66667,55,57,0.33333,1,28
477,61,60,0.33333,1,28
477.33333,55,57,0.33333,1,28
477.66667,61,60,0.33333,1,28
478,55,57,0.33333,1,28
478,69,65,2,0,28
478.33333,61,60,0.33333,1,28
478.66667,55,57,0.33333,1,28
479,61,60,0.33333,1,28
479.33333,55,57,0.33333,1,28
479.66667,61,60,0.33333,1,28
480,41,49,2,1,29
480,69,65,0.33333,0,29
480.33333,62,61,0.33333,0,29
480.66667,57,58,0.33333,0,29
481,62,61,0.33333,0,29
481.33333,57,58,0.33333,0,29
481.66667,62,61,0.33333,0,29
482,45,51,0.5,1,29
482,57,58,0.33333,0,29
482.33333,62,61,0.33333,0,29
482.66667,57,58,0.33333,0,29
483,50,54,0.5,1,29
483,62,61,0.33333,0,29
483.33333,57,58,0.33333,0,29
483.66667,62,61,0.33333,0,29
484,53,56,4,1,30
484,57,58,0.33333,1,30
484.33333,62,61,0.33333,1,30
484.66667,57,58,0.33333,1,30
485,62,61,0.33333,1,30
485.33333,57,58,0.33333,1,30
485.66667,62,61,0.33333,1,30
486,57,58,0.33333,1,30
486,74,68,0.5,0,30
486.33333,62,61,0.33333,1,30
486.66667,57,58,0.33333,1,30
487,62,61,0.33333,1,30
487.33333,57,58,0.33333,1,30
487.66667,62,61,0.33333,1,30
488,44,50,2,1,31
488,64,62,0.33333,0,31
488.33333,59,59,0.33333,0,31
488.66667,64,62,0.33333,0,31
489,59,59,0.33333,0,31
489.33333,64,62,0.33333,0,31
489.66667,59,59,0.33333,0,31
490,47,52,0.5,1,31
490,64,62,0.33333,0,31
490.33333,59,59,0.33333,0,31
490.66667,64,62,0.33333,0,31
491,52,55,0.5,1,31
491,59,59,0.33333,0,31
491.33333,64,62,0.33333,0,31
491.66667,59,59,0.33333,0,31
492,56,57,4,1,32
492,59,59,0.33333,1,32
492.33333,64,62,0.33333,1,32
492.66667,59,59,0.33333,1,32
493,64,62,0.33333,1,32
493.33333,59,59,0.33333,1,32
493.66667,64,62,0.33333,1,32
494,59,59,0.33333,1,32
494,76,69,0.5,0,32
494.33333,64,62,0.33333,1,32
494.66667,59,59,0.33333,1,32
495,64,62,0.33333,1,32
495.33333,59,59,0.33333,1,32
495.66667,64,62,0.33333,1,32
496,45,51,2,1,33
496,65,63,0.33333,0,33
496.33333,60,60,0.33333,0,33
496.65833,65,63,0.33333,0,33
497,60,60,0.33333,0,33
497.33333,65,63,0.33333,0,33
497.65833,60,60,0.33333,0,33
498,48,53,0.5,1,33
498,65,63,0.33333,0,33
498.33333,60,60,0.33333,0,33
498.65833,65,63,0.33333,0,33
499,53,56,0.5,1,33
499,60,60,0.33333,0,33
499.33333,65,63,0.33333,0,33
499.65833,60,60,0.33333,0,33
500,57,58,4,1,34
500,60,60,0.33333,1,34
500.33333,65,63,0.33333,1,34
500.65833,60,60,0.33333,1,34
501,65,63,0.33333,1,34
501.33333,60,60,0.33333,1,34
501.65833,65,63,0.33333,1,34
502,60,60,0.33333,1,34
502,77,70,0.5,0,34
502.33333,65,63,0.33333,1,34
502.65833,60,60,0.33333,1,34
503,65,63,0.33333,1,34
503.33333,60,60,0.33333,1,34
503.65833,65,63,0.33333,1,34
504,47,52,2,1,35
504,68,64,0.33333,0,35
504.33333,62,61,0.33333,0,35
504.66667,68,64,0.33333,0,35
505,62,61,0.33333,0,35
505.33333,68,64,0.33333,0,35
505.66667,62,61,0.33333,0,35
506,50,54,0.5,1,35
506,68,64,0.33333,0,35
506.33333,62,61,0.33333,0,35
506.66667,68,64,0.33333,0,35
507,56,57,0.5,1,35
507,62,61,0.33333,0,35
507.33333,68,64,0.33333,0,35
507.66667,62,61,0.33333,0,35
508,59,59,4,1,36
508,62,61,0.33333,1,36
508.33333,68,64,0.33333,1,36
508.66667,62,61,0.33333,1,36
509,68,64,0.33333,1,36
509.33333,62,61,0.33333,1,36
509.66667,68,64,0.33333,1,36
510,62,61,0.33333,1,36
510,80,71,0.5,0,36
510.33333,68,64,0.33333,1,36
510.66667,62,61,0.33333,1,36
511,68,64,0.33333,1,36
511.33333,62,61,0.33333,1,36
511.66667,68,64,0.33333,1,36
512,48,53,2,1,37
512,69,65,0.33333,0,37
512.33333,64,62,0.33333,0,37
512.66667,69,65,0.33333,0,37
513,64,62,0.33333,0,37
513.33333,69,65,0.33333,0,37
513.66667,64,62,0.33333,0,37
514,57,58,0.5,1,37
514,69,65,0.33333,0,37
514.33333,64,62,0.33333,0,37
514.66667,69,65,0.33333,0,37
515,60,60,0.5,1,37
515,64,62,0.33333,0,37
515.33333,69,65,0.33333,0,37
515.66667,64,62,0.33333,0,37
516,63,61,4,1,38
516,66,63,4,1,38
516,69,65,0.33333,0,38
516.33333,72,67,0.33333,0,38
516.66667,69,65,0.33333,0,38
517,72,67,0.33333,0,38
517.33333,69,65,0.33333,0,38
517.66667,72,67,0.33333,0,38
518,69,65,0.33333,0,38
518,81,72,1,0,38
518.33333,72,67,0.33333,0,38
518.66667,69,65,0.33333,0,38
519,72,67,0.33333,0,38
519.33333,69,65,0.33333,0,38
519.66667,72,67,0.33333,0,38
520,63,61,4,1,39
520,66,63,4,1,39
520,69,65,0.33333,0,39
520.33333,72,67,0.33333,0,39
520.66667,69,65,0.33333,0,39
521,72,67,0.33333,0,39
521.33333,69,65,0.33333,0,39
521.66667,72,67,0.33333,0,39
522,69,65,0.33333,0,39
522,81,72,1,0,39
522.33333,72,67,0.33333,0,39
522.66667,69,65,0.33333,0,39
523,72,67,0.33333,0,39
523.33333,69,65,0.33333,0,39
523.66667,72,67,0.33333,0,39
524,63,61,4,1,40
524,66,63,4,1,40
524,69,65,0.33333,0,40
524.33333,72,67,0.33333,0,40
524.66667,69,65,0.33333,0,40
525,72,67,0.33333,0,40
525.33333,69,65,0.33333,0,40
525.66667,72,67,0.33333,0,40
526,69,65,0.33333,0,40
526,81,72,1,0,40
526.33333,72,67,0.33333,0,40
526.66667,69,65,0.33333,0,40
527,72,67,0.33333,0,40
527.33333,69,65,0.33333,0,40
527.66667,72,67,0.33333,0,40
528,52,55,0.5,1,41
528,68,64,1,0,41
528,71,66,1,0,41
528,80,71,1,0,41
528.5,64,62,0.5,1,41
529,59,59,0.5,1,41
529,62,61,0.5,1,41
529.5,64,62,0.5,1,41
530,65,63,0.5,1,41
530.5,64,62,0.5,1,41
531,59,59,0.5,1,41
531,62,61,0.5,1,41
531,83,73,0.5,0,41
531.5,64,62,0.5,1,41
531.5,80,71,0.5,0,41
532,52,55,0.5,1,42
532,76,69,0.5,0,42
532.5,64,62,0.5,1,42
532.5,77,70,0.5,0,42
533,59,59,0.5,1,42
533,62,61,0.5,1,42
533,77,70,0.5,0,42
533.5,64,62,0.5,1,42
533.5,74,68,0.5,0,42
534,65,63,0.5,1,42
534.5,64,62,0.5,1,42
535,59,59,0.5,1,42
535,62,61,0.5,1,42
535,83,73,0.5,0,42
535.5,64,62,0.5,1,42
535.5,80,71,0.5,0,42
536,52,55,0.5,1,43
536,76,69,0.5,0,43
536.5,64,62,0.5,1,43
536.5,77,70,0.5,0,43
537,59,59,0.5,1,43
537,62,61,0.5,1,43
537,77,70,0.5,0,43
537.5,64,62,0.5,1,43
537.5,74,68,0.5,0,43
538,65,63,0.5,1,43
538.5,64,62,0.5,1,43
539,59,59,0.5,1,43
539,62,61,0.5,1,43
539,83,73,0.5,0,43
539.5,64,62,0.5,1,43
539.5,80,71,0.5,0,43
540,52,55,0.5,1,44
540,76,69,0.5,0,44
540.5,64,62,0.5,1,44
540.5,77,70,0.5,0,44
541,59,59,0.5,1,44
541,62,61,0.5,1,44
541,77,70,0.5,0,44
541.5,64,62,0.5,1,44
541.5,74,68,0.5,0,44
542,52,55,0.5,1,44
542,74,68,0.5,0,44
542.5,64,62,0.5,1,44
542.5,72,67,0.5,0,44
543,56,57,0.5,1,44
543,59,59,0.5,1,44
543,72,67,0.5,0,44
543.5,64,62,0.5,1,44
543.5,71,66,0.5,0,44
544,52,55,0.5,1,45
544,71,66,0.5,0,45
544.5,64,62,0.5,1,45
544.5,72,67,0.5,0,45
545,57,58,0.5,1,45
545,60,60,0.5,1,45
545,69,65,1,0,45
545.5,64,62,0.5,1,45
546,65,63,0.5,1,45
546.5,64,62,0.5,1,45
547,57,58,0.5,1,45
547,60,60,0.5,1,45
547,84,74,0.5,0,45
547.5,64,62,0.5,1,45
547.5,81,72,0.5,0,45
548,52,55,0.5,1,46
548,75,68,0.5,0,46
548.5,64,62,0.5,1,46
548.5,76,69,0.5,0,46
549,57,58,0.5,1,46
549,60,60,0.5,1,46
549,76,69,0.5,0,46
549.5,64,62,0.5,1,46
549.5,72,67,0.5,0,46
550,65,63,0.5,1,46
550.5,64,62,0.5,1,46
551,57,58,0.5,1,46
551,60,60,0.5,1,46
551,84,74,0.5,0,46
551.5,64,62,0.5,1,46
551.5,81,72,0.5,0,46
552,52,55,0.5,1,47
552,75,68,0.5,0,47
552.5,64,62,0.5,1,47
552.5,76,69,0.5,0,47
553,57,58,0.5,1,47
553,60,60,0.5,1,47
553,76,69,0.5,0,47
553.5,64,62,0.5,1,47
553.5,72,67,0.5,0,47
554,65,63,0.5,1,47
554.5,64,62,0.5,1,47
555,57,58,0.5,1,47
555,60,60,0.5,1,47
555,84,74,0.5,0,47
555.5,64,62,0.5,1,47
555.5,81,72,0.5,0,47
556,52,55,0.5,1,48
556,75,68,0.5,0,48
556.5,64,62,0.5,1,48
556.5,76,69,0.5,0,48
557,57,58,0.5,1,48
557,60,60,0.5,1,48
557,76,69,0.5,0,48
557.5,64,62,0.5,1,48
557.5,72,67,0.5,0,48
558,52,55,0.5,1,48
558,72,67,0.5,0,48
558.5,64,62,0.5,1,48
558.5,71,66,0.5,0,48
559,57,58,0.5,1,48
559,60,60,0.5,1,48
559,71,66,0.5,0,48
559.5,64,62,0.5,1,48
559.5,69,65,0.5,0,48
560,52,55,0.5,1,49
560,69,65,0.5,0,49
560.5,64,62,0.5,1,49
560.5,68,64,0.5,0,49
561,59,59,0.5,1,49
561,62,61,0.5,1,49
561,71,66,0.5,0,49
561.5,64,62,0.5,1,49
562,65,63,0.5,1,49
562.5,64,62,0.5,1,49
563,59,59,0.5,1,49
563,62,61,0.5,1,49
563,89,77,0.5,0,49
563.5,64,62,0.5,1,49
563.5,86,75,0.5,0,49
564,52,55,0.5,1,50
564,85,74,0.5,0,50
564.5,64,62,0.5,1,50
564.5,86,75,0.5,0,50
565,59,59,0.5,1,50
565,62,61,0.5,1,50
565,83,73,0.5,0,50
565.5,64,62,0.5,1,50
566,65,63,0.5,1,50
566.5,64,62,0.5,1,50
567,59,59,0.5,1,50
567,62,61,0.5,1,50
567,89,77,0.5,0,50
567.5,64,62,0.5,1,50
567.5,86,75,0.5,0,50
568,52,55,0.5,1,51
568,85,74,0.5,0,51
568.5,64,62,0.5,1,51
568.5,86,75,0.5,0,51
569,59,59,0.5,1,51
569,62,61,0.5,1,51
569,83,73,0.5,0,51
569.5,64,62,0.5,1,51
570,65,63,0.5,1,51
570.5,64,62,0.5,1,51
571,59,59,0.5,1,51
571,62,61,0.5,1,51
571,89,77,0.5,0,51
571.5,64,62,0.5,1,51
571.5,86,75,0.5,0,51
572,52,55,1,1,52
572,59,59,1,1,52
572,62,61,1,1,52
572,83,73,0.5,0,52
572.5,86,75,0.5,0,52
573,80,71,0.5,0,52
573.5,83,73,0.5,0,52
574,77,70,0.5,0,52
574.5,80,71,0.5,0,52
575,74,68,0.5,0,52
575.5,77,70,0.5,0,52
576,71,66,0.5,0,53
576.5,74,68,0.5,0,53
577,68,64,0.5,0,53
577.5,71,66,0.5,0,53
578,65,63,0.5,0,53
578.5,68,64,0.5,0,53
579,62,61,0.5,0,53
579.5,65,63,0.5,0,53
580,59,59,0.5,0,54
580.5,62,61,0.5,0,54
581,44,50,0.5,1,54
581,56,57,0.5,0,54
581.5,47,52,0.5,1,54
581.5,59,59,0.5,0,54
582,38,47,0.5,1,54
582,50,54,0.5,0,54
582.5,47,52,0.5,1,54
582.5,59,59,0.5,0,54
583,44,50,0.5,1,54
583,56,57,0.5,0,54
583.5,38,47,0.5,1,54
583.5,50,54,0.5,0,54
584,36,46,1,1,55
584,48,53,1,0,55
585,36,46,0.5,1,55
585,40,48,0.5,1,55
585,45,51,0.5,1,55
585,48,53,0.5,0,55
585,52,55,0.5,0,55
585,57,58,0.5,0,55
586,38,47,2,1,55
586,41,49,2,1,55
586,46,52,4,1,55
586,50,54,2,0,55
586,53,56,2,0,55
586,58,59,4,0,55
590,45,51,1,1,56
590,57,58,1,0,56
591,44,50,1,1,56
591,56,57,1,0,56
592,36,46,0.5,1,57
592,40,48,0.5,1,57
592,45,51,0.5,1,57
592,48,53,0.5,0,57
592,52,55,0.5,0,57
592,57,58,0.5,0,57
593,48,53,0.5,1,57
593,52,55,0.5,1,57
593,57,58,0.5,1,57
593,60,60,0.5,0,57
593,64,62,0.5,0,57
593,69,65,0.5,0,57
594,50,54,2,1,57
594,53,56,2,1,57
594,58,59,4,1,57
594,62,61,2,0,57
594,65,63,2,0,57
594,70,66,4,0,57
596,50,54,4,1,58
596,53,56,4,1,58
598,57,58,1,1,58
598,69,65,1,0,58
599,56,57,1,1,58
599,68,64,1,0,58
600,48,53,0.5,1,59
600,52,55,0.5,1,59
600,57,58,0.5,1,59
600,60,60,0.5,0,59
600,64,62,0.5,0,59
600,69,65,0.5,0,59
601,60,60,0.5,1,59
601,64,62,0.5,1,59
601,69,65,0.5,0,59
601,81,72,0.5,0,59
602,62,61,3,1,59
602,65,63,2,1,59
602,70,66,3,0,59
602,82,73,2,0,59
605,63,61,0.5,1,60
605,66,63,0.5,1,60
605,71,66,0.5,0,60
605,83,73,0.5,0,60
606,64,62,3,1,60
606,69,65,2,1,60
606,72,67,3,0,60
606,84,74,2,0,60
609,64,62,1,1,61
609,69,65,4,1,61
609,73,67,1,0,61
609,85,74,1,0,61
610,65,63,1,1,61
610,74,68,1,0,61
610,86,75,1,0,61
611,61,60,1,1,61
611,76,69,1,0,61
611,88,76,1,0,61
612,62,61,1,1,62
612,77,70,1,0,62
612,89,77,1,0,62
613,50,54,1,1,62
613,58,59,1,1,62
613,62,61,1,1,62
613,65,63,2,0,62
613,77,70,2,0,62
614,52,55,2,1,62
614,57,58,1,1,62
614,60,60,1,1,62
615,56,57,1,1,62
615,59,59,1,1,62
615,64,62,1,0,62
615,76,69,1,0,62
616,45,51,1,1,63
616,57,58,1,1,63
616,69,65,1,0,63
617,33,44,0.5,1,63
618,34,45,4,1,63
619,61,60,0.5,0,63
619,64,62,0.5,0,63
620,62,61,0.5,0,64
620,65,63,0.5,0,64
621,65,63,2,0,64
621,74,68,2,0,64
622,33,44,1,1,64
623,32,43,1,1,64
623,65,63,0.5,0,64
623,74,68,0.5,0,64
624,33,44,0.5,1,65
624,64,62,0.5,0,65
624,73,67,0.5,0,65
625,33,44,0.5,1,65
626,34,45,4,1,65
627,61,60,0.5,0,65
627,64,62,0.5,0,65
628,62,61,0.5,0,66
628,65,63,0.5,0,66
629,74,68,2,0,66
629,77,70,2,0,66
630,33,44,1,1,66
631,32,43,1,1,66
631,74,68,0.5,0,66
631,77,70,0.5,0,66
632,33,44,0.5,1,67
632,73,67,0.5,0,67
632,76,69,0.5,0,67
633,33,44,0.5,1,67
634,34,45,4,1,67
635,61,60,0.5,0,67
635,64,62,0.5,0,67
636,62,61,0.5,0,68
636,65,63,0.5,0,68
637,74,68,2,0,68
637,77,70,2,0,68
638,33,44,1,1,68
639,32,43,1,1,68
639,86,75,2,0,68
639,89,77,1,0,68
640,31,43,0.5,1,69
640.5,30,42,0.5,1,69
641,31,43,0.5,1,69
641.5,33,44,0.5,1,69
642,35,45,0.5,1,69
642.5,31,43,0.5,1,69
643,33,44,0.5,1,69
643,74,68,1,0,69
643,77,70,1,0,69
643.5,35,45,0.5,1,69
644,36,46,0.5,1,70
644,72,67,0.5,0,70
644,76,69,0.5,0,70
644.5,35,45,0.5,1,70
645,36,46,0.5,1,70
645.5,38,47,0.5,1,70
646,40,48,0.5,1,70
646.5,39,47,0.5,1,70
647,40,48,0.5,1,70
647,84,74,1,0,70
647,88,76,1,0,70
647.5,39,47,0.5,1,70
648,40,48,0.5,1,71
648,83,73,0.5,0,71
648,86,75,0.5,0,71
648.5,39,47,0.5,1,71
649,40,48,0.5,1,71
649.5,42,49,0.5,1,71
650,44,50,0.5,1,71
650.5,40,48,0.5,1,71
651,42,49,0.5,1,71
651,71,66,1,0,71
651,74,68,1,0,71
651.5,44,50,0.5,1,71
652,45,51,0.5,1,72
652,69,65,0.5,0,72
652,72,67,0.5,0,72
652.5,44,50,0.5,1,72
653,45,51,0.5,1,72
653.5,47,52,0.5,1,72
654,48,53,0.5,1,72
654.5,45,51,0.5,1,72
655,47,52,0.5,1,72
655,81,72,2,0,72
655,84,74,1,0,72
655.5,48,53,0.5,1,72
656,50,54,0.5,1,73
656,83,73,0.5,0,73
656.5,49,53,0.5,1,73
657,50,54,0.5,1,73
657.5,52,55,0.5,1,73
658,53,56,0.5,1,73
658.5,50,54,0.5,1,73
659,52,55,0.5,1,73
659,69,65,1,0,73
659,71,66,1,0,73
659.5,53,56,0.5,1,73
660,52,55,0.5,1,74
660,68,64,0.5,0,74
660,71,66,0.5,0,74
660.5,63,61,0.5,1,74
661,64,62,0.5,1,74
661.5,63,61,0.5,1,74
662,64,62,0.5,1,74
662.5,63,61,0.5,1,74
663,64,62,0.5,1,74
663,71,66,1,0,74
663,80,71,1,0,74
663.5,52,55,0.5,1,74
664,52,55,8,1,74
664,60,60,2,1,75
664,64,62,2,1,75
664,81,72,0.5,0,75
664.5,76,69,0.5,0,75
665,72,67,0.5,0,75
665.5,84,74,0.5,0,75
666,59,59,2,1,75
666,62,61,2,1,75
666,83,73,0.5,0,75
666.5,80,71,0.5,0,75
667,76,69,0.5,0,75
667.5,86,75,0.5,0,75
668,57,58,2,1,76
668,60,60,2,1,76
668,84,74,0.5,0,76
668.5,81,72,0.5,0,76
669,76,69,0.5,0,76
669.5,88,76,0.5,0,76
670,56,57,2,1,76
670,59,59,2,1,76
670,87,75,0.5,0,76
670.5,88,76,0.5,0,76
671,87,75,0.5,0,76
671.5,88,76,0.5,0,76
672,57,58,0.5,1,77
672,76,69,2,0,77
672,84,74,2,0,77
672,88,76,2,0,77
672.5,52,55,0.5,1,77
673,48,53,0.5,1,77
673.5,57,58,0.5,1,77
674,59,59,0.5,1,77
674,74,68,2,0,77
674,83,73,2,0,77
674,86,75,2,0,77
674.5,56,57,0.5,1,77
675,52,55,0.5,1,77
675.5,59,59,0.5,1,77
676,60,60,0.5,1,78
676,72,67,2,0,78
676,81,72,2,0,78
676,84,74,2,0,78
676.5,57,58,0.5,1,78
677,52,55,0.5,1,78
677.5,64,62,0.5,1,78
678,62,61,0.5,1,78
678,71,66,2,0,78
678,80,71,2,0,78
678,83,73,2,0,78
678.5,64,62,0.5,1,78
679,62,61,0.5,1,78
679.5,64,62,0.5,1,78
680,52,55,2,1,79
680,81,72,0.5,0,79
680.5,76,69,0.5,0,79
681,60,60,2,1,79
681,64,62,2,1,79
681,72,67,0.5,0,79
681.5,84,74,0.5,0,79
682,52,55,2,1,79
682,83,73,0.5,0,79
682.5,80,71,0.5,0,79
683,59,59,2,1,79
683,62,61,1,1,79
683,76,69,0.5,0,79
683.5,86,75,0.5,0,79
684,52,55,2,1,80
684,84,74,0.5,0,80
684.5,81,72,0.5,0,80
685,57,58,2,1,80
685,60,60,2,1,80
685,76,69,0.5,0,80
685.5,88,76,0.5,0,80
686,52,55,2,1,80
686,87,75,0.5,0,80
686.5,88,76,0.5,0,80
687,56,57,1,1,80
687,59,59,1,1,80
687,87,75,0.5,0,80
687.5,88,76,0.5,0,80
688,57,58,0.5,1,81
688,76,69,3,0,81
688.5,52,55,0.5,1,81
689,48,53,0.5,1,81
689,84,74,2,0,81
689,88,76,2,0,81
689.5,57,58,0.5,1,81
690,59,59,0.5,1,81
690.5,56,57,0.5,1,81
691,52,55,0.5,1,81
691,74,68,1,0,81
691,83,73,2,0,81
691,86,75,1,0,81
691.5,59,59,0.5,1,81
692,60,60,0.5,1,82
692.5,57,58,0.5,1,82
693,52,55,0.5,1,82
693,72,67,2,0,82
693,81,72,2,0,82
693,84,74,2,0,82
693.5,64,62,0.5,1,82
694,63,61,0.5,1,82
694.5,64,62,0.5,1,82
695,63,61,0.5,1,82
695,71,66,1,0,82
695,80,71,1,0,82
695,83,73,1,0,82
695.5,64,62,0.5,1,82
696,52,55,2,1,83
696,81,72,0.5,0,83
696.5,76,69,0.5,0,83
697,60,60,2,1,83
697,64,62,2,1,83
697,72,67,0.5,0,83
697.5,84,74,0.5,0,83
698,52,55,2,1,83
698,83,73,0.5,0,83
698.5,80,71,0.5,0,83
699,59,59,2,1,83
699,62,61,1,1,83
699,76,69,0.5,0,83
699.5,86,75,0.5,0,83
700,52,55,2,1,84
700,84,74,0.5,0,84
700.5,81,72,0.5,0,84
701,57,58,2,1,84
701,60,60,2,1,84
701,76,69,0.5,0,84
701.5,88,76,0.5,0,84
702,52,55,2,1,84
702,87,75,0.5,0,84
702.5,88,76,0.5,0,84
703,56,57,1,1,84
703,59,59,1,1,84
703,87,75,0.5,0,84
703.5,88,76,0.5,0,84
704,45,51,1,1,85
704,45,51,1,1,85
704,84,74,0.5,0,85
704.5,81,72,0.5,0,85
705,57,58,1,1,85
705,76,69,0.5,0,85
705.5,88,76,0.5,0,85
706,52,55,1,1,85
706,52,55,1,1,85
706,87,75,0.5,0,85
706.5,88,76,0.5,0,85
707,56,57,1,1,85
707,59,59,1,1,85
707,87,75,0.5,0,85
707.5,88,76,0.5,0,85
708,57,58,1,1,86
708,57,58,1,1,86
708,84,74,0.5,0,86
708.5,81,72,0.5,0,86
709,60,60,1,1,86
709,76,69,0.5,0,86
709.5,88,76,0.5,0,86
710,52,55,1,1,86
710,52,55,1,1,86
710,87,75,0.5,0,86
710.5,88,76,0.5,0,86
711,56,57,1,1,86
711,59,59,1,1,86
711,87,75,0.5,0,86
711.5,88,76,0.5,0,86
712,45,51,1,1,87
712,57,58,1,1,87
712,81,72,0.5,0,87
714,33,44,2,1,87
714,45,51,2,1,87
714,57,58,2,0,87
716,33,44,2,1,88
716,45,51,2,1,88
716,57,58,2,0,88
718,33,44,2,1,88
718,45,51,2,1,88
718,57,58,2,0,88
720,33,44,8,1,93
720,45,51,8,1,93
720,57,58,8,0,93
728,31,43,8,1,95
728,43,50,8,1,95
728,55,57,8,0,95
736,62,61,2,0,97
738,66,63,0.5,0,97
739,69,65,0.5,0,97
740,74,68,3,0,98
744,66,63,2,0,99
746,69,65,0.5,0,99
747,75,68,0.5,0,99
748,78,70,3,0,100
752,70,65,2,0,101
754,73,67,0.5,0,101
755,78,70,0.5,0,101
756,82,72,4,0,102
760,30,42,2,1,103
760,54,56,0.33333,0,103
760,57,58,0.33333,0,103
760.33333,61,60,0.33333,0,103
760.66667,54,56,0.33333,0,103
760.66667,57,58,0.33333,0,103
761,61,60,0.33333,0,103
761.33333,54,56,0.33333,0,103
761.33333,57,58,0.33333,0,103
761.66667,61,60,0.33333,0,103
762,33,44,0.5,1,103
762,54,56,0.33333,0,103
762,57,58,0.33333,0,103
762.33333,61,60,0.33333,0,103
762.66667,54,56,0.33333,0,103
762.66667,57,58,0.33333,0,103
763,37,46,0.5,1,103
763,61,60,0.33333,0,103
763.33333,54,56,0.33333,0,103
763.33333,57,58,0.33333,0,103
763.66667,61,60,0.33333,0,103
764,42,49,0.5,1,104
764,54,56,0.33333,0,104
764,57,58,0.33333,0,104
764.33333,61,60,0.33333,0,104
764.66667,54,56,0.33333,0,104
764.66667,57,58,0.33333,0,104
765,61,60,0.33333,0,104
765.33333,54,56,0.33333,0,104
765.33333,57,58,0.33333,0,104
765.66667,61,60,0.33333,0,104
766,54,56,0.33333,0,104
766,57,58,0.33333,0,104
766.33333,61,60,0.33333,0,104
766.66667,54,56,0.33333,0,104
766.66667,57,58,0.33333,0,104
767,61,60,0.33333,0,104
767,73,67,1,1,104
767.33333,54,56,0.33333,0,104
767.33333,57,58,0.33333,0,104
767.66667,61,60,0.33333,0,104
768,54,56,0.33333,0,105
768,57,58,0.33333,0,105
768,72,66,1,1,105
768.33333,61,60,0.33333,0,105
768.66667,54,57,0.33333,0,105
768.66667,57,58,0.33333,0,105
769,61,60,0.33333,0,105
769,73,67,1,1,105
769.33333,54,57,0.33333,0,105
769.33333,57,58,0.33333,0,105
769.66667,61,60,0.33333,0,105
770,54,56,0.33333,0,105
770,57,58,0.33333,0,105
770,74,68,1,1,105
770.33333,61,60,0.33333,0,105
770.66667,54,56,0.33333,0,105
770.66667,57,58,0.33333,0,105
771,61,60,0.33333,0,105
771,73,67,1,1,105
771.33333,54,56,0.33333,0,105
771.33333,57,58,0.33333,0,105
771.66667,61,60,0.33333,0,105
772,54,56,0.33333,0,106
772,57,58,0.33333,0,106
772,73,67,2,1,106
772.33333,61,60,0.33333,0,106
772.66667,54,56,0.33333,0,106
772.66667,57,58,0.33333,0,106
773,61,60,0.33333,0,106
773.33333,54,56,0.33333,0,106
773.33333,57,58,0.33333,0,106
773.66667,61,60,0.33333,0,106
774,54,56,0.33333,0,106
774,57,58,0.33333,0,106
774,73,67,2,1,106
774.33333,61,60,0.33333,0,106
774.66667,54,56,0.33333,0,106
774.66667,57,58,0.33333,0,106
775,61,60,0.33333,0,106
775.33333,54,56,0.33333,0,106
775.33333,57,58,0.33333,0,106
775.66667,61,60,0.33333,0,106
776,32,43,2,1,107
776,53,55,0.33333,0,107
776,59,59,0.33333,0,107
776.33333,61,60,0.33333,0,107
776.66667,53,55,0.33333,0,107
776.66667,59,59,0.33333,0,107
777,61,60,0.33333,0,107
777.33333,53,55,0.33333,0,107
777.33333,59,59,0.33333,0,107
777.66667,61,60,0.33333,0,107
778,35,45,0.5,1,107
778,53,55,0.33333,0,107
778,59,59,0.33333,0,107
778.33333,61,60,0.33333,0,107
778.66667,53,55,0.33333,0,107
778.66667,59,59,0.33333,0,107
779,41,48,0.5,1,107
779,61,60,0.33333,0,107
779.33333,53,55,0.33333,0,107
779.33333,59,59,0.33333,0,107
779.66667,61,60,0.33333,0,107
780,44,50,0.5,1,108
780,53,55,0.33333,0,108
780,59,59,0.33333,0,108
780.33333,61,60,0.33333,0,108
780.66667,53,55,0.33333,0,108
780.66667,59,59,0.33333,0,108
781,61,60,0.33333,0,108
781.33333,53,55,0.33333,0,108
781.33333,59,59,0.33333,0,108
781.66667,61,60,0.33333,0,108
782,53,55,0.33333,0,108
782,59,59,0.33333,0,108
782.33333,61,60,0.33333,0,108
782.66667,53,55,0.33333,0,108
782.66667,59,59,0.33333,0,108
783,61,60,0.33333,0,108
783,73,67,1,1,108
783.33333,53,55,0.33333,0,108
783.33333,59,59,0.33333,0,108
783.66667,61,60,0.33333,0,108
784,53,55,0.33333,0,109
784,59,59,0.33333,0,109
784,72,66,1,1,109
784.33333,61,60,0.33333,0,109
784.66667,53,55,0.33333,0,109
784.66667,59,59,0.33333,0,109
785,61,60,0.33333,0,109
785,73,67,1,1,109
785.33333,53,55,0.33333,0,109
785.33333,59,59,0.33333,0,109
785.66667,61,60,0.33333,0,109
786,53,55,0.33333,0,109
786,59,59,0.33333,0,109
786,74,67,1,1,109
786.33333,61,60,0.33333,0,109
786.66667,53,55,0.33333,0,109
786.66667,59,59,0.33333,0,109
787,61,60,0.33333,0,109
787,73,67,1,1,109
787.33333,53,55,0.33333,0,109
787.33333,59,59,0.33333,0,109
787.66667,61,60,0.33333,0,109
788,53,55,0.33333,0,110
788,59,59,0.33333,0,110
788,73,67,2,1,110
788.33333,61,60,0.33333,0,110
788.66667,53,55,0.33333,0,110
788.66667,59,59,0.33333,0,110
789,61,60,0.33333,0,110
789.33333,53,55,0.33333,0,110
789.33333,59,59,0.33333,0,110
789.66667,61,60,0.33333,0,110
790,53,55,0.33333,0,110
790,59,59,0.33333,0,110
790,73,67,2,1,110
790.33333,61,60,0.33333,0,110
790.66667,53,55,0.33333,0,110
790.66667,59,59,0.33333,0,110
791,61,60,0.33333,0,110
791.33333,53,55,0.33333,0,110
791.33333,59,59,0.33333,0,110
791.66667,61,60,0.33333,0,110
792,33,44,2,1,111
792,54,56,0.33333,0,111
792.33333,57,58,0.33333,0,111
792.33333,61,60,0.33333,0,111
792.66667,54,56,0.33333,0,111
793,57,58,0.33333,0,111
793,61,60,0.33333,0,111
793.33333,54,56,0.33333,0,111
793.66667,57,58,0.33333,0,111
793.66667,61,60,0.33333,0,111
794,37,46,0.5,1,111
794,54,56,0.33333,0,111
794.33333,57,58,0.33333,0,111
794.33333,61,60,0.33333,0,111
794.66667,54,56,0.33333,0,111
795,42,49,0.5,1,111
795,57,58,0.33333,0,111
795,61,60,0.33333,0,111
795.33333,54,56,0.33333,0,111
795.66667,57,58,0.33333,0,111
795.66667,61,60,0.33333,0,111
796,45,51,0.5,1,112
796,54,56,0.33333,0,112
796.33333,57,58,0.33333,0,112
796.33333,61,60,0.33333,0,112
796.66667,54,56,0.33333,0,112
797,57,58,0.33333,0,112
797,61,60,0.33333,0,112
797.33333,54,56,0.33333,0,112
797.66667,57,58,0.33333,0,112
797.66667,61,60,0.33333,0,112
798,54,56,0.33333,0,112
798,78,70,0.5,1,112
798.33333,57,58,0.33333,0,112
798.33333,61,60,0.33333,0,112
798.66667,54,56,0.33333,0,112
799,57,58,0.33333,0,112
799,61,60,0.33333,0,112
799.33333,54,56,0.33333,0,112
799.66667,57,58,0.33333,0,112
799.66667,61,60,0.33333,0,112
800,35,45,2,1,113
800,54,56,0.33333,0,113
800.33333,59,59,0.33333,0,113
800.33333,62,60,0.33333,0,113
800.66667,54,56,0.33333,0,113
801,59,59,0.33333,0,113
801,62,61,0.33333,0,113
801.33333,54,56,0.33333,0,113
801.66667,59,59,0.33333,0,113
801.66667,62,61,0.33333,0,113
802,38,47,0.5,1,113
802,54,56,0.33333,0,113
802.33333,59,59,0.33333,0,113
802.33333,62,61,0.33333,0,113
802.66667,54,56,0.33333,0,113
803,42,49,0.5,1,113
803,59,59,0.33333,0,113
803,62,61,0.33333,0,113
803.33333,54,56,0.33333,0,113
803.66667,59,59,0.33333,0,113
803.66667,62,61,0.33333,0,113
804,47,52,0.5,1,114
804,54,56,0.33333,0,114
804.33333,59,59,0.33333,0,114
804.33333,62,61,0.33333,0,114
804.66667,54,56,0.33333,0,114
805,59,59,0.33333,0,114
805,62,61,0.33333,0,114
805.33333,54,56,0.33333,0,114
805.66667,59,59,0.33333,0,114
805.66667,62,61,0.33333,0,114
806,54,56,0.33333,0,114
806,78,70,0.5,1,114
806.33333,59,59,0.33333,0,114
806.33333,62,61,0.33333,0,114
806.66667,54,56,0.33333,0,114
807,59,59,0.33333,0,114
807,62,61,0.33333,0,114
807.33333,54,56,0.33333,0,114
807.66667,59,59,0.33333,0,114
807.66667,62,61,0.33333,0,114
808,35,45,2,1,115
808,55,57,0.33333,0,115
808.33333,59,59,0.33333,0,115
808.33333,62,61,0.33333,0,115
808.66667,55,57,0.33333,0,115
809,59,59,0.33333,0,115
809,62,61,0.33333,0,115
809.33333,55,57,0.33333,0,115
809.66667,59,59,0.33333,0,115
809.66667,62,61,0.33333,0,115
810,38,47,0.5,1,115
810,55,57,0.33333,0,115
810.33333,59,59,0.33333,0,115
810.33333,62,61,0.33333,0,115
810.66667,55,57,0.33333,0,115
811,43,50,0.5,1,115
811,59,59,0.33333,0,115
811,62,61,0.33333,0,115
811.33333,55,57,0.33333,0,115
811.66667,59,59,0.33333,0,115
811.66667,62,61,0.33333,0,115
812,47,52,0.5,1,116
812,55,57,0.33333,0,116
812.33333,59,59,0.33333,0,116
812.33333,62,61,0.33333,0,116
812.66667,55,57,0.33333,0,116
813,59,59,0.33333,0,116
813,62,61,0.33333,0,116
813.33333,55,57,0.33333,0,116
813.66667,59,59,0.33333,0,116
813.66667,62,61,0.33333,0,116
814,55,57,0.33333,0,116
814,79,71,0.5,1,116
814.33333,59,59,0.33333,0,116
814.33333,62,61,0.33333,0,116
814.66667,55,57,0.33333,0,116
815,59,59,0.33333,0,116
815,62,61,0.33333,0,116
815.33333,55,57,0.33333,0,116
815.66667,59,59,0.33333,0,116
815.66667,62,61,0.33333,0,116
816,36,46,2,1,117
816,55,57,0.33333,0,117
816.33333,60,60,0.33333,0,117
816.33333,64,62,0.33333,0,117
816.66667,55,57,0.33333,0,117
817,60,60,0.33333,0,117
817,64,62,0.33333,0,117
817.33333,55,57,0.33333,0,117
817.66667,60,60,0.33333,0,117
817.66667,64,62,0.33333,0,117
818,40,48,0.5,1,117
818,55,57,0.33333,0,117
818.33333,60,60,0.33333,0,117
818.33333,64,62,0.33333,0,117
818.66667,55,57,0.33333,0,117
819,43,50,0.5,1,117
819,60,60,0.33333,0,117
819,64,62,0.33333,0,117
819.33333,55,57,0.33333,0,117
819.66667,60,60,0.33333,0,117
819.66667,64,62,0.33333,0,117
820,48,53,0.5,1,118
820,55,57,0.33333,0,118
820.33333,60,60,0.33333,0,118
820.33333,64,62,0.33333,0,118
820.66667,55,57,0.33333,0,118
821,60,60,0.33333,0,118
821,64,62,0.33333,0,118
821.33333,55,57,0.33333,0,118
821.66667,60,60,0.33333,0,118
821.66667,64,62,0.33333,0,118
822,55,57,0.33333,0,118
822,79,71,0.5,1,118
822.33333,60,60,0.33333,0,118
822.33333,64,62,0.33333,0,118
822.66667,55,57,0.33333,0,118
823,60,60,0.33333,0,118
823,64,62,0.33333,0,118
823.33333,55,57,0.33333,0,118
823.66667,60,60,0.33333,0,118
823.66667,64,62,0.33333,0,118
824,37,46,2,1,119
824,57,58,0.33333,0,119
824.33333,61,60,0.33333,0,119
824.33333,64,62,0.33333,0,119
824.66667,57,58,0.33333,0,119
825,61,60,0.33333,0,119
825,64,62,0.33333,0,119
825.33333,57,58,0.33333,0,119
825.66667,61,60,0.33333,0,119
825.66667,64,62,0.33333,0,119
826,40,48,0.5,1,119
826,57,58,0.33333,0,119
826.33333,61,60,0.33333,0,119
826.33333,64,62,0.33333,0,119
826.66667,57,58,0.33333,0,119
827,45,51,0.5,1,119
827,61,60,0.33333,0,119
827,64,62,0.33333,0,119
827.33333,57,58,0.33333,0,119
827.66667,61,60,0.33333,0,119
827.66667,64,62,0.33333,0,119
828,49,54,0.5,1,120
828,57,58,0.33333,0,120
828.33333,61,60,0.33333,0,120
828.33333,64,62,0.33333,0,120
828.66667,57,58,0.33333,0,120
829,61,60,0.33333,0,120
829,64,62,0.33333,0,120
829.33333,57,58,0.33333,0,120
829.66667,61,60,0.33333,0,120
829.66667,64,62,0.33333,0,120
830,57,58,0.33333,0,120
830,81,72,0.5,1,120
830.33333,61,60,0.33333,0,120
830.33333,64,62,0.33333,0,120
830.66667,57,58,0.33333,0,120
831,61,60,0.33333,0,120
831,64,62,0.33333,0,120
831.33333,57,58,0.33333,0,120
831.66667,61,60,0.33333,0,120
831.66667,64,62,0.33333,0,120
832,38,47,2,1,121
832,57,58,0.33333,0,121
832.33333,62,61,0.33333,0,121
832.33333,65,63,0.33333,0,121
832.66667,57,58,0.33333,0,121
833,62,61,0.33333,0,121
833,65,63,0.33333,0,121
833.33333,57,58,0.33333,0,121
833.66667,62,61,0.33333,0,121
833.66667,65,63,0.33333,0,121
834,41,49,0.5,1,121
834,57,58,0.33333,0,121
834.33333,62,61,0.33333,0,121
834.33333,65,63,0.33333,0,121
834.66667,57,58,0.33333,0,121
835,45,51,0.5,1,121
835,62,61,0.33333,0,121
835,65,63,0.33333,0,121
835.33333,57,58,0.33333,0,121
835.66667,62,61,0.33333,0,121
835.66667,65,63,0.33333,0,121
836,50,54,0.5,1,122
836,57,58,0.33333,0,122
836.33333,62,61,0.33333,0,122
836.33333,65,63,0.33333,0,122
836.66667,57,58,0.33333,0,122
837,62,61,0.33333,0,122
837,65,63,0.33333,0,122
837.33333,57,58,0.33333,0,122
837.66667,62,61,0.33333,0,122
837.66667,65,63,0.33333,0,122
838,57,58,0.33333,0,122
838,81,72,0.5,1,122
838.33333,62,61,0.33333,0,122
838.33333,65,63,0.33333,0,122
838.66667,57,58,0.33333,0,122
839,62,61,0.33333,0,122
839,65,63,0.33333,0,122
839.33333,57,58,0.33333,0,122
839.66667,62,61,0.33333,0,122
839.66667,65,63,0.33333,0,122
840,47,52,0.33333,1,123
840.33333,62,61,0.33333,1,123
840.66667,59,59,0.33333,1,123
841,62,61,0.33333,1,123
841.33333,59,59,0.33333,1,123
841.66667,62,61,0.33333,1,123
842,59,59,0.33333,1,123
842,68,64,0.5,0,123
842,80,71,0.5,0,123
842.33333,62,61,0.33333,1,123
842.66667,59,59,0.33333,1,123
843,62,61,0.33333,1,123
843.33333,59,59,0.33333,1,123
843.66667,62,61,0.33333,1,123
844,46,52,0.33333,1,124
844.33333,62,61,0.33333,1,124
844.66667,58,59,0.33333,1,124
845,62,61,0.33333,1,124
845.33333,58,59,0.33333,1,124
845.66667,62,61,0.33333,1,124
846,58,59,0.33333,1,124
846,74,68,0.5,0,124
846,86,75,0.5,0,124
846.33333,62,61,0.33333,1,124
846.66667,58,59,0.33333,1,124
847,62,61,0.33333,1,124
847.33333,58,59,0.33333,1,124
847.66667,62,61,0.33333,1,124
848,45,51,0.25,1,125
848,73,67,0.25,0,125
848,85,74,0.25,0,125
848.5,57,58,0.5,1,125
848.5,69,65,0.5,0,125
849,56,57,0.5,1,125
849,68,64,0.5,0,125
849.5,57,58,0.5,1,125
849.5,69,65,0.5,0,125
850,56,57,0.5,1,125
850,68,64,0.5,0,125
850.5,57,58,0.5,1,125
850.5,69,65,0.5,0,125
851,56,57,0.5,1,125
851,68,64,0.5,0,125
851.5,57,58,0.5,1,125
851.5,69,65,0.5,0,125
852,56,57,0.5,1,126
852,68,64,0.5,0,126
852.5,57,58,0.5,1,126
852.5,69,65,0.5,0,126
853,61,60,0.5,1,126
853,64,62,0.5,1,126
853,73,67,0.5,0,126
853,76,69,0.5,0,126
853.5,57,58,0.5,1,126
853.5,69,65,0.5,0,126
854,62,61,0.5,1,126
854,65,63,0.5,1,126
854,74,68,0.5,0,126
854,77,70,0.5,0,126
854.5,57,58,0.5,1,126
854.5,69,65,0.5,0,126
855,59,59,0.5,1,126
855,62,61,0.5,1,126
855,71,66,0.5,0,126
855,74,68,0.5,0,126
855.5,57,58,0.5,1,126
855.5,69,65,0.5,0,126
856,61,60,0.5,1,127
856,64,62,0.5,1,127
856,73,67,0.5,0,127
856,76,69,0.5,0,127
856.5,57,58,0.5,1,127
856.5,69,65,0.5,0,127
857,61,60,0.5,1,127
857,64,62,0.5,1,127
857,73,67,0.5,0,127
857,76,69,0.5,0,127
857.5,57,58,0.5,1,127
857.5,69,65,0.5,0,127
858,62,61,0.5,1,127
858,65,63,0.5,1,127
858,74,68,0.5,0,127
858,77,70,0.5,0,127
858.5,57,58,0.5,1,127
858.5,69,65,0.5,0,127
859,59,59,0.5,1,127
859,62,61,0.5,1,127
859,71,66,0.5,0,127
859,74,68,0.5,0,127
859.5,57,58,0.5,1,127
859.5,69,65,0.5,0,127
860,61,60,0.5,1,128
860,64,62,0.5,1,128
860,73,67,0.5,0,128
860,76,69,0.5,0,128
860.5,57,58,0.5,1,128
860.5,69,65,0.5,0,128
861,61,60,0.5,1,128
861,64,62,0.5,1,128
861,73,67,0.5,0,128
861,76,69,0.5,0,128
861.5,57,58,0.5,1,128
861.5,69,65,0.5,0,128
862,62,61,0.5,1,128
862,65,63,0.5,1,128
862,74,68,0.5,0,128
862,77,70,0.5,0,128
862.5,57,58,0.5,1,128
862.5,69,65,0.5,0,128
863,59,59,0.5,1,128
863,62,61,0.5,1,128
863,71,66,0.5,0,128
863,74,68,0.5,0,128
863.5,57,58,0.5,1,128
863.5,69,65,0.5,0,128
864,61,60,0.5,1,129
864,64,62,0.5,1,129
864,73,67,0.5,0,129
864,76,69,0.5,0,129
864.5,57,58,0.5,1,129
864.5,69,65,0.5,0,129
865,56,57,0.5,1,129
865,68,64,0.5,0,129
865.5,57,58,0.5,1,129
865.5,69,65,0.5,0,129
866,56,57,0.5,1,129
866,68,64,0.5,0,129
866.5,57,58,0.5,1,129
866.5,69,65,0.5,0,129
867,56,57,0.5,1,129
867,68,64,0.5,0,129
867.5,57,58,0.5,1,129
867.5,69,65,0.5,0,129
868,56,57,0.5,1,130
868,68,64,0.5,0,130
868.5,57,58,0.5,1,130
868.5,69,65,0.5,0,130
869,49,53,0.5,1,130
869,52,55,0.5,1,130
869,61,60,0.5,0,130
869,64,62,0.5,0,130
869.5,57,58,0.5,1,130
869.5,69,65,0.5,0,130
870,50,54,0.5,1,130
870,53,56,0.5,1,130
870,62,61,0.5,0,130
870,65,63,0.5,0,130
870.5,57,58,0.5,1,130
870.5,69,65,0.5,0,130
871,47,52,0.5,1,130
871,50,54,0.5,1,130
871,59,59,0.5,0,130
871,62,61,0.5,0,130
871.5,57,58,0.5,1,130
871.5,69,65,0.5,0,130
872,49,53,0.5,1,131
872,52,55,0.5,1,131
872,61,60,0.5,0,131
872,64,62,0.5,0,131
872.5,57,58,0.5,1,131
872.5,69,65,0.5,0,131
873,49,53,0.5,1,131
873,52,55,0.5,1,131
873,61,60,0.5,0,131
873,64,62,0.5,0,131
873.5,57,58,0.5,1,131
873.5,69,65,0.5,0,131
874,50,54,0.5,1,131
874,53,56,0.5,1,131
874,62,61,0.5,0,131
874,65,63,0.5,0,131
874.5,57,58,0.5,1,131
874.5,69,65,0.5,0,131
875,47,52,0.5,1,131
875,50,54,0.5,1,131
875,59,59,0.5,0,131
875,62,61,0.5,0,131
875.5,57,58,0.5,1,131
875.5,69,65,0.5,0,131
876,49,53,0.5,1,132
876,52,55,0.5,1,132
876,61,60,0.5,0,132
876,64,62,0.5,0,132
876.5,57,58,0.5,1,132
876.5,69,65,0.5,0,132
877,49,53,0.5,1,132
877,52,55,0.5,1,132
877,61,60,0.5,0,132
877,64,62,0.5,0,132
877.5,57,58,0.5,1,132
877.5,69,65,0.5,0,132
878,50,54,0.5,1,132
878,53,56,0.5,1,132
878,62,61,0.5,0,132
878,65,63,0.5,0,132
878.5,57,58,0.5,1,132
878.5,69,65,0.5,0,132
879,47,52,0.5,1,132
879,50,54,0.5,1,132
879,59,59,0.5,0,132
879,62,61,0.5,0,132
879.5,57,58,0.5,1,132
879.5,69,65,0.5,0,132
880,49,53,0.5,1,133
880,52,55,0.5,1,133
880,61,60,0.5,0,133
880,64,62,0.5,0,133
880.5,45,51,0.5,1,133
880.5,57,58,0.5,0,133
881,44,50,0.5,1,133
881,56,57,0.5,0,133
881.5,45,51,0.5,1,133
881.5,57,58,0.5,0,133
882,44,50,0.5,1,133
882,56,57,0.5,0,133
882.5,45,51,0.5,1,133
882.5,57,58,0.5,0,133
883,44,50,0.5,1,133
883,56,57,0.5,0,133
883.5,45,51,0.5,1,133
883.5,57,58,0.5,0,133
884,44,50,0.5,1,134
884,56,57,0.5,0,134
884.5,45,51,0.5,1,134
884.5,57,58,0.5,0,134
885,49,53,0.5,1,134
885,52,55,0.5,1,134
885,61,60,0.5,0,134
885,64,62,0.5,0,134
885.5,45,51,0.5,1,134
885.5,57,58,0.5,0,134
886,47,52,0.5,1,134
886,50,54,0.5,1,134
886,62,61,0.5,0,134
886,65,63,0.5,0,134
886.5,45,51,0.5,1,134
886.5,57,58,0.5,0,134
887,50,54,0.5,1,134
887,53,56,0.5,1,134
887,59,59,0.5,0,134
887,62,61,0.5,0,134
887.5,45,51,0.5,1,134
887.5,57,58,0.5,0,134
888,49,53,0.5,1,135
888,52,55,0.5,1,135
888,61,60,0.5,0,135
888,64,62,0.5,0,135
888.5,45,51,0.5,1,135
888.5,57,58,0.5,0,135
889,49,53,0.5,1,135
889,52,55,0.5,1,135
889,61,60,0.5,0,135
889,64,62,0.5,0,135
889.5,45,51,0.5,1,135
889.5,57,58,0.5,0,135
890,47,52,0.5,1,135
890,50,54,0.5,1,135
890,62,61,0.5,0,135
890,65,63,0.5,0,135
890.5,45,51,0.5,1,135
890.5,57,58,0.5,0,135
891,50,54,0.5,1,135
891,53,56,0.5,1,135
891,59,59,0.5,0,135
891,62,61,0.5,0,135
891.5,45,51,0.5,1,135
891.5,57,58,0.5,0,135
892,49,53,0.5,1,136
892,52,55,0.5,1,136
892,61,60,0.5,0,136
892,64,62,0.5,0,136
892.5,45,51,0.5,1,136
892.5,57,58,0.5,0,136
893,49,53,0.5,1,136
893,52,55,0.5,1,136
893,61,60,0.5,0,136
893,64,62,0.5,0,136
893.5,45,51,0.5,1,136
893.5,57,58,0.5,0,136
894,47,52,0.5,1,136
894,50,54,0.5,1,136
894,62,61,0.5,0,136
894,65,63,0.5,0,136
894.5,45,51,0.5,1,136
894.5,57,58,0.5,0,136
895,50,54,0.5,1,136
895,53,56,0.5,1,136
895,59,59,0.5,0,136
895,62,61,0.5,0,136
895.5,45,51,0.5,1,136
895.5,57,58,0.5,0,136
896,45,51,4,1,137
896,49,53,4,1,137
896,52,55,4,1,137
896,57,58,4,0,137
896,61,60,4,0,137
896,64,62,4,0,137
900,33,44,4,1,138
900,45,51,4,1,138
900,53,56,4,0,138
900,57,58,4,0,138
900,62,61,4,0,138
904,33,44,4,1,139
904,45,51,4,1,139
904,52,55,4,0,139
904,57,58,4,0,139
904,61,60,4,0,139
908,33,44,4,1,140
908,45,51,4,1,140
908,50,54,4,0,140
908,53,56,4,0,140
908,58,59,4,0,140
912,33,44,8,1,141
912,45,51,8,1,141
912,57,58,8,0,141
920,46,52,3,1,143
920,58,59,3,0,143
923,45,51,1,1,143
923,57,58,1,0,143
924,43,50,1,1,144
924,55,57,1,0,144
925,41,49,1,1,144
925,53,56,1,0,144
926,39,48,1,1,144
926,51,55,1,0,144
927,38,47,1,1,144
927,50,54,1,0,144
928,37,46,1,1,145
928,49,53,1,0,145
929,43,50,1,1,145
929,55,57,1,0,145
930,46,52,1,1,145
930,58,59,1,0,145
931,45,51,1,1,145
931,57,58,1,0,145
932,43,50,1,1,146
932,55,57,1,0,146
933,41,49,1,1,146
933,53,56,1,0,146
934,39,48,1,1,146
934,51,55,1,0,146
935,38,47,1,1,146
935,50,54,1,0,146
936,37,46,4,1,147
936,40,48,4,1,147
936,45,51,4,1,147
936,49,53,2,0,147
936,52,55,2,0,147
936,57,58,2,0,147
938,61,60,0.5,0,147
939,64,62,0.5,0,147
940,69,65,2.5,0,148
942.5,69,65,0.5,0,148
943,69,65,0.5,0,148
943.5,70,66,0.5,0,148
944,69,65,1,0,149
945,67,64,1.875,0,149
946.875,67,64,0.125,0,149
947,76,69,0.875,0,149
947.875,74,68,0.125,0,149
948,74,68,1,0,150
949,73,67,2,0,150
951,76,69,1,0,150
952,76,69,1.5,0,151
953.5,67,64,0.5,0,151
954,70,66,1.5,0,151
955.5,69,65,0.5,0,151
956,67,64,1,0,152
957,65,63,1,0,152
959,49,53,0.5,1,152
959,57,58,0.5,1,152
959,69,65,0.5,0,152
959.5,67,64,0.5,0,152
960,50,54,0.5,1,153
960,57,58,0.5,1,153
960,67,64,0.5,0,153
960.5,65,63,0.5,0,153
961,52,55,0.5,1,153
961,57,58,0.5,1,153
961,65,63,0.5,0,153
961.5,64,62,0.5,0,153
962,53,56,0.5,1,153
962,57,58,0.5,1,153
962,64,62,0.5,0,153
962.5,62,61,0.5,0,153
963,49,53,0.5,1,153
963,57,58,0.5,1,153
963,69,65,0.5,0,153
963.5,67,64,0.5,0,153
964,50,54,0.5,1,154
964,57,58,0.5,1,154
964,67,64,0.5,0,154
964.5,65,63,0.5,0,154
965,52,55,0.5,1,154
965,57,58,0.5,1,154
965,65,63,0.5,0,154
965.5,64,62,0.5,0,154
966,53,56,0.5,1,154
966,57,58,0.5,1,154
966,64,62,0.5,0,154
966.5,62,61,0.5,0,154
967,54,56,0.5,1,154
967,62,61,0.5,1,154
967,74,68,0.5,0,154
967.5,72,67,0.5,0,154
968,55,57,0.5,1,155
968,62,61,0.5,1,155
968,72,67,0.5,0,155
968.5,70,66,0.5,0,155
969,57,58,0.5,1,155
969,62,61,0.5,1,155
969,70,66,0.5,0,155
969.5,69,65,0.5,0,155
970,58,59,0.5,1,155
970,62,61,0.5,1,155
970,69,65,0.5,0,155
970.5,67,64,0.5,0,155
971,58,59,0.5,1,155
971,62,61,0.5,1,155
971,67,64,0.5,0,155
971.5,68,64,0.5,0,155
972,57,58,2,1,156
972,62,61,2,1,156
972,65,63,2,0,156
972,68,64,1.5,0,156
973.5,71,66,0.25,0,156
973.75,69,65,0.25,0,156
974,57,58,2,1,156
974,61,60,2,1,156
974,64,62,2,0,156
974,69,65,2,0,156
976,40,48,8,1,157
976,43,50,8,1,157
976,48,53,8,1,157
976,52,55,2,1,157
976,55,57,2,1,157
976,60,60,2,1,157
978,64,62,0.5,0,157
979,67,64,0.5,0,157
980,72,67,4,0,158
984,73,68,2,0,159
986,61,61,1.75,0,159
987.75,61,61,0.25,0,159
988,60,60,1,0,160
989,58,59,1.5,0,160
990.5,67,64,0.5,0,160
991,67,64,0.5,0,160
991.5,68,65,0.5,0,160
992,70,66,1.5,0,161
993.5,70,66,0.5,0,161
994,73,68,1,0,161
995,72,67,0.5,0,161
995.5,67,64,0.5,0,161
996,68,65,4,0,162
1000,29,41,0.5,1,163
1000,37,46,0.5,1,163
1000,41,48,0.5,1,163
1000,56,57,0.5,0,163
1000,61,60,0.5,0,163
1000,68,64,0.5,0,163
1002,29,41,0.5,1,163
1002,37,46,0.5,1,163
1002,41,48,0.5,1,163
1002,56,57,0.5,0,163
1002,61,60,0.5,0,163
1002,68,64,0.5,0,163
1004,29,41,0.5,1,164
1004,37,46,0.5,1,164
1004,41,48,0.5,1,164
1004,56,57,0.5,0,164
1004,61,60,0.5,0,164
1004,68,64,0.5,0,164
1006,29,41,0.5,1,164
1006,37,46,0.5,1,164
1006,41,48,0.5,1,164
1006,56,57,0.5,0,164
1006,61,60,0.5,0,164
1006,68,64,0.5,0,164
1008,30,42,1,1,165
1008,37,46,1,1,165
1008,42,49,1,1,165
1008,69,65,0.33333,0,165
1008.33333,66,63,0.33333,0,165
1008.66667,61,60,0.33333,0,165
1009,57,58,0.33333,1,165
1009.33333,54,56,0.33333,1,165
1009.66667,49,53,0.33333,1,165
1010,57,58,0.33333,1,165
1010.33333,54,56,0.33333,1,165
1010.66667,49,53,0.33333,1,165
1011,45,51,0.16667,1,165
1011.16667,49,53,0.16667,1,165
1011.33333,54,56,0.16667,1,165
1011.5,57,58,0.16667,1,165
1011.66667,61,60,0.16667,1,165
1011.83333,66,53,0.16667,1,165
1012,69,65,0.33333,0,166
1012.33333,66,63,0.33333,0,166
1012.66667,61,60,0.33333,0,166
1013,57,58,0.33333,0,166
1013.33333,61,60,0.33333,0,166
1013.66667,66,63,0.33333,0,166
1014,69,65,0.33333,0,166
1014.33333,73,67,0.33333,0,166
1014.66667,78,70,0.33333,0,166
1015,81,72,0.25,0,166
1015.25,78,70,0.25,0,166
1015.5,73,67,0.25,0,166
1015.75,69,65,0.25,0,166
1016,42,49,0.5,1,167
1016,50,54,0.5,1,167
1016,54,56,0.5,1,167
1016,57,58,0.5,0,167
1016,62,61,0.5,0,167
1016,69,65,0.5,0,167
1018,42,49,0.5,1,167
1018,50,54,0.5,1,167
1018,54,56,0.5,1,167
1018,57,58,0.5,0,167
1018,62,61,0.5,0,167
1018,69,65,0.5,0,167
1020,42,49,0.5,1,168
1020,50,54,0.5,1,168
1020,54,56,0.5,1,168
1020,57,58,0.5,0,168
1020,62,61,0.5,0,168
1020,69,65,0.5,0,168
1022,42,49,0.5,1,168
1022,50,54,0.5,1,168
1022,54,56,0.5,1,168
1022,57,58,0.5,0,168
1022,62,61,0.5,0,168
1022,69,65,0.5,0,168
1024,43,50,0.5,1,169
1024,50,54,0.5,1,169
1024,55,57,0.5,1,169
1024,70,66,0.33333,0,169
1024.325,67,64,0.33333,0,169
1024.66667,62,61,0.33333,0,169
1025,58,59,0.33333,1,169
1025.325,55,57,0.33333,1,169
1025.66667,50,54,0.33333,1,169
1026,58,59,0.33333,1,169
1026.325,55,57,0.33333,1,169
1026.66667,50,54,0.33333,1,169
1027,46,52,0.16667,1,169
1027.16667,50,54,0.16667,1,169
1027.325,55,57,0.16667,1,169
1027.5,58,59,0.16667,1,169
1027.66667,62,61,0.16667,1,169
1027.825,67,64,0.16667,1,169
1028,70,66,0.33333,0,170
1028.325,67,64,0.33333,0,170
1028.66667,62,61,0.33333,0,170
1029,58,59,0.33333,0,170
1029.325,62,61,0.33333,0,170
1029.66667,67,64,0.33333,0,170
1030,70,66,0.33333,0,170
1030.325,74,68,0.33333,0,170
1030.66667,79,71,0.33333,0,170
1031,82,73,0.25,0,170
1031.25,79,71,0.25,0,170
1031.5,74,68,0.25,0,170
1031.75,70,66,0.25,0,170
1032,55,57,0.5,1,171
1032,58,59,0.5,1,171
1032,61,60,0.5,1,171
1032,64,62,0.5,1,171
1032,67,64,0.5,0,171
1032,70,66,0.5,0,171
1032,73,67,0.5,0,171
1032,76,69,0.5,0,171
1034,55,57,0.5,1,171
1034,58,59,0.5,1,171
1034,61,60,0.5,1,171
1034,64,62,0.5,1,171
1034,67,64,0.5,0,171
1034,70,66,0.5,0,171
1034,73,67,0.5,0,171
1034,76,69,0.5,0,171
1036,55,57,0.5,1,172
1036,58,59,0.5,1,172
1036,61,60,0.5,1,172
1036,64,62,0.5,1,172
1036,67,64,0.5,0,172
1036,70,66,0.5,0,172
1036,73,67,0.5,0,172
1036,76,69,0.5,0,172
1038,55,57,0.5,1,172
1038,58,59,0.5,1,172
1038,61,60,0.5,1,172
1038,64,62,0.5,1,172
1038,67,64,0.5,0,172
1038,70,66,0.5,0,172
1038,73,67,0.5,0,172
1038,76,69,0.5,0,172
1040,56,57,1,1,173
1040,59,59,1,1,173
1040,62,61,1,1,173
1040,65,63,1,1,173
1040,77,70,0.33333,0,173
1040.325,74,68,0.33333,0,173
1040.66667,71,66,0.33333,0,173
1041,68,64,0.33333,0,173
1041.325,65,63,0.33333,0,173
1041.66667,74,68,0.33333,0,173
1042,71,66,0.33333,0,173
1042.325,68,64,0.33333,0,173
1042.66667,65,63,0.33333,0,173
1043,62,61,0.33333,0,173
1043.325,65,63,0.33333,0,173
1043.66667,68,64,0.33333,0,173
1044,71,66,0.33333,0,174
1044.325,74,68,0.33333,0,174
1044.66667,77,70,0.33333,0,174
1045,80,71,0.33333,0,174
1045.325,83,73,0.33333,0,174
1045.66667,86,75,0.33333,0,174
1046,89,77,1,0,174
1047,86,75,1,0,174
1048,57,58,0.5,1,175
1048,85,74,1,0,175
1048.5,69,65,0.5,1,175
1049,64,62,0.5,1,175
1049,67,64,0.5,1,175
1049.5,69,65,0.5,1,175
1050,70,66,0.5,1,175
1050.5,69,65,0.5,1,175
1051,64,62,0.5,1,175
1051,67,64,0.5,1,175
1051,88,76,0.5,0,175
1051.5,69,65,0.5,1,175
1051.5,85,74,0.5,0,175
1052,57,58,0.5,1,176
1052,81,72,0.5,0,176
1052.5,69,65,0.5,1,176
1052.5,82,73,0.5,0,176
1053,67,64,0.5,1,176
1053,82,73,0.5,0,176
1053.5,69,65,0.5,1,176
1053.5,79,71,0.5,0,176
1054,70,66,0.5,1,176
1054.5,69,65,0.5,1,176
1055,64,62,0.5,1,176
1055,67,64,0.5,1,176
1055,88,76,0.5,0,176
1055.5,69,65,0.5,1,176
1055.5,85,74,0.5,0,176
1056,57,58,0.5,1,177
1056,81,72,0.5,0,177
1056.5,69,65,0.5,1,177
1056.5,82,73,0.5,0,177
1057,64,62,0.5,1,177
1057,67,64,0.5,1,177
1057,82,73,0.5,0,177
1057.5,69,65,0.5,1,177
1057.5,79,71,0.5,0,177
1058,70,66,0.5,1,177
1058.5,69,65,0.5,1,177
1059,64,62,0.5,1,177
1059,67,64,0.5,1,177
1059,88,76,0.5,0,177
1059.5,69,65,0.5,1,177
1059.5,85,74,0.5,0,177
1060,57,58,0.5,1,178
1060,81,72,0.5,0,178
1060.5,69,65,0.5,1,178
1060.5,82,73,0.5,0,178
1061,64,62,0.5,1,178
1061,67,64,0.5,1,178
1061,82,73,0.5,0,178
1061.5,69,65,0.5,1,178
1061.5,79,71,0.5,0,178
1062,57,58,0.5,1,178
1062,79,71,0.5,0,178
1062.5,69,65,0.5,1,178
1062.5,77,70,0.5,0,178
1063,61,60,0.5,1,178
1063,64,62,0.5,1,178
1063,77,70,0.5,0,178
1063.5,69,65,0.5,1,178
1063.5,76,69,0.5,0,178
1064,57,58,0.5,1,179
1064,76,69,0.5,0,179
1064.5,69,65,0.5,1,179
1064.5,77,70,0.5,0,179
1065,62,61,0.5,1,179
1065,65,63,0.5,1,179
1065,74,68,0.5,0,179
1065.5,69,65,0.5,1,179
1066,70,66,0.5,1,179
1066.5,69,65,0.5,1,179
1067,62,61,0.5,1,179
1067,65,63,0.5,1,179
1067,89,77,0.5,0,179
1067.5,69,65,0.5,1,179
1067.5,86,75,0.5,0,179
1068,57,58,0.5,1,180
1068,80,71,0.5,0,180
1068.5,69,65,0.5,1,180
1068.5,81,72,0.5,0,180
1069,62,61,0.5,1,180
1069,65,63,0.5,1,180
1069,81,72,0.5,0,180
1069.5,69,65,0.5,1,180
1069.5,77,70,0.5,0,180
1070,70,66,0.5,1,180
1070.5,69,65,0.5,1,180
1071,62,61,0.5,1,180
1071,65,63,0.5,1,180
1071,89,77,0.5,0,180
1071.5,69,65,0.5,1,180
1071.5,86,75,0.5,0,180
1072,57,58,0.5,1,181
1072,80,71,0.5,0,181
1072.5,69,65,0.5,1,181
1072.5,81,72,0.5,0,181
1073,62,61,0.5,1,181
1073,65,63,0.5,1,181
1073,81,72,0.5,0,181
1073.5,69,65,0.5,1,181
1073.5,77,70,0.5,0,181
1074,70,66,0.5,1,181
1074.5,69,65,0.5,1,181
1075,62,61,0.5,1,181
1075,65,63,0.5,1,181
1075,89,77,0.5,0,181
1075.5,69,65,0.5,1,181
1075.5,86,75,0.5,0,181
1076,57,58,0.5,1,182
1076,80,71,0.5,0,182
1076.5,69,65,0.5,1,182
1076.5,81,72,0.5,0,182
1077,62,61,0.5,1,182
1077,65,63,0.5,1,182
1077,81,72,0.5,0,182
1077.5,69,65,0.5,1,182
1077.5,77,70,0.5,0,182
1078,57,58,0.5,1,182
1078,77,70,0.5,0,182
1078.5,69,65,0.5,1,182
1078.5,76,69,0.5,0,182
1079,62,61,0.5,1,182
1079,65,63,0.5,1,182
1079,76,69,0.5,0,182
1079.5,69,65,0.5,1,182
1079.5,74,68,0.5,0,182
1080,57,58,0.5,1,183
1080,74,68,0.5,0,183
1080.5,69,65,0.5,1,183
1080.5,73,67,0.5,0,183
1081,64,62,0.5,1,183
1081,67,64,0.5,1,183
1081,76,69,0.5,0,183
1081.5,69,65,0.5,1,183
1082,70,66,0.5,1,183
1082.5,69,65,0.5,1,183
1083,64,62,0.5,1,183
1083,67,64,0.5,1,183
1083,82,73,0.5,0,183
1083.5,69,65,0.5,1,183
1083.5,79,71,0.5,0,183
1084,57,58,0.5,1,184
1084,75,68,0.5,0,184
1084.5,69,65,0.5,1,184
1084.5,76,69,0.5,0,184
1085,64,62,0.5,1,184
1085,67,64,0.5,1,184
1085,73,67,0.5,0,184
1085.5,69,65,0.5,1,184
1086,70,66,0.5,1,184
1086.5,69,65,0.5,1,184
1087,64,62,0.5,1,184
1087,67,64,0.5,1,184
1087,82,73,0.5,0,184
1087.5,69,65,0.5,1,184
1087.5,79,71,0.5,0,184
1088,57,58,0.5,1,185
1088,75,68,0.5,0,185
1088.5,69,65,0.5,1,185
1088.5,76,69,0.5,0,185
1089,64,62,0.5,1,185
1089,67,64,0.5,1,185
1089,73,67,0.5,0,185
1089.5,69,65,0.5,1,185
1090,70,66,0.5,1,185
1090.5,69,65,0.5,1,185
1091,64,62,0.5,1,185
1091,67,64,0.5,1,185
1091,82,73,0.5,0,185
1091.5,69,65,0.5,1,185
1091.5,79,71,0.5,0,185
1092,57,58,1,1,186
1092,64,62,1,1,186
1092,67,64,1,1,186
1092,76,69,0.5,0,186
1092.5,79,71,0.5,0,186
1093,73,67,0.5,0,186
1093.5,76,69,0.5,0,186
1094,70,66,0.5,0,186
1094.5,73,67,0.5,0,186
1095,67,64,0.5,0,186
1095.5,70,66,0.5,0,186
1096,64,62,0.5,0,187
1096.5,67,64,0.5,0,187
1097,61,60,0.5,0,187
1097.5,64,62,0.5,0,187
1098,58,59,0.5,0,187
1098.5,61,60,0.5,0,187
1099,55,57,0.5,0,187
1099.5,58,59,0.5,0,187
1100,52,55,0.5,0,188
1100.5,55,57,0.5,0,188
1101,37,46,0.5,1,188
1101,49,53,0.5,0,188
1101.5,40,48,0.5,1,188
1101.5,52,55,0.5,0,188
1102,31,43,0.5,1,188
1102,43,50,0.5,0,188
1102.5,40,48,0.5,1,188
1102.5,52,55,0.5,0,188
1103,37,46,0.5,1,188
1103,49,53,0.5,0,188
1103.5,31,43,0.5,1,188
1103.5,43,50,0.5,0,188
1104,29,42,0.5,1,189
1104,41,49,0.5,0,189
1105,41,49,0.5,1,189
1105,45,51,0.5,1,189
1105,50,54,0.5,1,189
1105,53,56,0.5,0,189
1105,57,58,0.5,0,189
1105,62,61,0.5,0,189
1106,43,50,6,1,189
1106,46,52,6,1,189
1106,51,55,4,1,189
1106,55,57,6,0,189
1106,58,59,6,0,189
1106,63,62,4,0,189
1110,50,54,1,1,190
1110,62,61,1,0,190
1111,49,53,1,1,190
1111,61,60,1,0,190
1112,41,49,0.5,1,191
1112,45,51,0.5,1,191
1112,50,54,0.5,1,191
1112,53,56,0.5,0,191
1112,57,58,0.5,0,191
1112,62,61,0.5,0,191
1113,53,56,0.5,1,191
1113,57,58,0.5,1,191
1113,62,61,0.5,1,191
1113,65,63,0.5,0,191
1113,69,65,0.5,0,191
1113,74,68,0.5,0,191
1114,55,57,6,1,191
1114,58,59,6,1,191
1114,63,62,4,1,191
1114,67,64,6,0,191
1114,70,66,6,0,191
1114,75,69,4,0,191
1118,62,61,1,1,192
1118,74,68,1,0,192
1119,61,60,1,1,192
1119,73,67,1,0,192
1120,53,56,0.5,1,193
1120,57,58,0.5,1,193
1120,62,61,0.5,1,193
1120,65,63,0.5,0,193
1120,69,65,0.5,0,193
1120,74,68,0.5,0,193
1121,65,63,0.5,1,193
1121,69,65,0.5,1,193
1121,74,68,0.5,0,193
1121,86,75,0.5,0,193
1122,67,64,3,1,193
1122,70,66,3,1,193
1122,75,69,3,0,193
1122,86,75,3,0,193
1125,68,64,0.5,1,194
1125,71,66,0.5,1,194
1125,76,69,0.5,0,194
1125,86,75,0.5,0,194
1126,69,65,3,1,194
1126,72,67,3,1,194
1126,77,70,3,0,194
1126,86,75,3,0,194
1129,69,65,1,1,195
1129,72,67,1,1,195
1129,78,70,1,0,195
1129,86,75,2,0,195
1130,70,66,1,1,195
1130,74,68,1,1,195
1130,79,71,1,0,195
1131,66,63,1,1,195
1131,72,67,1,1,195
1131,81,72,1,0,195
1131,86,75,2,0,195
1132,67,64,1,1,196
1132,70,66,1,1,196
1132,82,73,1,0,196
1133,55,57,1,1,196
1133,63,62,1,1,196
1133,67,64,1,1,196
1133,70,66,2,0,196
1133,82,73,2,0,196
1134,57,58,2,1,196
1134,62,61,1,1,196
1134,65,63,1,1,196
1135,61,60,1,1,196
1135,64,62,1,1,196
1135,69,65,1,0,196
1135,81,72,1,0,196
1136,50,54,0.5,1,197
1136,62,61,0.5,1,197
1136,74,68,0.5,0,197
1137,38,47,1,1,197
1138,39,48,4,1,197
1139,54,56,0.5,0,197
1139,57,58,0.5,0,197
1140,55,57,0.5,0,198
1140,58,59,0.5,0,198
1141,58,59,2,0,198
1141,67,64,2,0,198
1142,38,47,1,1,198
1143,37,46,1,1,198
1143,58,59,0.5,0,198
1143,67,64,0.5,0,198
1144,38,47,0.5,1,199
1144,57,58,0.5,0,199
1144,66,63,0.5,0,199
1145,38,47,0.5,1,199
1146,39,48,4,1,199
1147,54,56,0.5,0,199
1147,57,58,0.5,0,199
1148,55,57,0.5,0,200
1148,58,59,0.5,0,200
1149,67,64,2,0,200
1149,70,66,2,0,200
1150,38,47,1,1,200
1151,37,46,1,1,200
1151,67,64,0.5,0,200
1151,70,66,0.5,0,200
1152,38,47,0.5,1,201
1152,66,63,0.5,0,201
1152,69,65,0.5,0,201
1153,38,47,0.5,1,201
1154,39,48,4,1,201
1155,54,56,0.5,0,201
1155,57,58,0.5,0,201
1156,55,57,0.5,0,202
1156,58,59,0.5,0,202
1157,67,64,2,0,202
1157,70,66,2,0,202
1158,38,47,1,1,202
1159,37,46,1,1,202
1159,79,71,2,0,202
1159,82,73,1,0,202
1160,36,46,0.5,1,203
1160.5,35,45,0.5,1,203
1161,36,46,0.5,1,203
1161.5,38,47,0.5,1,203
1162,40,48,0.5,1,203
1162.5,36,46,0.5,1,203
1163,38,47,0.5,1,203
1163,67,64,1,0,203
1163,70,66,1,0,203
1163.5,40,48,0.5,1,203
1164,41,49,0.5,1,204
1164,65,63,0.5,0,204
1164,69,65,0.5,0,204
1164.5,40,48,0.5,1,204
1165,41,49,0.5,1,204
1165.5,43,50,0.5,1,204
1166,45,51,0.5,1,204
1166.5,44,50,0.5,1,204
1167,45,51,0.5,1,204
1167,77,70,1,0,204
1167,81,72,1,0,204
1167.5,44,50,0.5,1,204
1168,45,51,0.5,1,205
1168,76,69,0.5,0,205
1168,79,71,0.5,0,205
1168.5,44,50,0.5,1,205
1169,45,51,0.5,1,205
1169.5,47,52,0.5,1,205
1170,49,53,0.5,1,205
1170.5,45,51,0.5,1,205
1171,47,52,0.5,1,205
1171,64,62,1,0,205
1171,67,64,1,0,205
1171.5,49,53,0.5,1,205
1172,50,54,0.5,1,206
1172,62,61,0.5,0,206
1172,65,63,0.5,0,206
1172.5,49,53,0.5,1,206
1173,50,54,0.5,1,206
1173.5,52,55,0.5,1,206
1174,53,56,0.5,1,206
1174.5,50,54,0.5,1,206
1175,52,55,0.5,1,206
1175,74,68,2,0,206
1175,77,70,1,0,206
1175.5,53,56,0.5,1,206
1176,55,57,0.5,1,207
1176,76,69,0.5,0,207
1176.5,54,56,0.5,1,207
1177,55,57,0.5,1,207
1177.5,57,58,0.5,1,207
1178,58,59,0.5,1,207
1178.5,55,57,0.5,1,207
1179,57,58,0.5,1,207
1179,76,69,2,0,207
1179,86,75,1,0,207
1179.5,58,59,0.5,1,207
1180,57,58,0.5,1,208
1180,85,74,0.5,0,208
1180.5,56,57,0.5,1,208
1181,57,58,0.5,1,208
1181.5,56,57,0.5,1,208
1182,57,58,0.5,1,208
1182.5,56,57,0.5,1,208
1183,57,58,0.5,1,208
1183,64,62,1,0,208
1183,73,67,1,0,208
1183.5,45,51,0.5,1,208
1184,45,51,8,1,208
1184,53,56,2,1,209
1184,57,58,2,1,209
1184,74,68,0.5,0,209
1184.5,69,65,0.5,0,209
1185,65,63,0.5,0,209
1185.5,77,70,0.5,0,209
1186,52,55,2,1,209
1186,55,57,2,1,209
1186,76,69,0.5,0,209
1186.5,73,67,0.5,0,209
1187,69,65,0.5,0,209
1187.5,79,71,0.5,0,209
1188,50,54,2,1,210
1188,53,56,2,1,210
1188,77,70,0.5,0,210
1188.5,74,68,0.5,0,210
1189,69,65,0.5,0,210
1189.5,81,72,0.5,0,210
1190,49,53,2,1,210
1190,52,55,2,1,210
1190,80,71,0.5,0,210
1190.5,81,72,0.5,0,210
1191,80,71,0.5,0,210
1191.5,81,72,0.5,0,210
1192,50,54,0.5,1,211
1192,69,65,2,0,211
1192,77,70,2,0,211
1192,81,72,2,0,211
1192.5,45,51,0.5,1,211
1193,41,49,0.5,1,211
1193.5,50,54,0.5,1,211
1194,52,55,0.5,1,211
1194,67,64,2,0,211
1194,76,69,2,0,211
1194,79,71,2,0,211
1194.5,49,53,0.5,1,211
1195,45,51,0.5,1,211
1195.5,52,55,0.5,1,211
1196,53,56,0.5,1,212
1196,65,63,2,0,212
1196,74,68,2,0,212
1196,77,70,2,0,212
1196.5,50,54,0.5,1,212
1197,45,51,0.5,1,212
1197.5,57,58,0.5,1,212
1198,56,57,0.5,1,212
1198,64,62,2,0,212
1198,73,67,2,0,212
1198,76,69,2,0,212
1198.5,57,58,0.5,1,212
1199,56,57,0.5,1,212
1199.5,57,58,0.5,1,212
1200,45,51,2,1,213
1200,74,68,0.5,0,213
1200.5,69,65,0.5,0,213
1201,53,56,2,1,213
1201,57,58,2,1,213
1201,65,63,0.5,0,213
1201.5,77,70,0.5,0,213
1202,45,51,2,1,213
1202,76,69,0.5,0,213
1202.5,73,67,0.5,0,213
1203,52,55,2,1,213
1203,55,57,1,1,213
1203,69,65,0.5,0,213
1203.5,79,71,0.5,0,213
1204,45,51,2,1,214
1204,77,70,0.5,0,214
1204.5,74,68,0.5,0,214
1205,50,54,2,1,214
1205,53,56,2,1,214
1205,69,65,0.5,0,214
1205.5,81,72,0.5,0,214
1206,45,51,2,1,214
1206,80,71,0.5,0,214
1206.5,81,72,0.5,0,214
1207,49,53,1,1,214
1207,52,55,1,1,214
1207,80,71,0.5,0,214
1207.5,81,72,0.5,0,214
1208,50,54,0.5,1,215
1208,69,65,3,0,215
1208.5,45,51,0.5,1,215
1209,41,49,0.5,1,215
1209,77,70,2,0,215
1209,81,72,2,0,215
1209.5,50,54,0.5,1,215
1210,52,55,0.5,1,215
1210.5,49,53,0.5,1,215
1211,45,51,0.5,1,215
1211,67,64,1,0,215
1211,76,69,2,0,215
1211,79,71,1,0,215
1211.5,52,55,0.5,1,215
1212,53,56,0.5,1,216
1212.5,50,54,0.5,1,216
1213,45,51,0.5,1,216
1213,65,63,2,0,216
1213,74,68,2,0,216
1213,77,70,2,0,216
1213.5,57,58,0.5,1,216
1214,56,57,0.5,1,216
1214.5,57,58,0.5,1,216
1215,56,57,0.5,1,216
1215,64,62,1,0,216
1215,73,67,1,0,216
1215,76,69,1,0,216
1215.5,57,58,0.5,1,216
1216,45,51,2,1,217
1216,74,68,0.5,0,217
1216.5,69,65,0.5,0,217
1217,53,56,2,1,217
1217,57,58,2,1,217
1217,65,63,0.5,0,217
1217.5,77,70,0.5,0,217
1218,45,51,2,1,217
1218,76,69,0.5,0,217
1218.5,73,67,0.5,0,217
1219,52,55,2,1,217
1219,55,57,1,1,217
1219,69,65,0.5,0,217
1219.5,79,71,0.5,0,217
1220,45,51,2,1,218
1220,77,70,0.5,0,218
1220.5,74,68,0.5,0,218
1221,50,54,2,1,218
1221,53,56,2,1,218
1221,69,65,0.5,0,218
1221.5,81,72,0.5,0,218
1222,45,51,2,1,218
1222,80,71,0.5,0,218
1222.5,81,72,0.5,0,218
1223,49,53,1,1,218
1223,52,55,1,1,218
1223,80,71,0.5,0,218
1223.5,81,72,0.5,0,218
1224,38,47,2,1,219
1224,38,47,1,1,219
1224,77,70,0.5,0,219
1224.5,74,68,0.5,0,219
1225,50,54,1,1,219
1225,69,65,0.5,0,219
1225.5,81,72,0.5,0,219
1226,45,51,2,1,219
1226,45,51,1,1,219
1226,80,71,0.5,0,219
1226.5,81,72,0.5,0,219
1227,49,53,1,1,219
1227,52,55,1,1,219
1227,80,71,0.5,0,219
1227.5,81,72,0.5,0,219
1228,50,54,2,1,220
1228,50,54,1,1,220
1228,77,70,0.5,0,220
1228.5,74,68,0.5,0,220
1229,53,56,1,1,220
1229,69,65,0.5,0,220
1229.5,81,72,0.5,0,220
1230,45,51,2,1,220
1230,45,51,1,1,220
1230,80,71,0.5,0,220
1230.5,81,72,0.5,0,220
1231,49,53,1,1,220
1231,52,55,1,1,220
1231,80,71,0.5,0,220
1231.5,81,72,0.5,0,220
1232,38,47,1,1,221
1232,50,54,1,1,221
1232,74,68,1,0,221
1234,38,47,2,1,221
1234,50,54,2,1,221
1234,62,61,2,0,221
1236,38,47,2,1,222
1236,50,54,2,1,222
1236,62,61,2,0,222
1238,38,47,2,1,222
1238,50,54,2,1,222
1238,62,61,2,0,222
1240,38,47,0.5,1,223
1240,53,56,28,0,223
1240,57,58,28,0,223
1240,62,61,28,0,223
1240.5,33,44,0.5,1,223
1241,29,42,0.5,1,223
1241.5,41,49,0.5,1,223
1242,38,47,0.5,1,223
1242.5,33,44,0.5,1,223
1243,45,51,0.5,1,223
1243.5,41,49,0.5,1,223
1244,38,47,0.5,1,224
1244.5,33,44,0.5,1,224
1245,29,42,0.5,1,224
1245.5,41,49,0.5,1,224
1246,38,47,0.5,1,224
1246.5,33,44,0.5,1,224
1247,45,51,0.5,1,224
1247.5,41,49,0.5,1,224
1248,38,47,0.5,1,225
1248.5,33,44,0.5,1,225
1249,29,42,0.5,1,225
1249.5,41,49,0.5,1,225
1250,38,47,0.5,1,225
1250.5,33,44,0.5,1,225
1251,45,51,0.5,1,225
1251.5,41,49,0.5,1,225
1252,38,47,0.5,1,226
1252.5,33,44,0.5,1,226
1253,29,42,0.5,1,226
1253.5,41,49,0.5,1,226
1254,38,47,0.5,1,226
1254.5,33,44,0.5,1,226
1255,45,51,0.5,1,226
1255.5,41,49,0.5,1,226
1256,38,47,0.5,1,227
1256.5,33,44,0.5,1,227
1257,45,51,0.5,1,227
1257.5,41,49,0.5,1,227
1258,38,47,0.5,1,227
1258.5,33,44,0.5,1,227
1259,45,51,0.5,1,227
1259.5,41,49,0.5,1,227
1260,38,47,0.5,1,228
1260.5,33,44,0.5,1,228
1261,45,51,0.5,1,228
1261.5,41,49,0.5,1,228
1262,38,47,0.5,1,228
1262.5,33,44,0.5,1,228
1263,45,51,0.5,1,228
1263.5,41,49,0.5,1,228
1264,38,47,4,1,229
1268,38,47,4,1,230
1268,45,51,4,1,230
1268,50,54,4,1,230
1268,65,63,4,0,230
1268,69,65,4,0,230
1268,74,68,4,0,230
1268,77,70,4,0,230
1272,38,47,8,1,231
1272,45,51,8,1,231
1272,50,54,8,1,231
1272,62,61,8,0,231
1272,65,63,8,0,231
1272,69,65,8,0,231
1272,74,68,8,0,231
