-1.0,60,60,1.0,0,0
0.0,65,63,1.0,0,1
1.0,68,65,1.0,0,1
2.0,72,67,1.0,0,1
3.0,77,70,1.0,0,1
4.0,80,72,1.5,0,2
5.0,53,56,1.0,1,2
5.0,56,58,1.0,1,2
5.0,60,60,1.0,1,2
5.5,79,71,0.166666666667,0,2
5.66666666667,77,70,0.166666666667,0,2
5.83333333333,76,69,0.166666666667,0,2
6.0,53,56,1.0,1,2
6.0,56,58,1.0,1,2
6.0,60,60,1.0,1,2
6.0,77,70,1.0,0,2
7.0,53,56,1.0,1,2
7.0,56,58,1.0,1,2
7.0,60,60,1.0,1,2
8.0,52,55,1.0,1,3
8.0,55,57,1.0,1,3
8.0,58,59,1.0,1,3
8.0,60,60,1.0,1,3
8.0,67,64,1.0,0,3
9.0,72,67,1.0,0,3
10.0,76,69,1.0,0,3
11.0,79,71,1.0,0,3
12.0,82,73,1.5,0,4
13.0,52,55,1.0,1,4
13.0,55,57,1.0,1,4
13.0,58,59,1.0,1,4
13.0,60,60,1.0,1,4
13.5,80,72,0.166666666667,0,4
13.6666666667,79,71,0.166666666667,0,4
13.8333333333,77,70,0.166666666667,0,4
14.0,52,55,1.0,1,4
14.0,55,57,1.0,1,4
14.0,58,59,1.0,1,4
14.0,60,60,1.0,1,4
14.0,79,71,1.0,0,4
15.0,52,55,1.0,1,4
15.0,55,57,1.0,1,4
15.0,58,59,1.0,1,4
15.0,60,60,1.0,1,4
16.0,72,67,0.0,0,5
16.0,80,72,1.5,0,5
17.0,53,56,1.0,1,5
17.0,56,58,1.0,1,5
17.0,60,60,1.0,1,5
17.5,79,71,0.166666666667,0,5
17.6666666667,77,70,0.166666666667,0,5
17.8333333333,76,69,0.166666666667,0,5
18.0,53,56,1.0,1,5
18.0,56,58,1.0,1,5
18.0,60,60,1.0,1,5
18.0,77,70,1.0,0,5
19.0,53,56,1.0,1,5
19.0,56,58,1.0,1,5
19.0,60,60,1.0,1,5
20.0,72,67,0.0,0,6
20.0,82,73,1.5,0,6
21.0,55,57,1.0,1,6
21.0,58,59,1.0,1,6
21.0,64,62,1.0,1,6
21.5,80,72,0.166666666667,0,6
21.6666666667,79,71,0.166666666667,0,6
21.8333333333,77,70,0.166666666667,0,6
22.0,55,57,1.0,1,6
22.0,58,59,1.0,1,6
22.0,64,62,1.0,1,6
22.0,79,71,1.0,0,6
23.0,55,57,1.0,1,6
23.0,58,59,1.0,1,6
23.0,64,62,1.0,1,6
24.0,72,67,2.0,0,7
24.0,77,70,2.0,0,7
24.0,80,72,2.0,0,7
24.0,84,74,2.0,0,7
25.0,56,58,1.0,1,7
25.0,60,60,1.0,1,7
25.0,65,63,1.0,1,7
26.0,82,73,0.5,0,7
26.5,80,72,0.5,0,7
27.0,58,59,1.0,1,7
27.0,61,61,1.0,1,7
27.0,67,64,1.0,1,7
27.0,79,71,0.5,0,7
27.5,77,70,0.5,0,7
28.0,76,69,0.0,0,8
28.0,77,70,0.0,0,8
28.0,77,70,1.0,0,8
28.0,79,71,0.0,0,8
29.0,60,60,1.0,1,8
29.0,67,64,1.0,1,8
29.0,76,69,1.0,0,8
31.0,43,50,1.0,1,8
32.0,48,53,1.0,1,9
33.0,51,55,1.0,1,9
34.0,55,57,1.0,1,9
35.0,60,60,1.0,1,9
36.0,63,62,1.5,1,10
37.5,62,61,0.166666666667,1,10
37.6666666667,60,60,0.166666666667,1,10
37.8333333333,59,59,0.166666666667,1,10
38.0,60,60,1.0,1,10
39.0,60,60,1.0,1,10
40.0,60,60,4.0,1,11
40.0,65,63,4.0,1,11
40.0,68,65,4.0,0,11
41.5,75,69,0.166666666667,0,11
41.6666666667,73,68,0.166666666667,0,11
41.8333333333,72,67,0.166666666667,0,11
42.0,73,68,1.0,0,11
43.0,73,68,1.0,0,11
44.0,58,59,4.0,1,12
44.0,65,63,4.0,1,12
44.0,68,65,1.5,0,12
44.0,73,68,5.5,0,12
45.5,70,66,0.166666666667,0,12
45.6666666667,68,65,0.166666666667,0,12
45.8333333333,67,64,0.166666666667,0,12
46.0,68,65,1.0,0,12
47.0,68,65,1.0,0,12
48.0,58,59,4.0,1,13
48.0,63,62,4.0,1,13
48.0,67,64,4.0,0,13
48.0,73,68,1.5,0,13
49.5,75,69,0.166666666667,0,13
49.6666666667,73,68,0.166666666667,0,13
49.8333333333,72,67,0.166666666667,0,13
50.0,73,68,1.0,0,13
51.0,73,68,1.0,0,13
52.0,56,58,4.0,1,14
52.0,63,62,4.0,1,14
52.0,68,65,4.0,0,14
53.5,73,68,0.166666666667,0,14
53.6666666667,72,67,0.166666666667,0,14
53.8333333333,71,66,0.166666666667,0,14
54.0,72,67,1.0,0,14
55.0,72,67,1.0,0,14
56.0,61,61,2.0,1,15
56.0,65,63,4.0,0,15
56.0,72,67,1.0,0,15
57.0,70,66,2.0,0,15
58.0,62,61,2.0,1,15
59.0,68,65,1.0,0,15
60.0,63,62,1.0,1,16
60.0,67,64,1.0,0,16
61.0,75,69,1.0,0,16
62.0,73,68,1.0,0,16
63.0,60,60,1.0,1,16
63.0,63,62,1.0,1,16
63.0,72,67,2.0,0,16
64.0,61,61,2.0,1,17
64.0,65,63,2.0,1,17
65.0,70,66,2.0,0,17
66.0,62,61,2.0,1,17
66.0,65,63,2.0,1,17
67.0,68,65,1.0,0,17
68.0,63,62,1.0,1,18
68.0,67,64,1.0,0,18
69.0,63,62,1.0,0,18
69.0,75,69,1.0,0,18
70.0,61,61,1.0,0,18
70.0,73,68,1.0,0,18
71.0,48,53,1.0,1,18
71.0,51,55,1.0,1,18
71.0,60,60,2.0,0,18
71.0,72,67,1.0,0,18
72.0,49,54,2.0,1,19
72.0,53,56,2.0,1,19
73.0,58,59,2.0,0,19
73.0,70,66,2.0,0,19
74.0,50,54,2.0,1,19
74.0,53,56,2.0,1,19
75.0,56,58,1.0,0,19
75.0,68,65,1.0,0,19
76.0,51,55,0.5,1,20
76.0,55,57,1.0,0,20
76.0,67,64,1.0,0,20
76.5,63,62,0.5,1,20
77.0,51,55,0.5,1,20
77.5,63,62,0.5,1,20
78.0,51,55,0.5,1,20
78.5,63,62,0.5,1,20
79.0,51,55,0.5,1,20
79.0,76,70,1.0,0,20
79.5,63,62,0.5,1,20
80.0,51,55,0.5,1,21
80.0,75,69,1.0,0,21
80.5,63,62,0.5,1,21
81.0,51,55,0.5,1,21
81.0,73,68,1.0,0,21
81.5,63,62,0.5,1,21
82.0,51,55,0.5,1,21
82.0,70,66,1.0,0,21
82.5,63,62,0.5,1,21
83.0,51,55,0.5,1,21
83.0,67,64,1.0,0,21
83.5,63,62,0.5,1,21
84.0,51,55,1.0,1,22
84.0,61,61,2.0,1,22
84.0,64,63,1.5,0,22
85.0,51,55,1.0,1,22
85.5,63,62,0.5,0,22
86.0,51,55,0.5,1,22
86.0,60,60,1.0,1,22
86.0,68,65,1.0,0,22
86.5,63,62,0.5,1,22
87.0,51,55,0.5,1,22
87.0,76,70,1.0,0,22
87.5,63,62,0.5,1,22
88.0,51,55,0.5,1,23
88.0,75,69,1.0,0,23
88.5,63,62,0.5,1,23
89.0,51,55,0.5,1,23
89.0,73,68,1.0,0,23
89.5,63,62,0.5,1,23
90.0,51,55,0.5,1,23
90.0,70,66,1.0,0,23
90.5,63,62,0.5,1,23
91.0,51,55,0.5,1,23
91.0,67,64,1.0,0,23
91.5,63,62,0.5,1,23
92.0,51,55,1.0,1,24
92.0,61,61,2.0,1,24
92.0,64,63,1.5,0,24
93.0,51,55,1.0,1,24
93.5,63,62,0.5,0,24
94.0,51,55,0.5,1,24
94.0,60,60,1.0,1,24
94.0,68,65,1.0,0,24
94.5,63,62,0.5,1,24
95.0,51,55,0.5,1,24
95.0,76,70,1.0,0,24
95.5,63,62,0.5,1,24
96.0,51,55,0.5,1,25
96.0,75,69,1.0,0,25
96.5,63,62,0.5,1,25
97.0,51,55,0.5,1,25
97.0,73,68,1.0,0,25
97.5,63,62,0.5,1,25
98.0,61,61,0.5,1,25
98.0,70,66,1.0,0,25
98.5,63,62,0.5,1,25
99.0,61,61,0.5,1,25
99.0,67,64,1.0,0,25
99.5,63,62,0.5,1,25
100.0,60,60,0.5,1,26
100.5,63,62,0.5,1,26
100.5,67,64,0.5,0,26
101.0,60,60,0.5,1,26
101.0,70,66,0.5,0,26
101.5,63,62,0.5,1,26
101.5,68,65,0.5,0,26
102.0,55,57,0.5,1,26
102.5,63,62,0.5,1,26
102.5,69,65,0.5,0,26
103.0,55,57,0.5,1,26
103.0,72,67,0.5,0,26
103.5,63,62,0.5,1,26
103.5,70,66,0.5,0,26
104.0,56,58,0.5,1,27
104.5,63,62,0.5,1,27
104.5,71,66,0.5,0,27
105.0,56,58,0.5,1,27
105.0,73,68,0.5,0,27
105.5,63,62,0.5,1,27
105.5,72,67,0.5,0,27
106.0,53,56,0.5,1,27
106.5,62,61,0.5,1,27
106.5,74,68,0.5,0,27
107.0,56,58,0.5,1,27
107.0,80,72,0.5,0,27
107.5,62,61,0.5,1,27
107.5,74,68,0.5,0,27
108.0,51,55,0.5,1,28
108.0,75,69,1.0,0,28
108.5,63,62,0.5,1,28
109.0,55,57,0.5,1,28
109.5,63,62,0.5,1,28
110.0,53,56,0.5,1,28
110.5,62,61,0.5,1,28
110.5,74,68,0.5,0,28
111.0,56,58,0.5,1,28
111.0,80,72,0.5,0,28
111.5,62,61,0.5,1,28
111.5,74,68,0.5,0,28
112.0,51,55,0.5,1,29
112.0,75,69,1.0,0,29
112.5,63,62,0.5,1,29
113.0,55,57,0.5,1,29
113.5,63,62,0.5,1,29
114.0,49,54,0.5,1,29
114.5,58,59,0.5,1,29
114.5,79,71,0.5,0,29
115.0,52,56,0.5,1,29
115.0,88,77,0.5,0,29
115.5,58,59,0.5,1,29
115.5,79,71,0.5,0,29
116.0,48,53,0.5,1,30
116.0,80,72,1.0,0,30
116.5,56,58,0.5,1,30
117.0,51,55,0.5,1,30
117.5,56,58,0.5,1,30
118.0,49,54,0.5,1,30
118.5,58,59,0.5,1,30
118.5,79,71,0.5,0,30
119.0,52,56,0.5,1,30
119.0,88,77,0.5,0,30
119.5,58,59,0.5,1,30
119.5,79,71,0.5,0,30
120.0,48,53,0.5,1,31
120.5,56,58,0.5,1,31
120.5,79,71,0.5,0,31
121.0,51,55,0.5,1,31
121.0,82,73,0.5,0,31
121.5,56,58,0.5,1,31
121.5,80,72,0.5,0,31
122.0,43,50,0.5,1,31
122.5,55,57,0.5,1,31
122.5,81,72,0.5,0,31
123.0,51,55,0.5,1,31
123.0,84,74,0.5,0,31
123.5,55,57,0.5,1,31
123.5,82,73,0.5,0,31
124.0,44,51,0.5,1,32
124.5,56,58,0.5,1,32
124.5,83,73,0.5,0,32
125.0,51,55,0.5,1,32
125.0,85,75,0.5,0,32
125.5,56,58,0.5,1,32
125.5,84,74,0.5,0,32
126.0,46,52,0.5,1,32
126.5,58,59,0.5,1,32
126.5,84,74,0.5,0,32
127.0,51,55,0.5,1,32
127.0,87,76,0.5,0,32
127.5,58,59,0.5,1,32
127.5,85,75,0.5,0,32
128.0,48,53,1.0,1,33
128.5,86,75,0.5,0,33
129.0,51,55,2.0,1,33
129.0,89,77,0.5,0,33
129.5,87,76,0.5,0,33
130.0,85,75,0.5,0,33
130.5,84,74,0.5,0,33
131.0,56,58,1.0,1,33
131.0,82,73,0.5,0,33
131.5,80,72,0.5,0,33
132.0,49,54,1.0,1,34
132.0,79,71,0.5,0,34
132.5,77,70,0.5,0,34
133.0,53,56,2.0,1,34
133.0,75,69,0.5,0,34
133.5,73,68,0.5,0,34
134.0,72,67,0.5,0,34
134.5,70,66,0.5,0,34
135.0,58,59,1.0,1,34
135.0,68,65,0.5,0,34
135.5,67,64,0.5,0,34
136.0,51,55,1.0,1,35
136.0,65,63,0.5,0,35
136.5,63,62,0.5,0,35
137.0,56,58,2.0,1,35
137.0,62,61,0.5,0,35
137.5,63,62,0.5,0,35
138.0,62,61,0.5,0,35
138.5,63,62,0.5,0,35
139.0,60,60,1.0,1,35
139.0,62,61,0.5,0,35
139.5,63,62,0.5,0,35
140.0,61,61,1.0,1,36
140.0,62,61,0.5,0,36
140.5,63,62,0.5,0,36
141.0,58,59,1.0,1,36
141.0,65,63,0.5,0,36
141.5,63,62,0.5,0,36
142.0,55,57,1.0,1,36
142.0,62,61,0.5,0,36
142.5,63,62,0.5,0,36
143.0,49,54,1.0,1,36
143.0,65,63,0.5,0,36
143.5,63,62,0.5,0,36
144.0,36,46,1.0,1,37
144.5,80,72,0.5,0,37
145.0,39,48,2.0,1,37
145.0,89,77,0.5,0,37
145.5,87,76,0.5,0,37
146.0,85,75,0.5,0,37
146.5,84,74,0.5,0,37
147.0,44,51,1.0,1,37
147.0,82,73,0.5,0,37
147.5,80,72,0.5,0,37
148.0,37,47,1.0,1,38
148.0,79,71,0.5,0,38
148.5,77,70,0.5,0,38
149.0,41,49,2.0,1,38
149.0,75,69,0.5,0,38
149.5,73,68,0.5,0,38
150.0,72,67,0.5,0,38
150.5,70,66,0.5,0,38
151.0,46,52,1.0,1,38
151.0,68,65,0.5,0,38
151.5,67,64,0.5,0,38
152.0,39,48,1.0,1,39
152.0,65,63,0.5,0,39
152.5,63,62,0.5,0,39
153.0,44,51,2.0,1,39
153.0,61,61,0.5,0,39
153.5,60,60,0.5,0,39
154.0,58,59,0.5,0,39
154.5,56,58,0.5,0,39
155.0,48,53,1.0,1,39
155.0,55,57,0.5,0,39
155.5,53,56,0.5,0,39
156.0,49,54,1.0,1,40
156.0,51,55,0.5,0,40
156.5,53,56,0.5,0,40
157.0,46,52,1.0,1,40
157.0,55,57,0.5,0,40
157.5,56,58,0.5,0,40
158.0,43,50,1.0,1,40
158.0,58,59,0.5,0,40
158.5,60,60,0.5,0,40
159.0,39,48,1.0,1,40
159.0,61,61,0.5,0,40
159.5,58,59,0.5,0,40
160.0,44,51,1.0,1,41
160.0,56,58,1.0,0,41
161.0,56,58,1.0,1,41
162.0,62,61,0.0,0,41
162.0,71,67,1.5,0,41
163.0,50,54,1.0,1,41
163.0,53,56,1.0,1,41
163.0,56,58,1.0,1,41
163.0,59,60,1.0,1,41
163.5,70,66,0.5,0,41
164.0,68,65,2.0,0,42
165.0,51,55,1.0,1,42
165.0,56,58,1.0,1,42
165.0,60,60,1.0,1,42
166.0,67,64,1.5,0,42
167.0,51,55,1.0,1,42
167.0,58,59,1.0,1,42
167.0,61,61,1.0,1,42
167.5,75,69,0.5,0,42
168.0,75,69,1.0,0,43
169.0,56,58,1.0,1,43
169.0,60,60,1.0,1,43
169.0,68,65,1.0,0,43
170.0,62,61,0.0,0,43
170.0,71,67,1.5,0,43
171.0,50,54,1.0,1,43
171.0,53,56,1.0,1,43
171.0,56,58,1.0,1,43
171.0,59,60,1.0,1,43
171.5,70,66,0.5,0,43
172.0,68,65,2.0,0,44
173.0,51,55,1.0,1,44
173.0,56,58,1.0,1,44
173.0,60,60,1.0,1,44
174.0,67,64,1.5,0,44
175.0,51,55,1.0,1,44
175.0,58,59,1.0,1,44
175.0,61,61,1.0,1,44
175.5,75,69,0.5,0,44
176.0,75,69,1.0,0,45
177.0,56,58,1.0,1,45
177.0,60,60,1.0,1,45
177.0,68,65,1.0,0,45
178.0,74,68,0.0,0,45
178.0,83,74,1.5,0,45
179.0,62,61,1.0,1,45
179.0,65,63,1.0,1,45
179.0,68,65,1.0,1,45
179.0,71,67,1.0,1,45
179.5,82,73,0.5,0,45
180.0,80,72,2.0,0,46
181.0,63,62,1.0,1,46
181.0,68,65,1.0,1,46
181.0,72,67,1.0,1,46
182.0,79,71,1.5,0,46
183.0,63,62,1.0,1,46
183.0,70,66,1.0,1,46
183.0,73,68,1.0,1,46
183.5,87,76,0.5,0,46
184.0,56,58,4.0,1,47
184.0,58,59,4.0,1,47
184.0,61,61,4.0,1,47
184.0,63,62,4.0,1,47
184.0,67,64,4.0,1,47
184.0,73,68,4.0,0,47
184.0,79,71,4.0,0,47
184.0,87,76,4.0,0,47
188.0,56,58,1.0,1,48
188.0,60,60,1.0,1,48
188.0,63,62,1.0,1,48
188.0,68,65,1.0,1,48
188.0,72,67,1.0,0,48
188.0,75,69,1.0,0,48
188.0,80,72,1.0,0,48
191.0,60,60,1.0,0,0
192.0,65,63,1.0,0,1
193.0,68,65,1.0,0,1
194.0,72,67,1.0,0,1
195.0,77,70,1.0,0,1
196.0,80,72,1.5,0,2
197.0,53,56,1.0,1,2
197.0,56,58,1.0,1,2
197.0,60,60,1.0,1,2
197.5,79,71,0.166666666667,0,2
197.666666667,77,70,0.166666666667,0,2
197.833333333,76,69,0.166666666667,0,2
198.0,53,56,1.0,1,2
198.0,56,58,1.0,1,2
198.0,60,60,1.0,1,2
198.0,77,70,1.0,0,2
199.0,53,56,1.0,1,2
199.0,56,58,1.0,1,2
199.0,60,60,1.0,1,2
200.0,52,55,1.0,1,3
200.0,55,57,1.0,1,3
200.0,58,59,1.0,1,3
200.0,60,60,1.0,1,3
200.0,67,64,1.0,0,3
201.0,72,67,1.0,0,3
202.0,76,69,1.0,0,3
203.0,79,71,1.0,0,3
204.0,82,73,1.5,0,4
205.0,52,55,1.0,1,4
205.0,55,57,1.0,1,4
205.0,58,59,1.0,1,4
205.0,60,60,1.0,1,4
205.5,80,72,0.166666666667,0,4
205.666666667,79,71,0.166666666667,0,4
205.833333333,77,70,0.166666666667,0,4
206.0,52,55,1.0,1,4
206.0,55,57,1.0,1,4
206.0,58,59,1.0,1,4
206.0,60,60,1.0,1,4
206.0,79,71,1.0,0,4
207.0,52,55,1.0,1,4
207.0,55,57,1.0,1,4
207.0,58,59,1.0,1,4
207.0,60,60,1.0,1,4
208.0,72,67,0.0,0,5
208.0,80,72,1.5,0,5
209.0,53,56,1.0,1,5
209.0,56,58,1.0,1,5
209.0,60,60,1.0,1,5
209.5,79,71,0.166666666667,0,5
209.666666667,77,70,0.166666666667,0,5
209.833333333,76,69,0.166666666667,0,5
210.0,53,56,1.0,1,5
210.0,56,58,1.0,1,5
210.0,60,60,1.0,1,5
210.0,77,70,1.0,0,5
211.0,53,56,1.0,1,5
211.0,56,58,1.0,1,5
211.0,60,60,1.0,1,5
212.0,72,67,0.0,0,6
212.0,82,73,1.5,0,6
213.0,55,57,1.0,1,6
213.0,58,59,1.0,1,6
213.0,64,62,1.0,1,6
213.5,80,72,0.166666666667,0,6
213.666666667,79,71,0.166666666667,0,6
213.833333333,77,70,0.166666666667,0,6
214.0,55,57,1.0,1,6
214.0,58,59,1.0,1,6
214.0,64,62,1.0,1,6
214.0,79,71,1.0,0,6
215.0,55,57,1.0,1,6
215.0,58,59,1.0,1,6
215.0,64,62,1.0,1,6
216.0,72,67,2.0,0,7
216.0,77,70,2.0,0,7
216.0,80,72,2.0,0,7
216.0,84,74,2.0,0,7
217.0,56,58,1.0,1,7
217.0,60,60,1.0,1,7
217.0,65,63,1.0,1,7
218.0,82,73,0.5,0,7
218.5,80,72,0.5,0,7
219.0,58,59,1.0,1,7
219.0,61,61,1.0,1,7
219.0,67,64,1.0,1,7
219.0,79,71,0.5,0,7
219.5,77,70,0.5,0,7
220.0,76,69,0.0,0,8
220.0,77,70,0.0,0,8
220.0,77,70,1.0,0,8
220.0,79,71,0.0,0,8
221.0,60,60,1.0,1,8
221.0,67,64,1.0,1,8
221.0,76,69,1.0,0,8
223.0,43,50,1.0,1,8
224.0,48,53,1.0,1,9
225.0,51,55,1.0,1,9
226.0,55,57,1.0,1,9
227.0,60,60,1.0,1,9
228.0,63,62,1.5,1,10
229.5,62,61,0.166666666667,1,10
229.666666667,60,60,0.166666666667,1,10
229.833333333,59,59,0.166666666667,1,10
230.0,60,60,1.0,1,10
231.0,60,60,1.0,1,10
232.0,60,60,4.0,1,11
232.0,65,63,4.0,1,11
232.0,68,65,4.0,0,11
233.5,75,69,0.166666666667,0,11
233.666666667,73,68,0.166666666667,0,11
233.833333333,72,67,0.166666666667,0,11
234.0,73,68,1.0,0,11
235.0,73,68,1.0,0,11
236.0,58,59,4.0,1,12
236.0,65,63,4.0,1,12
236.0,68,65,1.5,0,12
236.0,73,68,5.5,0,12
237.5,70,66,0.166666666667,0,12
237.666666667,68,65,0.166666666667,0,12
237.833333333,67,64,0.166666666667,0,12
238.0,68,65,1.0,0,12
239.0,68,65,1.0,0,12
240.0,58,59,4.0,1,13
240.0,63,62,4.0,1,13
240.0,67,64,4.0,0,13
240.0,73,68,1.5,0,13
241.5,75,69,0.166666666667,0,13
241.666666667,73,68,0.166666666667,0,13
241.833333333,72,67,0.166666666667,0,13
242.0,73,68,1.0,0,13
243.0,73,68,1.0,0,13
244.0,56,58,4.0,1,14
244.0,63,62,4.0,1,14
244.0,68,65,4.0,0,14
245.5,73,68,0.166666666667,0,14
245.666666667,72,67,0.166666666667,0,14
245.833333333,71,66,0.166666666667,0,14
246.0,72,67,1.0,0,14
247.0,72,67,1.0,0,14
248.0,61,61,2.0,1,15
248.0,65,63,4.0,0,15
248.0,72,67,1.0,0,15
249.0,70,66,2.0,0,15
250.0,62,61,2.0,1,15
251.0,68,65,1.0,0,15
252.0,63,62,1.0,1,16
252.0,67,64,1.0,0,16
253.0,75,69,1.0,0,16
254.0,73,68,1.0,0,16
255.0,60,60,1.0,1,16
255.0,63,62,1.0,1,16
255.0,72,67,2.0,0,16
256.0,61,61,2.0,1,17
256.0,65,63,2.0,1,17
257.0,70,66,2.0,0,17
258.0,62,61,2.0,1,17
258.0,65,63,2.0,1,17
259.0,68,65,1.0,0,17
260.0,63,62,1.0,1,18
260.0,67,64,1.0,0,18
261.0,63,62,1.0,0,18
261.0,75,69,1.0,0,18
262.0,61,61,1.0,0,18
262.0,73,68,1.0,0,18
263.0,48,53,1.0,1,18
263.0,51,55,1.0,1,18
263.0,60,60,2.0,0,18
263.0,72,67,1.0,0,18
264.0,49,54,2.0,1,19
264.0,53,56,2.0,1,19
265.0,58,59,2.0,0,19
265.0,70,66,2.0,0,19
266.0,50,54,2.0,1,19
266.0,53,56,2.0,1,19
267.0,56,58,1.0,0,19
267.0,68,65,1.0,0,19
268.0,51,55,0.5,1,20
268.0,55,57,1.0,0,20
268.0,67,64,1.0,0,20
268.5,63,62,0.5,1,20
269.0,51,55,0.5,1,20
269.5,63,62,0.5,1,20
270.0,51,55,0.5,1,20
270.5,63,62,0.5,1,20
271.0,51,55,0.5,1,20
271.0,76,70,1.0,0,20
271.5,63,62,0.5,1,20
272.0,51,55,0.5,1,21
272.0,75,69,1.0,0,21
272.5,63,62,0.5,1,21
273.0,51,55,0.5,1,21
273.0,73,68,1.0,0,21
273.5,63,62,0.5,1,21
274.0,51,55,0.5,1,21
274.0,70,66,1.0,0,21
274.5,63,62,0.5,1,21
275.0,51,55,0.5,1,21
275.0,67,64,1.0,0,21
275.5,63,62,0.5,1,21
276.0,51,55,1.0,1,22
276.0,61,61,2.0,1,22
276.0,64,63,1.5,0,22
277.0,51,55,1.0,1,22
277.5,63,62,0.5,0,22
278.0,51,55,0.5,1,22
278.0,60,60,1.0,1,22
278.0,68,65,1.0,0,22
278.5,63,62,0.5,1,22
279.0,51,55,0.5,1,22
279.0,76,70,1.0,0,22
279.5,63,62,0.5,1,22
280.0,51,55,0.5,1,23
280.0,75,69,1.0,0,23
280.5,63,62,0.5,1,23
281.0,51,55,0.5,1,23
281.0,73,68,1.0,0,23
281.5,63,62,0.5,1,23
282.0,51,55,0.5,1,23
282.0,70,66,1.0,0,23
282.5,63,62,0.5,1,23
283.0,51,55,0.5,1,23
283.0,67,64,1.0,0,23
283.5,63,62,0.5,1,23
284.0,51,55,1.0,1,24
284.0,61,61,2.0,1,24
284.0,64,63,1.5,0,24
285.0,51,55,1.0,1,24
285.5,63,62,0.5,0,24
286.0,51,55,0.5,1,24
286.0,60,60,1.0,1,24
286.0,68,65,1.0,0,24
286.5,63,62,0.5,1,24
287.0,51,55,0.5,1,24
287.0,76,70,1.0,0,24
287.5,63,62,0.5,1,24
288.0,51,55,0.5,1,25
288.0,75,69,1.0,0,25
288.5,63,62,0.5,1,25
289.0,51,55,0.5,1,25
289.0,73,68,1.0,0,25
289.5,63,62,0.5,1,25
290.0,61,61,0.5,1,25
290.0,70,66,1.0,0,25
290.5,63,62,0.5,1,25
291.0,61,61,0.5,1,25
291.0,67,64,1.0,0,25
291.5,63,62,0.5,1,25
292.0,60,60,0.5,1,26
292.5,63,62,0.5,1,26
292.5,67,64,0.5,0,26
293.0,60,60,0.5,1,26
293.0,70,66,0.5,0,26
293.5,63,62,0.5,1,26
293.5,68,65,0.5,0,26
294.0,55,57,0.5,1,26
294.5,63,62,0.5,1,26
294.5,69,65,0.5,0,26
295.0,55,57,0.5,1,26
295.0,72,67,0.5,0,26
295.5,63,62,0.5,1,26
295.5,70,66,0.5,0,26
296.0,56,58,0.5,1,27
296.5,63,62,0.5,1,27
296.5,71,66,0.5,0,27
297.0,56,58,0.5,1,27
297.0,73,68,0.5,0,27
297.5,63,62,0.5,1,27
297.5,72,67,0.5,0,27
298.0,53,56,0.5,1,27
298.5,62,61,0.5,1,27
298.5,74,68,0.5,0,27
299.0,56,58,0.5,1,27
299.0,80,72,0.5,0,27
299.5,62,61,0.5,1,27
299.5,74,68,0.5,0,27
300.0,51,55,0.5,1,28
300.0,75,69,1.0,0,28
300.5,63,62,0.5,1,28
301.0,55,57,0.5,1,28
301.5,63,62,0.5,1,28
302.0,53,56,0.5,1,28
302.5,62,61,0.5,1,28
302.5,74,68,0.5,0,28
303.0,56,58,0.5,1,28
303.0,80,72,0.5,0,28
303.5,62,61,0.5,1,28
303.5,74,68,0.5,0,28
304.0,51,55,0.5,1,29
304.0,75,69,1.0,0,29
304.5,63,62,0.5,1,29
305.0,55,57,0.5,1,29
305.5,63,62,0.5,1,29
306.0,49,54,0.5,1,29
306.5,58,59,0.5,1,29
306.5,79,71,0.5,0,29
307.0,52,56,0.5,1,29
307.0,88,77,0.5,0,29
307.5,58,59,0.5,1,29
307.5,79,71,0.5,0,29
308.0,48,53,0.5,1,30
308.0,80,72,1.0,0,30
308.5,56,58,0.5,1,30
309.0,51,55,0.5,1,30
309.5,56,58,0.5,1,30
310.0,49,54,0.5,1,30
310.5,58,59,0.5,1,30
310.5,79,71,0.5,0,30
311.0,52,56,0.5,1,30
311.0,88,77,0.5,0,30
311.5,58,59,0.5,1,30
311.5,79,71,0.5,0,30
312.0,48,53,0.5,1,31
312.5,56,58,0.5,1,31
312.5,79,71,0.5,0,31
313.0,51,55,0.5,1,31
313.0,82,73,0.5,0,31
313.5,56,58,0.5,1,31
313.5,80,72,0.5,0,31
314.0,43,50,0.5,1,31
314.5,55,57,0.5,1,31
314.5,81,72,0.5,0,31
315.0,51,55,0.5,1,31
315.0,84,74,0.5,0,31
315.5,55,57,0.5,1,31
315.5,82,73,0.5,0,31
316.0,44,51,0.5,1,32
316.5,56,58,0.5,1,32
316.5,83,73,0.5,0,32
317.0,51,55,0.5,1,32
317.0,85,75,0.5,0,32
317.5,56,58,0.5,1,32
317.5,84,74,0.5,0,32
318.0,46,52,0.5,1,32
318.5,58,59,0.5,1,32
318.5,84,74,0.5,0,32
319.0,51,55,0.5,1,32
319.0,87,76,0.5,0,32
319.5,58,59,0.5,1,32
319.5,85,75,0.5,0,32
320.0,48,53,1.0,1,33
320.5,86,75,0.5,0,33
321.0,51,55,2.0,1,33
321.0,89,77,0.5,0,33
321.5,87,76,0.5,0,33
322.0,85,75,0.5,0,33
322.5,84,74,0.5,0,33
323.0,56,58,1.0,1,33
323.0,82,73,0.5,0,33
323.5,80,72,0.5,0,33
324.0,49,54,1.0,1,34
324.0,79,71,0.5,0,34
324.5,77,70,0.5,0,34
325.0,53,56,2.0,1,34
325.0,75,69,0.5,0,34
325.5,73,68,0.5,0,34
326.0,72,67,0.5,0,34
326.5,70,66,0.5,0,34
327.0,58,59,1.0,1,34
327.0,68,65,0.5,0,34
327.5,67,64,0.5,0,34
328.0,51,55,1.0,1,35
328.0,65,63,0.5,0,35
328.5,63,62,0.5,0,35
329.0,56,58,2.0,1,35
329.0,62,61,0.5,0,35
329.5,63,62,0.5,0,35
330.0,62,61,0.5,0,35
330.5,63,62,0.5,0,35
331.0,60,60,1.0,1,35
331.0,62,61,0.5,0,35
331.5,63,62,0.5,0,35
332.0,61,61,1.0,1,36
332.0,62,61,0.5,0,36
332.5,63,62,0.5,0,36
333.0,58,59,1.0,1,36
333.0,65,63,0.5,0,36
333.5,63,62,0.5,0,36
334.0,55,57,1.0,1,36
334.0,62,61,0.5,0,36
334.5,63,62,0.5,0,36
335.0,49,54,1.0,1,36
335.0,65,63,0.5,0,36
335.5,63,62,0.5,0,36
336.0,36,46,1.0,1,37
336.5,80,72,0.5,0,37
337.0,39,48,2.0,1,37
337.0,89,77,0.5,0,37
337.5,87,76,0.5,0,37
338.0,85,75,0.5,0,37
338.5,84,74,0.5,0,37
339.0,44,51,1.0,1,37
339.0,82,73,0.5,0,37
339.5,80,72,0.5,0,37
340.0,37,47,1.0,1,38
340.0,79,71,0.5,0,38
340.5,77,70,0.5,0,38
341.0,41,49,2.0,1,38
341.0,75,69,0.5,0,38
341.5,73,68,0.5,0,38
342.0,72,67,0.5,0,38
342.5,70,66,0.5,0,38
343.0,46,52,1.0,1,38
343.0,68,65,0.5,0,38
343.5,67,64,0.5,0,38
344.0,39,48,1.0,1,39
344.0,65,63,0.5,0,39
344.5,63,62,0.5,0,39
345.0,44,51,2.0,1,39
345.0,61,61,0.5,0,39
345.5,60,60,0.5,0,39
346.0,58,59,0.5,0,39
346.5,56,58,0.5,0,39
347.0,48,53,1.0,1,39
347.0,55,57,0.5,0,39
347.5,53,56,0.5,0,39
348.0,49,54,1.0,1,40
348.0,51,55,0.5,0,40
348.5,53,56,0.5,0,40
349.0,46,52,1.0,1,40
349.0,55,57,0.5,0,40
349.5,56,58,0.5,0,40
350.0,43,50,1.0,1,40
350.0,58,59,0.5,0,40
350.5,60,60,0.5,0,40
351.0,39,48,1.0,1,40
351.0,61,61,0.5,0,40
351.5,58,59,0.5,0,40
352.0,44,51,1.0,1,41
352.0,56,58,1.0,0,41
353.0,56,58,1.0,1,41
354.0,62,61,0.0,0,41
354.0,71,67,1.5,0,41
355.0,50,54,1.0,1,41
355.0,53,56,1.0,1,41
355.0,56,58,1.0,1,41
355.0,59,60,1.0,1,41
355.5,70,66,0.5,0,41
356.0,68,65,2.0,0,42
357.0,51,55,1.0,1,42
357.0,56,58,1.0,1,42
357.0,60,60,1.0,1,42
358.0,67,64,1.5,0,42
359.0,51,55,1.0,1,42
359.0,58,59,1.0,1,42
359.0,61,61,1.0,1,42
359.5,75,69,0.5,0,42
360.0,75,69,1.0,0,43
361.0,56,58,1.0,1,43
361.0,60,60,1.0,1,43
361.0,68,65,1.0,0,43
362.0,62,61,0.0,0,43
362.0,71,67,1.5,0,43
363.0,50,54,1.0,1,43
363.0,53,56,1.0,1,43
363.0,56,58,1.0,1,43
363.0,59,60,1.0,1,43
363.5,70,66,0.5,0,43
364.0,68,65,2.0,0,44
365.0,51,55,1.0,1,44
365.0,56,58,1.0,1,44
365.0,60,60,1.0,1,44
366.0,67,64,1.5,0,44
367.0,51,55,1.0,1,44
367.0,58,59,1.0,1,44
367.0,61,61,1.0,1,44
367.5,75,69,0.5,0,44
368.0,75,69,1.0,0,45
369.0,56,58,1.0,1,45
369.0,60,60,1.0,1,45
369.0,68,65,1.0,0,45
370.0,74,68,0.0,0,45
370.0,83,74,1.5,0,45
371.0,62,61,1.0,1,45
371.0,65,63,1.0,1,45
371.0,68,65,1.0,1,45
371.0,71,67,1.0,1,45
371.5,82,73,0.5,0,45
372.0,80,72,2.0,0,46
373.0,63,62,1.0,1,46
373.0,68,65,1.0,1,46
373.0,72,67,1.0,1,46
374.0,79,71,1.5,0,46
375.0,63,62,1.0,1,46
375.0,70,66,1.0,1,46
375.0,73,68,1.0,1,46
375.5,87,76,0.5,0,46
376.0,56,58,4.0,1,47
376.0,58,59,4.0,1,47
376.0,61,61,4.0,1,47
376.0,63,62,4.0,1,47
376.0,67,64,4.0,1,47
376.0,73,68,4.0,0,47
376.0,79,71,4.0,0,47
376.0,87,76,4.0,0,47
380.0,56,58,1.0,1,48
380.0,60,60,1.0,1,48
380.0,63,62,1.0,1,48
380.0,68,65,1.0,1,48
380.0,72,67,1.0,0,48
380.0,75,69,1.0,0,48
380.0,80,72,1.0,0,48
383.0,63,62,1.0,0,0
384.0,68,65,1.0,0,49
385.0,72,67,1.0,0,49
386.0,75,69,1.0,0,49
387.0,80,72,1.0,0,49
388.0,84,74,1.5,0,50
389.0,56,58,1.0,1,50
389.0,60,60,1.0,1,50
389.0,63,62,1.0,1,50
389.5,82,73,0.166666666667,0,50
389.666666667,80,72,0.166666666667,0,50
389.833333333,79,71,0.166666666667,0,50
390.0,56,58,1.0,1,50
390.0,60,60,1.0,1,50
390.0,63,62,1.0,1,50
390.0,80,72,1.0,0,50
391.0,56,58,1.0,1,50
391.0,60,60,1.0,1,50
391.0,63,62,1.0,1,50
392.0,73,68,0.0,0,51
392.0,85,75,1.5,0,51
393.0,55,57,1.0,1,51
393.0,58,59,1.0,1,51
393.0,61,61,1.0,1,51
393.0,63,62,1.0,1,51
393.5,84,74,0.166666666667,0,51
393.666666667,82,73,0.166666666667,0,51
393.833333333,81,72,0.166666666667,0,51
394.0,55,57,1.0,1,51
394.0,58,59,1.0,1,51
394.0,61,61,1.0,1,51
394.0,63,62,1.0,1,51
394.0,82,73,1.0,0,51
395.0,55,57,1.0,1,51
395.0,58,59,1.0,1,51
395.0,61,61,1.0,1,51
395.0,63,62,1.0,1,51
396.0,70,66,1.0,0,52
397.0,73,68,1.0,0,52
398.0,79,71,1.0,0,52
399.0,82,73,1.0,0,52
400.0,73,68,0.0,0,53
400.0,85,75,1.5,0,53
401.0,55,57,1.0,1,53
401.0,58,59,1.0,1,53
401.0,61,61,1.0,1,53
401.0,64,62,1.0,1,53
401.5,84,74,0.166666666667,0,53
401.666666667,82,73,0.166666666667,0,53
401.833333333,81,72,0.166666666667,0,53
402.0,55,57,1.0,1,53
402.0,58,59,1.0,1,53
402.0,61,61,1.0,1,53
402.0,64,62,1.0,1,53
402.0,82,73,1.0,0,53
403.0,55,57,1.0,1,53
403.0,58,59,1.0,1,53
403.0,61,61,1.0,1,53
403.0,64,62,1.0,1,53
404.0,73,68,0.0,0,54
404.0,85,75,1.5,0,54
405.0,54,57,1.0,1,54
405.0,58,59,1.0,1,54
405.0,61,61,1.0,1,54
405.0,64,62,1.0,1,54
405.5,84,74,0.166666666667,0,54
405.666666667,82,73,0.166666666667,0,54
405.833333333,81,72,0.166666666667,0,54
406.0,54,57,1.0,1,54
406.0,58,59,1.0,1,54
406.0,61,61,1.0,1,54
406.0,64,62,1.0,1,54
406.0,82,73,1.0,0,54
407.0,54,57,1.0,1,54
407.0,58,59,1.0,1,54
407.0,61,61,1.0,1,54
407.0,64,62,1.0,1,54
408.0,53,56,0.5,1,55
408.0,81,72,1.0,0,55
408.5,65,63,0.5,1,55
409.0,53,56,0.5,1,55
409.5,65,63,0.5,1,55
410.0,53,56,0.5,1,55
410.5,65,63,0.5,1,55
411.0,53,56,0.5,1,55
411.0,78,71,1.0,0,55
411.5,65,63,0.5,1,55
412.0,53,56,0.5,1,56
412.0,77,70,1.0,0,56
412.5,65,63,0.5,1,56
413.0,53,56,0.5,1,56
413.0,75,69,1.0,0,56
413.5,65,63,0.5,1,56
414.0,53,56,0.5,1,56
414.0,72,67,1.0,0,56
414.5,65,63,0.5,1,56
415.0,53,56,0.5,1,56
415.0,69,65,1.0,0,56
415.5,65,63,0.5,1,56
416.0,53,56,1.0,1,57
416.0,63,62,2.0,1,57
416.0,66,64,1.5,0,57
417.0,53,56,1.0,1,57
417.5,65,63,0.5,0,57
418.0,53,56,0.5,1,57
418.0,61,61,1.0,1,57
418.0,70,66,1.0,0,57
418.5,65,63,0.5,1,57
419.0,53,56,0.5,1,57
419.0,78,71,1.0,0,57
419.5,65,63,0.5,1,57
420.0,53,56,0.5,1,58
420.0,77,70,1.0,0,58
420.5,65,63,0.5,1,58
421.0,53,56,0.5,1,58
421.0,75,69,1.0,0,58
421.5,65,63,0.5,1,58
422.0,53,56,0.5,1,58
422.0,72,67,1.0,0,58
422.5,65,63,0.5,1,58
423.0,53,56,0.5,1,58
423.0,69,65,1.0,0,58
423.5,65,63,0.5,1,58
424.0,53,56,1.0,1,59
424.0,63,62,2.0,1,59
424.0,66,64,1.5,0,59
425.0,53,56,1.0,1,59
425.5,65,63,0.5,0,59
426.0,53,56,0.5,1,59
426.0,61,61,1.0,1,59
426.0,70,66,1.0,0,59
426.5,65,63,0.5,1,59
427.0,53,56,0.5,1,59
427.0,78,71,1.0,0,59
427.5,65,63,0.5,1,59
428.0,53,56,0.5,1,60
428.0,77,70,1.0,0,60
428.5,65,63,0.5,1,60
429.0,53,56,0.5,1,60
429.0,75,69,1.0,0,60
429.5,65,63,0.5,1,60
430.0,63,62,0.5,1,60
430.0,72,67,1.0,0,60
430.5,65,63,0.5,1,60
431.0,63,62,0.5,1,60
431.0,69,65,1.0,0,60
431.5,65,63,0.5,1,60
432.0,61,61,0.5,1,61
432.5,65,63,0.5,1,61
432.5,69,65,0.5,0,61
433.0,61,61,0.5,1,61
433.0,72,67,0.5,0,61
433.5,65,63,0.5,1,61
433.5,70,66,0.5,0,61
434.0,60,60,0.5,1,61
434.5,65,63,0.5,1,61
434.5,70,66,0.5,0,61
435.0,60,60,0.5,1,61
435.0,73,68,0.5,0,61
435.5,65,63,0.5,1,61
435.5,72,67,0.5,0,61
436.0,58,59,0.5,1,62
436.5,65,63,0.5,1,62
436.5,72,67,0.5,0,62
437.0,58,59,0.5,1,62
437.0,75,69,0.5,0,62
437.5,65,63,0.5,1,62
437.5,73,68,0.5,0,62
438.0,56,58,0.5,1,62
438.5,66,63,0.5,1,62
438.5,71,66,0.5,0,62
439.0,56,58,0.5,1,62
439.0,74,68,0.5,0,62
439.5,66,63,0.5,1,62
439.5,72,67,0.5,0,62
440.0,55,57,0.5,1,63
440.0,71,66,1.0,0,63
440.5,67,64,0.5,1,63
441.0,55,57,0.5,1,63
441.5,67,64,0.5,1,63
442.0,55,57,0.5,1,63
442.5,67,64,0.5,1,63
443.0,55,57,0.5,1,63
443.0,80,72,1.0,0,63
443.5,67,64,0.5,1,63
444.0,55,57,0.5,1,64
444.0,79,71,1.0,0,64
444.5,67,64,0.5,1,64
445.0,55,57,0.5,1,64
445.0,77,70,1.0,0,64
445.5,67,64,0.5,1,64
446.0,55,57,0.5,1,64
446.0,74,68,1.0,0,64
446.5,67,64,0.5,1,64
447.0,55,57,0.5,1,64
447.0,71,66,1.0,0,64
447.5,67,64,0.5,1,64
448.0,55,57,1.0,1,65
448.0,65,63,2.0,1,65
448.0,68,65,1.5,0,65
449.0,55,57,1.0,1,65
449.5,67,64,0.5,0,65
450.0,55,57,0.5,1,65
450.0,63,62,1.0,1,65
450.0,72,67,1.0,0,65
450.5,67,64,0.5,1,65
451.0,55,57,0.5,1,65
451.0,80,72,1.0,0,65
451.5,67,64,0.5,1,65
452.0,55,57,0.5,1,66
452.0,79,71,1.0,0,66
452.5,67,64,0.5,1,66
453.0,55,57,0.5,1,66
453.0,77,70,1.0,0,66
453.5,67,64,0.5,1,66
454.0,55,57,0.5,1,66
454.0,74,68,1.0,0,66
454.5,67,64,0.5,1,66
455.0,55,57,0.5,1,66
455.0,71,66,1.0,0,66
455.5,67,64,0.5,1,66
456.0,55,57,1.0,1,67
456.0,65,63,2.0,1,67
456.0,68,65,1.5,0,67
457.0,55,57,1.0,1,67
457.5,67,64,0.5,0,67
458.0,55,57,1.0,1,67
458.0,63,62,1.0,1,67
458.0,72,67,1.0,0,67
459.0,56,58,1.0,1,67
459.0,65,63,0.5,0,67
459.5,62,61,0.5,0,67
460.0,55,57,1.0,1,68
460.0,65,63,0.5,0,68
460.5,62,61,0.5,0,68
461.0,53,56,1.0,1,68
461.0,65,63,0.5,0,68
461.5,62,61,0.5,0,68
462.0,50,54,1.0,1,68
462.0,65,63,0.5,0,68
462.5,62,61,0.5,0,68
463.0,47,52,1.0,1,68
463.0,65,63,0.5,0,68
463.5,62,61,0.5,0,68
464.0,44,51,1.5,1,69
464.0,65,63,0.5,0,69
464.5,62,61,0.5,0,69
465.0,65,63,0.5,0,69
465.0,71,66,1.0,0,69
465.5,43,50,0.5,1,69
465.5,62,61,0.5,0,69
466.0,48,53,1.0,1,69
466.0,63,62,0.5,0,69
466.0,72,67,1.0,0,69
466.5,60,60,0.5,0,69
467.0,54,57,1.0,1,69
467.0,63,62,0.5,0,69
467.5,60,60,0.5,0,69
468.0,53,56,1.0,1,70
468.0,63,62,0.5,0,70
468.5,60,60,0.5,0,70
469.0,51,55,1.0,1,70
469.0,63,62,0.5,0,70
469.5,60,60,0.5,0,70
470.0,48,53,1.0,1,70
470.0,63,62,0.5,0,70
470.5,60,60,0.5,0,70
471.0,45,51,1.0,1,70
471.0,63,62,0.5,0,70
471.5,60,60,0.5,0,70
472.0,42,50,1.5,1,71
472.0,63,62,0.5,0,71
472.5,60,60,0.5,0,71
473.0,63,62,0.5,0,71
473.0,69,65,1.0,0,71
473.5,41,49,0.5,1,71
473.5,60,60,0.5,0,71
474.0,46,52,1.0,1,71
474.0,61,61,0.5,0,71
474.0,70,66,1.0,0,71
474.5,58,59,0.5,0,71
475.0,52,56,1.0,1,71
475.0,61,61,0.5,0,71
475.5,58,59,0.5,0,71
476.0,51,55,1.0,1,72
476.0,61,61,0.5,0,72
476.5,58,59,0.5,0,72
477.0,49,54,1.0,1,72
477.0,61,61,0.5,0,72
477.5,58,59,0.5,0,72
478.0,46,52,1.0,1,72
478.0,61,61,0.5,0,72
478.5,58,59,0.5,0,72
479.0,43,50,1.0,1,72
479.0,61,61,0.5,0,72
479.5,58,59,0.5,0,72
480.0,40,49,1.0,1,73
480.0,61,61,0.5,0,73
480.5,58,59,0.5,0,73
481.0,39,48,2.0,1,73
481.0,61,61,0.5,0,73
481.5,58,59,0.5,0,73
482.0,61,61,0.5,0,73
482.0,67,64,2.0,0,73
482.5,58,59,0.5,0,73
483.0,51,55,2.0,1,73
483.0,61,61,0.5,0,73
483.5,58,59,0.5,0,73
484.0,60,60,0.5,0,74
484.5,56,58,0.5,0,74
485.0,48,53,2.0,1,74
485.0,63,62,0.5,0,74
485.5,56,58,0.5,0,74
486.0,63,62,0.5,0,74
486.0,68,65,2.0,0,74
486.5,56,58,0.5,0,74
487.0,36,46,2.0,1,74
487.0,63,62,0.5,0,74
487.5,56,58,0.5,0,74
488.0,61,61,0.5,0,75
488.5,56,58,0.5,0,75
489.0,37,47,2.0,1,75
489.0,61,61,0.5,0,75
489.5,56,58,0.5,0,75
490.0,61,61,0.5,0,75
490.0,65,63,2.0,0,75
490.5,56,58,0.5,0,75
491.0,49,54,2.0,1,75
491.0,61,61,0.5,0,75
491.5,56,58,0.5,0,75
492.0,61,61,0.5,0,76
492.5,55,57,0.5,0,76
493.0,46,52,2.0,1,76
493.0,61,61,0.5,0,76
493.5,55,57,0.5,0,76
494.0,61,61,0.5,0,76
494.0,67,64,2.0,0,76
494.5,55,57,0.5,0,76
495.0,34,45,2.0,1,76
495.0,61,61,0.5,0,76
495.5,55,57,0.5,0,76
496.0,60,60,0.5,0,77
496.5,55,57,0.5,0,77
497.0,36,46,2.0,1,77
497.0,60,60,0.5,0,77
497.5,55,57,0.5,0,77
498.0,60,60,0.5,0,77
498.0,64,62,2.0,0,77
498.5,55,57,0.5,0,77
499.0,48,53,2.0,1,77
499.0,60,60,0.5,0,77
499.5,55,57,0.5,0,77
500.0,56,58,0.5,0,78
500.5,53,56,0.5,0,78
501.0,44,51,2.0,1,78
501.0,60,60,0.5,0,78
501.5,53,56,0.5,0,78
502.0,60,60,0.5,0,78
502.0,65,63,2.0,0,78
502.5,53,56,0.5,0,78
503.0,32,44,1.0,1,78
503.0,60,60,0.5,0,78
503.5,53,56,0.5,0,78
504.0,61,61,0.5,0,79
504.5,53,56,0.5,0,79
505.0,34,45,2.0,1,79
505.0,61,61,0.5,0,79
505.5,53,56,0.5,0,79
506.0,61,61,0.5,0,79
506.0,65,63,2.0,0,79
506.5,53,56,0.5,0,79
507.0,46,52,1.0,1,79
507.0,61,61,0.5,0,79
507.5,53,56,0.5,0,79
508.0,62,61,0.5,0,80
508.5,53,56,0.5,0,80
509.0,35,45,2.0,1,80
509.0,56,58,0.5,0,80
509.0,62,61,0.5,0,80
509.0,65,63,0.5,0,80
509.5,53,56,0.5,0,80
510.0,56,58,0.5,0,80
510.0,62,61,0.5,0,80
510.0,65,63,0.5,0,80
510.5,53,56,0.5,0,80
511.0,47,52,1.0,1,80
511.0,56,58,0.5,0,80
511.0,62,61,0.5,0,80
511.0,65,63,0.5,0,80
511.5,53,56,0.5,0,80
512.0,36,46,0.5,1,81
512.0,55,57,1.0,0,81
512.0,60,60,1.0,0,81
512.0,64,62,1.0,0,81
512.5,48,53,0.5,1,81
513.0,52,55,0.5,1,81
513.5,48,53,0.5,1,81
514.0,52,55,0.5,1,81
514.5,48,53,0.5,1,81
515.0,52,55,0.5,1,81
515.0,72,67,1.0,0,81
515.5,48,53,0.5,1,81
516.0,53,56,0.5,1,82
516.0,68,65,1.0,0,82
516.5,48,53,0.5,1,82
517.0,53,56,0.5,1,82
517.5,48,53,0.5,1,82
518.0,53,56,0.5,1,82
518.5,48,53,0.5,1,82
519.0,56,58,0.5,1,82
519.0,77,70,1.0,0,82
519.5,48,53,0.5,1,82
520.0,55,57,0.5,1,83
520.0,76,69,1.0,0,83
520.5,48,53,0.5,1,83
521.0,55,57,0.5,1,83
521.5,48,53,0.5,1,83
522.0,55,57,0.5,1,83
522.5,48,53,0.5,1,83
523.0,58,59,0.5,1,83
523.0,84,74,1.0,0,83
523.5,48,53,0.5,1,83
524.0,56,58,0.5,1,84
524.0,77,70,1.0,0,84
524.5,48,53,0.5,1,84
525.0,60,60,0.5,1,84
525.5,48,53,0.5,1,84
526.0,59,59,0.5,1,84
526.0,77,70,2.0,0,84
526.0,89,77,2.0,0,84
526.5,48,53,0.5,1,84
527.0,62,61,0.5,1,84
527.5,48,53,0.5,1,84
528.0,60,60,0.5,1,85
528.0,76,69,1.0,0,85
528.0,88,76,1.0,0,85
528.5,48,53,0.5,1,85
529.0,52,55,0.5,1,85
529.5,48,53,0.5,1,85
530.0,52,55,0.5,1,85
530.5,48,53,0.5,1,85
531.0,52,55,0.5,1,85
531.0,72,67,1.0,0,85
531.5,48,53,0.5,1,85
532.0,53,56,0.5,1,86
532.0,68,65,1.0,0,86
532.0,71,66,0.0,0,85
532.0,72,67,0.0,0,85
532.5,48,53,0.5,1,86
533.0,53,56,0.5,1,86
533.0,68,65,1.0,0,86
533.5,48,53,0.5,1,86
534.0,53,56,0.5,1,86
534.5,48,53,0.5,1,86
535.0,56,58,0.5,1,86
535.0,77,70,1.0,0,86
535.5,48,53,0.5,1,86
536.0,55,57,0.5,1,87
536.0,76,69,0.0,0,86
536.0,76,69,1.0,0,87
536.0,77,70,0.0,0,86
536.5,48,53,0.5,1,87
537.0,55,57,0.5,1,87
537.0,76,69,1.0,0,87
537.5,48,53,0.5,1,87
538.0,55,57,0.5,1,87
538.5,48,53,0.5,1,87
539.0,58,59,0.5,1,87
539.0,84,74,1.0,0,87
539.5,48,53,0.5,1,87
540.0,56,58,0.5,1,88
540.0,77,70,1.0,0,88
540.0,83,73,0.0,0,87
540.0,84,74,0.0,0,87
540.5,48,53,0.5,1,88
541.0,60,60,0.5,1,88
541.0,77,70,1.0,0,88
541.5,48,53,0.5,1,88
542.0,59,59,0.5,1,88
542.5,48,53,0.5,1,88
543.0,62,61,0.5,1,88
543.0,77,70,1.0,0,88
543.0,89,77,1.0,0,88
543.5,48,53,0.5,1,88
544.0,60,60,0.5,1,89
544.0,76,69,1.0,0,89
544.0,88,76,1.0,0,89
544.5,48,53,0.5,1,89
545.0,60,60,0.5,1,89
545.0,76,69,1.0,0,89
545.0,88,76,1.0,0,89
545.5,48,53,0.5,1,89
546.0,58,59,0.5,1,89
546.5,48,53,0.5,1,89
547.0,58,59,0.5,1,89
547.0,73,68,1.0,0,89
547.0,85,75,1.0,0,89
547.5,48,53,0.5,1,89
548.0,56,58,0.5,1,90
548.0,72,67,1.0,0,90
548.0,84,74,1.0,0,90
548.5,48,53,0.5,1,90
549.0,60,60,0.5,1,90
549.0,72,67,1.0,0,90
549.0,84,74,1.0,0,90
549.5,48,53,0.5,1,90
550.0,59,59,0.5,1,90
550.5,48,53,0.5,1,90
551.0,62,61,0.5,1,90
551.0,77,70,1.0,0,90
551.0,89,77,1.0,0,90
551.5,48,53,0.5,1,90
552.0,60,60,0.5,1,91
552.0,76,69,1.0,0,91
552.0,88,76,1.0,0,91
552.5,48,53,0.5,1,91
553.0,60,60,0.5,1,91
553.0,76,69,1.0,0,91
553.0,88,76,1.0,0,91
553.5,48,53,0.5,1,91
554.0,58,59,0.5,1,91
554.5,48,53,0.5,1,91
555.0,58,59,0.5,1,91
555.0,73,68,1.0,0,91
555.0,85,75,1.0,0,91
555.5,48,53,0.5,1,91
556.0,56,58,0.5,1,92
556.0,72,67,1.0,0,92
556.0,84,74,1.0,0,92
556.5,48,53,0.5,1,92
557.0,60,60,0.5,1,92
557.0,72,67,1.0,0,92
557.0,84,74,1.0,0,92
557.5,48,53,0.5,1,92
558.0,59,59,0.5,1,92
558.5,48,53,0.5,1,92
559.0,62,61,0.5,1,92
559.0,77,70,1.0,0,92
559.0,89,77,1.0,0,92
559.5,48,53,0.5,1,92
560.0,60,60,1.0,1,93
560.0,76,69,1.0,0,93
560.0,88,76,1.0,0,93
561.0,60,60,1.0,1,93
562.0,60,60,1.0,1,93
563.0,60,60,1.0,1,93
564.0,60,60,1.0,1,94
565.0,60,60,1.0,1,94
566.0,60,60,1.0,1,94
567.0,60,60,1.0,1,94
568.0,60,60,1.0,1,95
568.0,61,61,1.0,1,95
569.0,60,60,1.0,1,95
569.0,61,61,1.0,1,95
569.5,68,65,0.166666666667,0,95
569.666666667,66,64,0.166666666667,0,95
569.833333333,65,63,0.166666666667,0,95
570.0,60,60,1.0,1,95
570.0,61,61,1.0,1,95
570.0,66,64,1.0,0,95
571.0,60,60,1.0,1,95
571.0,61,61,1.0,1,95
572.0,58,59,1.0,1,96
572.0,61,61,1.0,1,96
573.0,58,59,1.0,1,96
573.0,61,61,1.0,1,96
573.5,87,76,0.166666666667,0,96
573.666666667,85,75,0.166666666667,0,96
573.833333333,84,74,0.166666666667,0,96
574.0,58,59,1.0,1,96
574.0,61,61,1.0,1,96
574.0,85,75,1.0,0,96
575.0,58,59,1.0,1,96
575.0,61,61,1.0,1,96
576.0,58,59,1.0,1,97
576.0,60,60,1.0,1,97
577.0,58,59,1.0,1,97
577.0,60,60,1.0,1,97
577.5,65,63,0.166666666667,0,97
577.666666667,64,62,0.166666666667,0,97
577.833333333,62,61,0.166666666667,0,97
578.0,58,59,1.0,1,97
578.0,60,60,1.0,1,97
578.0,64,62,1.0,0,97
579.0,58,59,1.0,1,97
579.0,60,60,1.0,1,97
580.0,56,58,1.0,1,98
580.0,60,60,1.0,1,98
581.0,56,58,1.0,1,98
581.0,60,60,1.0,1,98
581.5,85,75,0.166666666667,0,98
581.666666667,84,74,0.166666666667,0,98
581.833333333,83,73,0.166666666667,0,98
582.0,56,58,1.0,1,98
582.0,60,60,1.0,1,98
582.0,84,74,1.0,0,98
583.0,56,58,1.0,1,98
583.0,60,60,1.0,1,98
584.0,56,58,1.0,1,99
584.0,58,59,1.0,1,99
585.0,56,58,1.0,1,99
585.0,58,59,1.0,1,99
585.5,63,62,0.166666666667,0,99
585.666666667,62,61,0.166666666667,0,99
585.833333333,60,60,0.166666666667,0,99
586.0,56,58,1.0,1,99
586.0,58,59,1.0,1,99
586.0,62,61,1.0,0,99
587.0,56,58,1.0,1,99
587.0,58,59,1.0,1,99
588.0,55,57,1.0,1,100
588.0,58,59,1.0,1,100
588.0,64,62,1.0,1,100
589.0,55,57,1.0,1,100
589.0,58,59,1.0,1,100
589.0,64,62,1.0,1,100
589.5,84,74,0.166666666667,0,100
589.666666667,82,73,0.166666666667,0,100
589.833333333,81,72,0.166666666667,0,100
590.0,55,57,1.0,1,100
590.0,58,59,1.0,1,100
590.0,64,62,1.0,1,100
590.0,82,73,1.0,0,100
591.0,55,57,1.0,1,100
591.0,58,59,1.0,1,100
591.0,64,62,1.0,1,100
592.0,53,56,1.0,1,101
592.0,56,58,1.0,1,101
592.0,60,60,1.0,1,101
592.0,65,63,1.0,0,101
593.0,68,65,1.0,0,101
594.0,72,67,1.0,0,101
595.0,77,70,1.0,0,101
596.0,80,72,1.5,0,102
597.0,53,56,1.0,1,102
597.0,56,58,1.0,1,102
597.0,60,60,1.0,1,102
597.5,79,71,0.166666666667,0,102
597.666666667,77,70,0.166666666667,0,102
597.833333333,76,69,0.166666666667,0,102
598.0,53,56,1.0,1,102
598.0,56,58,1.0,1,102
598.0,60,60,1.0,1,102
598.0,77,70,1.0,0,102
599.0,53,56,1.0,1,102
599.0,56,58,1.0,1,102
599.0,60,60,1.0,1,102
600.0,52,55,1.0,1,103
600.0,55,57,1.0,1,103
600.0,58,59,1.0,1,103
600.0,60,60,1.0,1,103
600.0,67,64,1.0,0,103
601.0,72,67,1.0,0,103
602.0,76,69,1.0,0,103
603.0,79,71,1.0,0,103
604.0,82,73,1.5,0,104
605.0,52,55,1.0,1,104
605.0,55,57,1.0,1,104
605.0,58,59,1.0,1,104
605.0,60,60,1.0,1,104
605.5,80,72,0.166666666667,0,104
605.666666667,79,71,0.166666666667,0,104
605.833333333,77,70,0.166666666667,0,104
606.0,52,55,1.0,1,104
606.0,55,57,1.0,1,104
606.0,58,59,1.0,1,104
606.0,60,60,1.0,1,104
606.0,79,71,1.0,0,104
607.0,52,55,1.0,1,104
607.0,55,57,1.0,1,104
607.0,58,59,1.0,1,104
607.0,60,60,1.0,1,104
608.0,53,56,2.0,1,105
608.0,56,58,2.0,1,105
608.0,60,60,2.0,1,105
608.0,72,67,0.0,0,105
608.0,80,72,1.5,0,105
609.5,79,71,0.166666666667,0,105
609.666666667,77,70,0.166666666667,0,105
609.833333333,76,69,0.166666666667,0,105
610.0,77,70,1.0,0,105
612.0,55,57,2.0,1,106
612.0,58,59,2.0,1,106
612.0,64,62,2.0,1,106
612.0,72,67,0.0,0,106
612.0,82,73,1.5,0,106
613.5,80,72,0.166666666667,0,106
613.666666667,79,71,0.166666666667,0,106
613.833333333,77,70,0.166666666667,0,106
614.0,79,71,1.0,0,106
616.0,56,58,1.0,1,107
616.0,60,60,1.0,1,107
616.0,65,63,1.0,1,107
616.0,72,67,2.0,0,107
616.0,77,70,2.0,0,107
616.0,80,72,2.0,0,107
616.0,84,74,2.0,0,107
618.0,58,59,1.0,1,107
618.0,61,61,1.0,1,107
618.0,67,64,1.0,1,107
618.0,82,73,0.5,0,107
618.5,80,72,0.5,0,107
619.0,79,71,0.5,0,107
619.5,77,70,0.5,0,107
620.0,60,60,1.0,1,108
620.0,67,64,1.0,1,108
620.0,76,69,0.0,0,108
620.0,77,70,0.0,0,108
620.0,77,70,1.0,0,108
620.0,79,71,0.0,0,108
621.0,76,69,1.0,0,108
623.0,48,53,1.0,1,108
624.0,53,56,1.0,1,109
625.0,56,58,1.0,1,109
626.0,60,60,1.0,1,109
627.0,65,63,1.0,1,109
628.0,68,65,1.5,1,110
629.5,67,64,0.166666666667,1,110
629.666666667,65,63,0.166666666667,1,110
629.833333333,64,62,0.166666666667,1,110
630.0,65,63,1.0,1,110
631.0,65,63,1.0,1,110
632.0,65,63,4.0,1,111
632.0,66,64,4.0,1,111
632.0,82,73,1.5,0,111
633.5,80,72,0.166666666667,0,111
633.666666667,78,71,0.166666666667,0,111
633.833333333,77,70,0.166666666667,0,111
634.0,78,71,1.0,0,111
635.0,78,71,1.0,0,111
636.0,63,62,4.0,1,112
636.0,66,64,4.0,1,112
636.0,78,71,5.5,0,112
637.5,73,68,0.166666666667,0,112
637.666666667,72,67,0.166666666667,0,112
637.833333333,71,66,0.166666666667,0,112
638.0,72,67,1.0,0,112
639.0,72,67,1.0,0,112
640.0,63,62,4.0,1,113
640.0,69,65,4.0,1,113
640.0,72,67,5.5,0,113
640.0,78,71,1.5,0,113
641.5,78,71,0.166666666667,0,113
641.666666667,77,70,0.166666666667,0,113
641.833333333,76,69,0.166666666667,0,113
642.0,77,70,1.0,0,113
643.0,77,70,1.0,0,113
644.0,61,61,4.0,1,114
644.0,65,63,4.0,1,114
644.0,72,67,1.5,0,114
644.0,77,70,4.0,0,114
645.5,72,67,0.166666666667,0,114
645.666666667,70,66,0.166666666667,0,114
645.833333333,69,65,0.166666666667,0,114
646.0,70,66,1.0,0,114
647.0,70,66,1.0,0,114
648.0,62,61,8.0,1,115
648.0,65,63,3.0,1,115
648.0,71,66,4.0,0,115
649.5,79,71,0.166666666667,0,115
649.666666667,77,70,0.166666666667,0,115
649.833333333,76,69,0.166666666667,0,115
650.0,77,70,1.0,0,115
651.0,64,62,1.0,1,115
651.0,79,71,1.0,0,115
652.0,62,61,4.0,1,116
652.0,65,63,1.0,1,116
652.0,80,72,1.0,0,116
653.0,67,64,1.0,1,116
653.0,76,69,1.0,0,116
654.0,68,65,1.0,1,116
654.0,77,70,1.0,0,116
655.0,65,63,1.0,1,116
655.0,71,66,1.0,0,116
656.0,60,60,6.0,1,117
656.0,64,62,1.0,1,117
656.0,72,67,1.0,0,117
657.0,67,64,1.0,1,117
657.0,76,69,1.0,0,117
658.0,65,63,1.0,1,117
658.0,77,70,1.0,0,117
659.0,64,62,1.0,1,117
659.0,79,71,1.0,0,117
660.0,60,60,2.0,1,118
660.0,65,63,1.0,1,118
660.0,80,72,1.0,0,118
661.0,70,66,1.0,1,118
661.0,76,69,1.0,0,118
662.0,61,61,2.0,1,118
662.0,68,65,1.0,1,118
662.0,77,70,1.0,0,118
663.0,65,63,1.0,1,118
663.0,71,66,1.0,0,118
664.0,48,53,0.5,1,119
664.0,64,62,1.0,0,119
664.0,72,67,1.0,0,119
664.5,60,60,0.5,1,119
665.0,48,53,0.5,1,119
665.5,60,60,0.5,1,119
666.0,48,53,0.5,1,119
666.5,60,60,0.5,1,119
667.0,48,53,0.5,1,119
667.0,73,68,1.0,0,119
667.5,60,60,0.5,1,119
668.0,48,53,0.5,1,120
668.0,72,67,1.0,0,120
668.5,60,60,0.5,1,120
669.0,48,53,0.5,1,120
669.0,70,66,1.0,0,120
669.5,60,60,0.5,1,120
670.0,48,53,0.5,1,120
670.0,67,64,1.0,0,120
670.5,60,60,0.5,1,120
671.0,48,53,0.5,1,120
671.0,64,62,1.0,0,120
671.5,60,60,0.5,1,120
672.0,48,53,1.0,1,121
672.0,58,59,2.0,1,121
672.0,61,61,1.5,0,121
673.0,48,53,1.0,1,121
673.5,60,60,0.5,0,121
674.0,48,53,0.5,1,121
674.0,56,58,1.0,1,121
674.0,65,63,1.0,0,121
674.5,60,60,0.5,1,121
675.0,48,53,0.5,1,121
675.0,85,75,1.0,0,121
675.5,60,60,0.5,1,121
676.0,48,53,0.5,1,122
676.0,84,74,1.0,0,122
676.5,60,60,0.5,1,122
677.0,48,53,0.5,1,122
677.0,82,73,1.0,0,122
677.5,60,60,0.5,1,122
678.0,48,53,0.5,1,122
678.0,79,71,1.0,0,122
678.5,60,60,0.5,1,122
679.0,48,53,0.5,1,122
679.0,76,69,1.0,0,122
679.5,60,60,0.5,1,122
680.0,48,53,1.0,1,123
680.0,58,59,2.0,1,123
680.0,73,68,1.5,0,123
681.0,48,53,1.0,1,123
681.5,72,67,0.5,0,123
682.0,48,53,0.5,1,123
682.0,56,58,1.0,1,123
682.0,77,70,1.0,0,123
682.5,60,60,0.5,1,123
683.0,48,53,0.5,1,123
683.0,85,75,1.0,0,123
683.5,60,60,0.5,1,123
684.0,48,53,0.5,1,124
684.0,84,74,1.0,0,124
684.5,60,60,0.5,1,124
685.0,48,53,0.5,1,124
685.0,82,73,1.0,0,124
685.5,60,60,0.5,1,124
686.0,58,59,0.5,1,124
686.0,79,71,1.0,0,124
686.5,60,60,0.5,1,124
687.0,58,59,0.5,1,124
687.0,76,69,1.0,0,124
687.5,60,60,0.5,1,124
688.0,56,58,0.5,1,125
688.5,65,63,0.5,1,125
688.5,76,69,0.5,0,125
689.0,60,60,0.5,1,125
689.0,79,71,0.5,0,125
689.5,65,63,0.5,1,125
689.5,77,70,0.5,0,125
690.0,55,57,0.5,1,125
690.5,64,62,0.5,1,125
690.5,77,70,0.5,0,125
691.0,58,59,0.5,1,125
691.0,80,72,0.5,0,125
691.5,64,62,0.5,1,125
691.5,79,71,0.5,0,125
692.0,53,56,0.5,1,126
692.5,60,60,0.5,1,126
692.5,79,71,0.5,0,126
693.0,56,58,0.5,1,126
693.0,82,73,0.5,0,126
693.5,60,60,0.5,1,126
693.5,80,72,0.5,0,126
694.0,49,54,0.5,1,126
694.5,59,59,0.5,1,126
694.5,83,73,0.5,0,126
695.0,53,56,0.5,1,126
695.0,89,77,0.5,0,126
695.5,59,59,0.5,1,126
695.5,83,73,0.5,0,126
696.0,48,53,0.5,1,127
696.0,84,74,1.0,0,127
696.5,60,60,0.5,1,127
697.0,52,55,0.5,1,127
697.5,60,60,0.5,1,127
698.0,49,54,0.5,1,127
698.5,59,59,0.5,1,127
698.5,83,73,0.5,0,127
699.0,53,56,0.5,1,127
699.0,89,77,0.5,0,127
699.5,59,59,0.5,1,127
699.5,83,73,0.5,0,127
700.0,48,53,0.5,1,128
700.0,84,74,1.0,0,128
700.5,60,60,0.5,1,128
701.0,52,55,0.5,1,128
701.5,60,60,0.5,1,128
702.0,46,52,0.5,1,128
702.5,55,57,0.5,1,128
702.5,76,69,0.5,0,128
703.0,49,54,0.5,1,128
703.0,85,75,0.5,0,128
703.5,55,57,0.5,1,128
703.5,76,69,0.5,0,128
704.0,44,51,0.5,1,129
704.0,77,70,1.0,0,129
704.5,53,56,0.5,1,129
705.0,48,53,0.5,1,129
705.5,53,56,0.5,1,129
706.0,46,52,0.5,1,129
706.5,55,57,0.5,1,129
706.5,76,69,0.5,0,129
707.0,49,54,0.5,1,129
707.0,85,75,0.5,0,129
707.5,55,57,0.5,1,129
707.5,76,69,0.5,0,129
708.0,44,51,0.5,1,130
708.5,53,56,0.5,1,130
708.5,76,69,0.5,0,130
709.0,48,53,0.5,1,130
709.0,79,71,0.5,0,130
709.5,53,56,0.5,1,130
709.5,77,70,0.5,0,130
710.0,40,48,0.5,1,130
710.5,52,55,0.5,1,130
710.5,77,70,0.5,0,130
711.0,48,53,0.5,1,130
711.0,80,72,0.5,0,130
711.5,52,55,0.5,1,130
711.5,79,71,0.5,0,130
712.0,41,49,0.5,1,131
712.5,53,56,0.5,1,131
712.5,79,71,0.5,0,131
713.0,48,53,0.5,1,131
713.0,82,73,0.5,0,131
713.5,53,56,0.5,1,131
713.5,80,72,0.5,0,131
714.0,43,50,0.5,1,131
714.5,55,57,0.5,1,131
714.5,81,72,0.5,0,131
715.0,48,53,0.5,1,131
715.0,84,74,0.5,0,131
715.5,55,57,0.5,1,131
715.5,82,73,0.5,0,131
716.0,44,51,1.0,1,132
716.5,84,74,0.5,0,132
717.0,48,53,2.0,1,132
717.0,89,77,0.5,0,132
717.5,87,76,0.5,0,132
718.0,85,75,0.5,0,132
718.5,84,74,0.5,0,132
719.0,53,56,1.0,1,132
719.0,82,73,0.5,0,132
719.5,80,72,0.5,0,132
720.0,46,52,1.0,1,133
720.0,79,71,0.5,0,133
720.5,77,70,0.5,0,133
721.0,49,54,2.0,1,133
721.0,75,69,0.5,0,133
721.5,73,68,0.5,0,133
722.0,72,67,0.5,0,133
722.5,70,66,0.5,0,133
723.0,55,57,1.0,1,133
723.0,68,65,0.5,0,133
723.5,67,64,0.5,0,133
724.0,48,53,1.0,1,134
724.0,65,63,0.5,0,134
724.5,64,62,0.5,0,134
725.0,53,56,2.0,1,134
725.0,61,61,0.5,0,134
725.5,60,60,0.5,0,134
726.0,59,59,0.5,0,134
726.5,60,60,0.5,0,134
727.0,56,58,1.0,1,134
727.0,59,59,0.5,0,134
727.5,60,60,0.5,0,134
728.0,58,59,1.0,1,135
728.0,59,59,0.5,0,135
728.5,60,60,0.5,0,135
729.0,55,57,1.0,1,135
729.0,61,61,0.5,0,135
729.5,60,60,0.5,0,135
730.0,52,55,1.0,1,135
730.0,59,59,0.5,0,135
730.5,60,60,0.5,0,135
731.0,46,52,1.0,1,135
731.0,61,61,0.5,0,135
731.5,60,60,0.5,0,135
732.0,44,51,1.0,1,136
732.5,84,74,0.5,0,136
733.0,48,53,2.0,1,136
733.0,89,77,0.5,0,136
733.5,87,76,0.5,0,136
734.0,85,75,0.5,0,136
734.5,84,74,0.5,0,136
735.0,53,56,1.0,1,136
735.0,82,73,0.5,0,136
735.5,80,72,0.5,0,136
736.0,46,52,1.0,1,137
736.0,79,71,0.5,0,137
736.5,77,70,0.5,0,137
737.0,49,54,2.0,1,137
737.0,75,69,0.5,0,137
737.5,73,68,0.5,0,137
738.0,72,67,0.5,0,137
738.5,70,66,0.5,0,137
739.0,55,57,1.0,1,137
739.0,68,65,0.5,0,137
739.5,67,64,0.5,0,137
740.0,48,53,1.0,1,138
740.0,65,63,0.5,0,138
740.5,64,62,0.5,0,138
741.0,53,56,2.0,1,138
741.0,61,61,0.5,0,138
741.5,60,60,0.5,0,138
742.0,59,59,0.5,0,138
742.5,60,60,0.5,0,138
743.0,56,58,1.0,1,138
743.0,59,59,0.5,0,138
743.5,60,60,0.5,0,138
744.0,59,59,0.5,0,139
744.5,60,60,0.5,0,139
745.0,36,46,1.0,1,139
745.0,61,61,0.5,0,139
745.5,60,60,0.5,0,139
746.0,36,46,1.0,1,139
746.0,60,60,0.5,0,139
746.5,58,59,0.5,0,139
747.0,36,46,1.0,1,139
747.0,56,58,0.5,0,139
747.5,55,57,0.5,0,139
748.0,41,49,1.0,1,140
748.0,53,56,1.0,0,140
749.0,53,56,1.0,1,140
750.0,59,59,0.0,0,140
750.0,68,65,1.5,0,140
751.0,49,54,1.0,1,140
751.0,53,56,1.0,1,140
751.0,56,58,1.0,1,140
751.0,59,59,1.0,1,140
751.5,67,64,0.5,0,140
752.0,65,63,2.0,0,141
753.0,48,53,1.0,1,141
753.0,53,56,1.0,1,141
753.0,56,58,1.0,1,141
753.0,60,60,1.0,1,141
754.0,64,62,1.5,0,141
755.0,48,53,1.0,1,141
755.0,55,57,1.0,1,141
755.0,58,59,1.0,1,141
755.5,72,67,0.5,0,141
756.0,72,67,1.0,0,142
757.0,53,56,1.0,1,142
757.0,56,58,1.0,1,142
757.0,65,63,1.0,0,142
758.0,59,59,0.0,0,142
758.0,68,65,1.5,0,142
759.0,49,54,1.0,1,142
759.0,53,56,1.0,1,142
759.0,56,58,1.0,1,142
759.0,59,59,1.0,1,142
759.5,67,64,0.5,0,142
760.0,65,63,2.0,0,143
761.0,48,53,1.0,1,143
761.0,53,56,1.0,1,143
761.0,56,58,1.0,1,143
761.0,60,60,1.0,1,143
762.0,64,62,1.5,0,143
763.0,48,53,1.0,1,143
763.0,55,57,1.0,1,143
763.0,58,59,1.0,1,143
763.5,72,67,0.5,0,143
764.0,72,67,1.0,0,144
765.0,53,56,1.0,1,144
765.0,56,58,1.0,1,144
765.0,65,63,1.0,0,144
766.0,71,66,0.0,0,144
766.0,80,72,1.5,0,144
767.0,61,61,1.0,1,144
767.0,65,63,1.0,1,144
767.0,68,65,1.0,1,144
767.0,71,66,1.0,1,144
767.5,79,71,0.5,0,144
768.0,77,70,2.0,0,145
769.0,60,60,1.0,1,145
769.0,65,63,1.0,1,145
769.0,68,65,1.0,1,145
769.0,72,67,1.0,1,145
770.0,76,69,1.5,0,145
771.0,58,59,1.0,1,145
771.0,60,60,1.0,1,145
771.0,67,64,1.0,1,145
771.5,84,74,0.5,0,145
772.0,57,58,4.0,1,146
772.0,60,60,4.0,1,146
772.0,65,63,4.0,1,146
772.0,72,67,4.0,0,146
772.0,75,69,4.0,0,146
772.0,84,74,4.0,0,146
776.0,58,59,1.0,1,147
776.0,61,61,1.0,1,147
776.0,65,63,1.0,1,147
776.0,70,66,1.0,0,147
776.0,73,68,1.0,0,147
776.0,77,70,1.0,0,147
779.5,58,59,0.5,1,147
779.5,61,61,0.5,1,147
779.5,65,63,0.5,1,147
779.5,70,66,0.5,0,147
779.5,73,68,0.5,0,147
779.5,82,73,0.5,0,147
780.0,55,57,4.0,1,148
780.0,58,59,4.0,1,148
780.0,63,62,4.0,1,148
780.0,70,66,4.0,0,148
780.0,73,68,4.0,0,148
780.0,82,73,4.0,0,148
784.0,56,58,1.0,1,149
784.0,60,60,1.0,1,149
784.0,63,62,1.0,1,149
784.0,68,65,1.0,0,149
784.0,72,67,1.0,0,149
784.0,75,69,1.0,0,149
787.0,53,56,1.0,1,149
787.0,61,61,1.0,1,149
787.0,68,65,1.0,0,149
787.0,72,67,1.0,0,149
787.0,80,72,1.0,0,149
788.0,55,57,1.0,1,150
788.0,61,61,1.0,1,150
788.0,67,64,1.0,0,150
788.0,70,66,1.0,0,150
788.0,73,68,1.0,0,150
789.0,52,55,1.0,1,150
789.0,60,60,1.0,1,150
789.0,67,64,1.0,0,150
789.0,70,66,1.0,0,150
789.0,79,71,1.0,0,150
790.0,53,56,1.0,1,150
790.0,60,60,1.0,1,150
790.0,65,63,1.0,0,150
790.0,68,65,1.0,0,150
790.0,72,67,1.0,0,150
791.0,49,54,1.0,1,150
791.0,61,61,1.0,1,150
791.0,65,63,1.0,0,150
791.0,68,65,1.0,0,150
791.0,77,70,1.0,0,150
792.0,46,52,1.0,1,151
792.0,49,54,1.0,1,151
792.0,55,57,1.0,1,151
792.0,58,59,1.0,1,151
792.0,65,63,1.0,0,151
792.0,67,64,1.0,0,151
792.0,73,68,1.0,0,151
792.0,77,70,1.0,0,151
794.0,48,53,1.0,1,151
794.0,52,55,1.0,1,151
794.0,55,57,1.0,1,151
794.0,60,60,1.0,1,151
794.0,64,62,1.0,0,151
794.0,67,64,1.0,0,151
794.0,70,66,1.0,0,151
794.0,72,67,1.0,0,151
794.0,76,69,1.0,0,151
796.0,41,49,1.0,1,152
796.0,44,51,1.0,1,152
796.0,48,53,1.0,1,152
796.0,53,56,1.0,1,152
796.0,65,63,1.0,0,152
796.0,68,65,1.0,0,152
796.0,72,67,1.0,0,152
796.0,77,70,1.0,0,152
