-0.75,62,61,0.25,0,0
-0.5,74,68,0.25,0,0
-0.25,70,65,0.25,0,0
0,71,66,0.25,0,1
0.25,66,63,0.25,0,1
0.5,43,50,1.5,1,1
0.5,67,64,0.75,0,1
0.75,47,52,1.25,1,1
1,50,54,1,1,1
1.25,62,61,0.25,0,1
1.5,74,68,0.25,0,1
1.75,70,65,0.25,0,1
2,71,66,0.25,0,2
2.25,66,63,0.25,0,2
2.5,55,57,1.5,1,2
2.5,67,64,0.75,0,2
2.75,59,59,1.25,1,2
3,62,61,1,1,2
3.25,64,62,0.25,0,2
3.5,76,69,0.25,0,2
3.75,71,66,0.25,0,2
4,72,67,0.25,0,3
4.25,68,64,0.25,0,3
4.5,43,50,1.5,1,3
4.5,69,65,0.75,0,3
4.75,48,53,1.25,1,3
5,52,55,1,1,3
5.25,64,62,0.25,0,3
5.5,76,69,0.25,0,3
5.75,71,66,0.25,0,3
6,72,67,0.25,0,4
6.25,68,64,0.25,0,4
6.5,55,57,1.5,1,4
6.5,69,65,0.75,0,4
6.75,60,60,1.25,1,4
7,64,62,1,1,4
7.25,69,65,0.25,0,4
7.5,84,74,0.25,0,4
7.75,83,73,0.25,0,4
8,81,72,0.75,0,5
8.25,54,56,0.25,1,5
8.5,57,58,0.25,1,5
8.75,62,61,0.25,1,5
8.75,79,71,0.25,0,5
9,78,70,0.25,0,5
9.25,50,54,0.25,1,5
9.25,76,69,0.25,0,5
9.5,57,58,0.25,1,5
9.5,74,68,0.25,0,5
9.75,60,60,0.25,1,5
9.75,72,67,0.25,0,5
10,72,67,0.25,0,6
10.25,55,57,0.25,1,6
10.25,71,66,0.5,0,6
10.5,59,59,0.25,1,6
10.75,62,61,0.25,1,6
10.75,79,71,0.25,0,6
11,79,71,0.25,0,6
11.25,48,53,0.25,1,6
11.25,69,65,0.5,0,6
11.5,52,55,0.25,1,6
11.75,57,58,0.25,1,6
11.75,76,69,0.25,0,6
12,76,69,0.25,0,7
12.25,50,54,0.25,1,7
12.25,67,64,0.5,0,7
12.5,55,57,0.25,1,7
12.75,59,59,0.25,1,7
12.75,74,68,0.25,0,7
13,74,68,0.25,0,7
13.25,38,47,0.25,1,7
13.25,60,60,0.5,0,7
13.5,45,51,0.25,1,7
13.75,50,54,0.25,1,7
13.75,66,63,0.25,0,7
14,43,50,0.25,1,8
14,59,59,1,0,8
14,67,64,1,0,8
14.25,47,52,0.25,1,8
14.5,50,54,0.25,1,8
14.75,47,52,0.25,1,8
15,43,50,0.25,1,8
15.25,47,52,0.25,1,8
15.5,50,54,0.25,1,8
15.5,74,68,0.5,0,8
15.75,47,52,0.25,1,8
16,43,50,0.25,1,9
16,74,68,0.5,0,9
16.25,47,52,0.25,1,9
16.5,50,54,0.25,1,9
16.5,74,68,0.5,0,9
16.75,47,52,0.25,1,9
17,43,50,0.25,1,9
17,74,68,0.5,0,9
17.25,47,52,0.25,1,9
17.5,50,54,0.25,1,9
17.5,74,68,0.5,0,9
17.75,47,52,0.25,1,9
18,45,51,0.25,1,10
18,76,69,1,0,10
18.25,48,53,0.25,1,10
18.5,54,56,0.25,1,10
18.75,48,53,0.25,1,10
19,45,51,0.25,1,10
19,74,68,0.5,0,10
19.25,48,53,0.25,1,10
19.5,54,56,0.25,1,10
19.75,48,53,0.25,1,10
20,45,51,0.25,1,11
20.25,48,53,0.25,1,11
20.5,54,56,0.25,1,11
20.75,48,53,0.25,1,11
20.75,74,68,0.25,0,11
21,45,51,0.25,1,11
21,74,68,0.25,0,11
21.25,48,53,0.25,1,11
21.25,74,68,0.25,0,11
21.5,54,56,0.25,1,11
21.5,74,68,0.25,0,11
21.75,48,53,0.25,1,11
21.75,74,68,0.25,0,11
22,47,52,0.25,1,12
22,76,69,1,0,12
22.25,50,54,0.25,1,12
22.5,55,57,0.25,1,12
22.75,50,54,0.25,1,12
23,47,52,0.25,1,12
23,74,68,0.5,0,12
23.25,50,54,0.25,1,12
23.5,55,57,0.25,1,12
23.75,50,54,0.25,1,12
24,47,52,0.25,1,13
24.25,50,54,0.25,1,13
24.5,55,57,0.25,1,13
24.5,74,68,0.75,0,13
24.75,50,54,0.25,1,13
25,47,52,0.25,1,13
25.25,50,54,0.25,1,13
25.25,76,69,0.125,0,13
25.375,74,68,0.125,0,13
25.5,55,57,0.25,1,13
25.5,72,67,0.25,0,13
25.75,50,54,0.25,1,13
25.75,71,66,0.25,0,13
26,48,53,0.25,1,14
26,71,66,0.5,0,14
26.25,52,55,0.25,1,14
26.5,57,58,0.25,1,14
26.5,69,65,1,0,14
26.75,52,55,0.25,1,14
27,49,53,0.25,1,14
27.25,52,55,0.25,1,14
27.5,57,58,0.25,1,14
27.5,67,64,0.5,0,14
27.75,52,55,0.25,1,14
28,50,54,0.25,1,15
28,67,64,0.5,0,15
28.25,54,56,0.25,1,15
28.5,57,58,0.25,1,15
28.5,66,63,1,0,15
28.75,54,56,0.25,1,15
29,50,54,0.25,1,15
29.25,54,56,0.25,1,15
29.5,59,59,0.25,1,15
29.5,74,68,0.5,0,15
29.75,54,56,0.25,1,15
30,52,55,0.25,1,16
30,74,68,0.5,0,16
30.25,55,57,0.25,1,16
30.5,59,59,0.25,1,16
30.5,73,67,1,0,16
30.75,55,57,0.25,1,16
31,52,55,0.25,1,16
31.25,55,57,0.25,1,16
31.5,61,60,0.25,1,16
31.5,71,66,0.5,0,16
31.75,55,57,0.25,1,16
32,54,56,0.25,1,17
32,71,66,0.5,0,17
32.25,57,58,0.25,1,17
32.5,61,60,0.25,1,17
32.5,69,65,1,0,17
32.75,57,58,0.25,1,17
33,54,56,0.25,1,17
33.25,57,58,0.25,1,17
33.5,62,61,0.25,1,17
33.5,78,70,0.5,0,17
33.75,57,58,0.25,1,17
34,55,57,0.25,1,18
34,78,70,0.5,0,18
34.25,59,59,0.25,1,18
34.5,64,62,0.25,1,18
34.5,76,69,1,0,18
34.75,59,59,0.25,1,18
35,56,57,0.25,1,18
35.25,59,59,0.25,1,18
35.5,64,62,0.25,1,18
35.5,74,68,0.5,0,18
35.75,59,59,0.25,1,18
36,57,58,0.25,1,19
36,74,68,0.5,0,19
36.25,64,62,0.25,1,19
36.5,69,65,0.25,1,19
36.5,73,67,1,0,19
36.75,64,62,0.25,1,19
37,57,58,0.25,1,19
37.25,62,61,0.25,1,19
37.5,68,64,0.25,1,19
37.5,71,66,0.5,0,19
37.75,62,61,0.25,1,19
38,57,58,0.25,1,20
38,71,66,0.5,0,20
38.25,61,60,0.25,1,20
38.5,64,62,0.25,1,20
38.5,69,65,0.5,0,20
38.75,61,60,0.25,1,20
39,57,58,0.25,1,20
39.16667,74,68,0.16667,0,20
39.25,64,62,0.25,1,20
39.33333,76,69,0.16667,0,20
39.5,68,64,0.25,1,20
39.5,78,70,0.16667,0,20
39.66667,76,69,0.16667,0,20
39.75,64,62,0.25,1,20
39.83333,74,68,0.16667,0,20
40,57,58,0.25,1,21
40,74,68,0.5,0,21
40.25,64,62,0.25,1,21
40.5,69,65,0.25,1,21
40.5,73,67,0.5,0,21
40.75,64,62,0.25,1,21
41,57,58,0.25,1,21
41.16667,71,66,0.16667,0,21
41.25,62,61,0.25,1,21
41.33333,73,67,0.16667,0,21
41.5,68,64,0.25,1,21
41.5,74,68,0.16667,0,21
41.66667,73,67,0.16667,0,21
41.75,62,61,0.25,1,21
41.83333,71,66,0.16667,0,21
42,57,58,0.25,1,22
42,71,66,0.5,0,22
42.25,61,60,0.25,1,22
42.5,64,62,0.25,1,22
42.5,69,65,0.5,0,22
42.75,61,60,0.25,1,22
43,57,58,0.25,1,22
43.16667,74,68,0.16667,0,22
43.25,64,62,0.25,1,22
43.33333,76,69,0.16667,0,22
43.5,68,64,0.25,1,22
43.5,78,70,0.16667,0,22
43.66667,76,69,0.16667,0,22
43.75,64,62,0.25,1,22
43.83333,74,68,0.16667,0,22
44,57,58,0.25,1,23
44,74,68,0.16667,0,23
44.16667,73,67,0.16667,0,23
44.25,64,62,0.25,1,23
44.33333,74,68,0.16667,0,23
44.5,69,65,0.25,1,23
44.5,76,69,0.16667,0,23
44.66667,74,68,0.16667,0,23
44.75,64,62,0.25,1,23
44.83333,73,67,0.16667,0,23
45,57,58,0.25,1,23
45,73,67,0.16667,0,23
45.16667,71,66,0.16667,0,23
45.25,62,61,0.25,1,23
45.33333,73,67,0.16667,0,23
45.5,68,64,0.25,1,23
45.5,74,68,0.16667,0,23
45.66667,73,67,0.16667,0,23
45.75,62,61,0.25,1,23
45.83333,71,66,0.16667,0,23
46,57,58,0.5,1,24
46,61,60,0.5,1,24
46,64,62,0.5,1,24
46,71,66,0.16667,0,24
46.16667,69,65,0.16667,0,24
46.33333,68,64,0.16667,0,24
46.5,69,65,0.16667,0,24
46.66667,71,66,0.16667,0,24
46.83333,73,67,0.16667,0,24
47,74,68,0.16667,0,24
47.16667,75,68,0.16667,0,24
47.33333,76,69,0.16667,0,24
47.5,77,70,0.125,0,24
47.625,78,70,0.125,0,24
47.75,79,71,0.125,0,24
47.875,80,71,0.125,0,24
48,81,72,0.5,0,25
48.5,81,72,0.5,0,25
49,81,72,0.5,0,25
49.5,81,72,0.5,0,25
50,78,70,0.75,0,26
50,81,72,0.75,0,26
50.25,38,47,0.25,1,26
50.5,50,54,0.25,1,26
50.75,77,69,0.25,0,26
50.75,80,71,0.25,0,26
51,78,70,0.75,0,26
51,81,72,0.75,0,26
51.25,50,54,0.25,1,26
51.5,62,61,0.25,1,26
51.75,77,69,0.25,0,26
51.75,80,71,0.25,0,26
52,78,70,0.75,0,27
52,81,72,0.75,0,27
52.25,62,61,0.25,1,27
52.5,74,68,0.25,1,27
52.75,76,69,0.25,0,27
52.75,79,71,0.25,0,27
53,76,69,0.25,0,27
53,79,71,0.25,0,27
53.25,74,68,0.25,0,27
53.25,78,70,0.25,0,27
53.5,74,68,0.25,0,27
53.5,78,70,0.25,0,27
53.75,73,67,0.25,0,27
53.75,76,69,0.25,0,27
54,73,67,0.25,0,28
54,76,69,0.25,0,28
54.25,71,66,0.25,0,28
54.25,74,68,0.25,0,28
54.5,71,66,0.25,0,28
54.5,74,68,0.25,0,28
54.75,69,65,0.25,0,28
54.75,73,67,0.25,0,28
55,69,65,0.25,0,28
55,73,67,0.25,0,28
55.25,67,64,0.25,0,28
55.25,71,66,0.25,0,28
55.5,67,64,0.25,0,28
55.5,71,66,0.25,0,28
55.75,66,63,0.25,0,28
55.75,69,65,0.25,0,28
56,63,61,1,0,29
56,66,63,1,0,29
56.5,33,44,0.5,1,29
57,33,44,0.5,1,29
57,64,62,0.5,0,29
57,67,64,0.5,0,29
57.5,33,44,0.5,1,29
58,76,69,0.75,0,30
58,79,71,0.75,0,30
58.25,33,44,0.25,1,30
58.5,45,51,0.25,1,30
58.75,75,68,0.25,0,30
58.75,78,70,0.25,0,30
59,76,69,0.75,0,30
59,79,71,0.75,0,30
59.25,45,51,0.25,1,30
59.5,57,58,0.25,1,30
59.75,75,68,0.25,0,30
59.75,78,70,0.25,0,30
60,76,69,0.75,0,31
60,79,71,0.75,0,31
60.25,57,58,0.25,1,31
60.5,69,65,0.25,1,31
60.75,74,68,0.25,0,31
60.75,78,70,0.25,0,31
61,74,68,0.25,0,31
61,78,70,0.25,0,31
61.25,73,67,0.25,0,31
61.25,76,69,0.25,0,31
61.5,73,67,0.25,0,31
61.5,76,69,0.25,0,31
61.75,71,66,0.25,0,31
61.75,74,68,0.25,0,31
62,71,66,0.25,0,32
62,74,68,0.25,0,32
62.25,69,65,0.25,0,32
62.25,73,67,0.25,0,32
62.5,69,65,0.25,0,32
62.5,73,67,0.25,0,32
62.75,67,64,0.25,0,32
62.75,71,66,0.25,0,32
63,67,64,0.25,0,32
63,71,66,0.25,0,32
63.25,66,63,0.25,0,32
63.25,69,65,0.25,0,32
63.5,66,63,0.25,0,32
63.5,69,65,0.25,0,32
63.75,64,62,0.25,0,32
63.75,67,64,0.25,0,32
64,62,61,0.5,0,33
64,66,63,0.5,0,33
64.25,57,58,0.25,1,33
64.5,50,54,0.25,1,33
64.5,66,63,0.5,0,33
64.5,71,66,0.5,0,33
64.75,57,58,0.25,1,33
65,49,53,0.25,1,33
65,64,62,0.5,0,33
65,69,65,0.5,0,33
65.25,57,58,0.25,1,33
65.5,45,51,0.25,1,33
65.5,61,60,0.5,0,33
65.5,67,64,0.5,0,33
65.75,57,58,0.25,1,33
66,62,61,0.5,0,34
66,66,63,0.5,0,34
66.25,57,58,0.25,1,34
66.5,50,54,0.25,1,34
66.5,66,63,0.5,0,34
66.5,71,66,0.5,0,34
66.75,57,58,0.25,1,34
67,49,53,0.25,1,34
67,64,62,0.5,0,34
67,69,65,0.5,0,34
67.25,57,58,0.25,1,34
67.5,45,51,0.25,1,34
67.5,61,60,0.5,0,34
67.5,67,64,0.5,0,34
67.75,57,58,0.25,1,34
68,50,54,1,1,35
68,66,63,0.5,0,35
68.25,62,61,0.25,0,35
68.5,66,63,0.25,0,35
68.5,71,66,0.5,0,35
68.75,62,61,0.25,0,35
69,52,55,1,1,35
69,61,60,0.25,0,35
69,69,65,0.5,0,35
69.25,64,62,0.25,0,35
69.5,59,59,0.25,0,35
69.5,68,64,0.5,0,35
69.75,62,61,0.25,0,35
70,57,58,0.25,1,36
70,69,65,0.5,0,36
70.25,69,65,0.25,1,36
70.5,64,62,0.25,1,36
70.5,67,64,0.25,1,36
70.75,69,65,0.25,1,36
71,62,61,0.25,1,36
71,66,63,0.25,1,36
71.25,69,65,0.25,1,36
71.5,61,60,0.25,1,36
71.5,64,62,0.25,1,36
71.75,69,65,0.25,1,36
72,62,61,0.25,1,37
72,66,63,0.25,1,37
72,78,70,0.5,0,37
72.25,69,65,0.25,1,37
72.5,62,61,0.25,1,37
72.5,66,63,0.25,1,37
72.5,83,73,0.5,0,37
72.75,69,65,0.25,1,37
73,61,60,0.25,1,37
73,64,62,0.25,1,37
73,81,72,0.5,0,37
73.25,69,65,0.25,1,37
73.5,57,58,0.25,1,37
73.5,64,62,0.25,1,37
73.5,73,67,0.5,0,37
73.5,79,71,0.5,0,37
73.75,69,65,0.25,1,37
74,62,61,0.25,1,38
74,66,63,0.25,1,38
74,78,70,0.5,0,38
74.25,69,65,0.25,1,38
74.5,62,61,0.25,1,38
74.5,66,63,0.25,1,38
74.5,83,73,0.5,0,38
74.75,69,65,0.25,1,38
75,61,60,0.25,1,38
75,64,62,0.25,1,38
75,81,72,0.5,0,38
75.25,69,65,0.25,1,38
75.5,57,58,0.25,1,38
75.5,64,62,0.25,1,38
75.5,73,67,0.5,0,38
75.5,79,71,0.5,0,38
75.75,69,65,0.25,1,38
76,62,61,0.25,1,39
76,66,63,0.25,1,39
76,74,68,0.5,0,39
76,78,70,0.5,0,39
76.25,74,68,0.25,1,39
76.5,64,62,0.25,1,39
76.5,67,64,0.25,1,39
76.5,86,75,1,0,39
76.75,74,68,0.25,1,39
77,66,63,0.25,1,39
77,69,65,0.25,1,39
77.25,74,68,0.25,1,39
77.5,67,64,0.25,1,39
77.5,71,66,0.25,1,39
77.5,86,75,1,0,39
77.75,74,68,0.25,1,39
78,69,65,0.25,1,40
78,72,67,0.25,1,40
78.25,74,68,0.25,1,40
78.5,68,64,0.25,1,40
78.5,71,66,0.25,1,40
78.5,86,75,0.5,0,40
78.75,74,68,0.25,1,40
79,69,65,0.25,1,40
79,72,67,0.25,1,40
79,86,75,0.5,0,40
79.25,74,68,0.25,1,40
79.5,66,63,0.25,1,40
79.5,70,65,0.25,1,40
79.5,86,75,0.5,0,40
79.75,74,68,0.25,1,40
80,67,64,0.5,1,41
80,71,66,0.5,1,41
80,83,73,0.125,0,41
80.125,85,74,0.125,0,41
80.25,83,73,0.125,0,41
80.375,82,72,0.125,0,41
80.5,83,73,0.125,0,41
80.625,85,74,0.125,0,41
80.75,86,75,0.125,0,41
80.875,85,74,0.125,0,41
81,67,64,0.5,1,41
81,71,66,0.5,1,41
81,74,68,0.5,1,41
81,83,73,0.125,0,41
81.125,85,74,0.125,0,41
81.25,83,73,0.125,0,41
81.375,82,72,0.125,0,41
81.5,83,73,0.125,0,41
81.625,85,74,0.125,0,41
81.75,86,75,0.125,0,41
81.875,85,74,0.125,0,41
82,68,64,0.5,1,42
82,71,66,0.5,1,42
82,74,68,0.5,1,42
82,77,70,0.5,1,42
82,86,75,0.125,0,42
82.125,88,76,0.125,0,42
82.25,86,75,0.125,0,42
82.375,85,74,0.125,0,42
82.5,86,75,0.125,0,42
82.625,88,76,0.125,0,42
82.75,89,77,0.125,0,42
82.875,88,76,0.125,0,42
83,68,64,0.5,1,42
83,71,66,0.5,1,42
83,74,68,0.5,1,42
83,77,70,0.5,1,42
83,86,75,0.125,0,42
83.125,88,76,0.125,0,42
83.25,86,75,0.125,0,42
83.375,85,74,0.125,0,42
83.5,86,75,0.125,0,42
83.625,88,76,0.125,0,42
83.75,89,77,0.125,0,42
83.875,88,76,0.125,0,42
84,69,65,0.5,1,43
84,74,68,0.5,1,43
84,78,70,0.5,1,43
84,86,75,0.125,0,43
84.125,88,76,0.125,0,43
84.25,86,75,0.125,0,43
84.375,85,74,0.125,0,43
84.5,86,75,0.125,0,43
84.625,88,76,0.125,0,43
84.75,90,77,0.125,0,43
84.875,88,76,0.125,0,43
85,86,75,0.125,0,43
85.125,85,74,0.125,0,43
85.25,83,73,0.125,0,43
85.375,81,72,0.125,0,43
85.5,79,71,0.125,0,43
85.625,78,70,0.125,0,43
85.75,76,69,0.125,0,43
85.875,74,68,0.125,0,43
86,57,58,2,1,44
86,69,65,1,1,44
86,74,68,1,0,44
86,78,70,1,0,44
87,67,64,1,1,44
87,73,67,1,0,44
87,76,69,1,0,44
88,62,61,0.5,1,45
88,66,63,0.5,1,45
88,74,68,0.125,0,45
88.125,76,69,0.125,0,45
88.25,78,70,0.125,0,45
88.375,79,71,0.125,0,45
88.5,81,72,0.125,0,45
88.625,79,71,0.125,0,45
88.75,78,70,0.125,0,45
88.875,76,69,0.125,0,45
89,74,68,0.125,0,45
89.125,73,67,0.125,0,45
89.25,71,66,0.125,0,45
89.375,69,65,0.125,0,45
89.5,67,64,0.125,0,45
89.625,66,63,0.125,0,45
89.75,64,62,0.125,0,45
89.875,62,61,0.125,0,45
90,45,51,2,1,46
90,57,58,1,1,46
90,62,61,1,0,46
90,66,63,1,0,46
91,55,57,1,1,46
91,61,60,1,0,46
91,64,62,1,0,46
92,50,54,0.5,1,47
92,54,56,0.5,1,47
92,62,61,0.25,0,47
92.25,57,58,0.25,0,47
92.5,62,61,0.25,0,47
92.5,66,63,0.5,0,47
92.75,57,58,0.25,0,47
93,64,62,0.25,0,47
93,67,64,0.5,0,47
93.25,57,58,0.25,0,47
93.5,65,62,0.25,0,47
93.5,68,64,0.5,0,47
93.75,57,58,0.25,0,47
94,66,63,2.5,0,48
94,69,65,2.5,0,48
94.25,57,58,0.5,0,48
94.5,38,47,0.5,1,48
94.75,57,58,0.5,0,48
95,42,49,0.5,1,48
95.25,57,58,0.5,0,48
95.5,45,51,0.5,1,48
95.75,57,58,0.5,0,48
96,50,54,2.5,1,49
96.25,57,58,0.25,0,49
96.5,62,61,0.25,0,49
96.5,66,63,0.5,0,49
96.75,57,58,0.25,0,49
97,67,64,0.25,0,49
97,71,66,0.5,0,49
97.25,57,58,0.25,0,49
97.5,66,63,0.25,0,49
97.5,69,65,0.5,0,49
97.75,57,58,0.25,0,49
98,64,62,2.5,0,50
98,67,64,2.5,0,50
98.25,57,58,0.5,0,50
98.5,50,54,0.5,1,50
98.75,57,58,0.5,0,50
99,49,53,0.5,1,50
99.25,57,58,0.5,0,50
99.5,47,52,0.5,1,50
99.75,57,58,0.5,0,50
100,49,53,1,1,51
100.25,57,58,0.25,0,51
100.5,64,62,0.25,0,51
100.5,67,64,0.5,0,51
100.75,57,58,0.25,0,51
101,45,51,1.5,1,51
101,66,63,0.25,0,51
101,69,65,0.5,0,51
101.25,57,58,0.25,0,51
101.5,64,62,0.25,0,51
101.5,67,64,0.5,0,51
101.75,57,58,0.25,0,51
102,62,61,2.5,0,52
102,66,63,2.5,0,52
102.25,57,58,0.25,0,52
102.5,46,51,0.5,1,52
102.75,58,58,0.25,0,52
103,47,52,0.5,1,52
103.25,59,59,0.25,0,52
103.5,42,49,0.5,1,52
103.75,54,56,0.25,0,52
104,43,50,0.5,1,53
104.25,55,57,0.25,0,53
104.5,44,50,0.5,1,53
104.5,62,61,0.25,0,53
104.5,64,62,0.5,0,53
104.75,56,57,0.25,0,53
105,45,51,1.5,1,53
105,62,61,0.25,0,53
105,64,62,0.5,0,53
105.25,57,58,0.25,0,53
105.5,61,60,0.25,0,53
105.5,67,64,0.5,0,53
105.75,57,58,0.25,0,53
106,62,61,2.5,0,54
106,66,63,2.5,0,54
106.25,57,58,0.25,0,54
106.5,46,51,0.5,1,54
106.75,58,58,0.25,0,54
107,47,52,0.5,1,54
107.25,59,59,0.25,0,54
107.5,42,49,0.5,1,54
107.75,54,56,0.25,0,54
108,43,50,0.5,1,55
108.25,55,57,0.25,0,55
108.5,44,50,0.5,1,55
108.5,62,61,0.25,0,55
108.5,64,62,0.5,0,55
108.75,56,57,0.25,0,55
109,45,51,1.5,1,55
109,62,61,0.25,0,55
109,64,62,0.5,0,55
109.25,57,58,0.25,0,55
109.5,61,60,0.25,0,55
109.5,67,64,0.5,0,55
109.75,57,58,0.25,0,55
110,62,61,2.5,0,56
110,66,63,2.5,0,56
110.25,57,58,0.25,0,56
110.5,46,51,0.5,1,56
110.75,58,58,0.25,0,56
111,47,52,0.5,1,56
111.25,59,59,0.25,0,56
111.5,48,53,0.5,1,56
111.75,60,60,0.25,0,56
112,47,52,0.5,1,57
112.25,59,59,0.25,0,57
112.5,43,50,0.5,1,57
112.5,64,62,0.25,0,57
112.5,67,64,0.5,0,57
112.75,59,59,0.25,0,57
113,45,51,0.5,1,57
113,62,61,0.25,0,57
113,66,63,0.5,0,57
113.25,57,58,0.25,0,57
113.5,33,44,0.5,1,57
113.5,61,60,0.25,0,57
113.5,64,62,0.5,0,57
113.75,55,57,0.25,0,57
114,38,47,4,1,58
114,54,56,0.25,0,58
114,62,61,1.5,0,58
114.25,57,58,0.25,0,58
114.5,54,56,0.25,0,58
114.75,57,58,0.25,0,58
115,54,56,0.25,0,58
115.25,57,58,0.25,0,58
115.5,50,54,0.5,1,58
115.5,55,57,0.25,0,58
115.5,64,62,0.5,0,58
115.75,61,60,0.25,0,58
116,50,54,1.5,1,59
116,57,58,0.25,0,59
116,66,63,1.5,0,59
116.25,62,61,0.25,0,59
116.5,57,58,0.25,0,59
116.75,62,61,0.25,0,59
117,57,58,0.25,0,59
117.25,62,61,0.25,0,59
117.5,50,54,0.5,1,59
117.5,55,57,0.25,0,59
117.5,64,62,0.5,0,59
117.75,61,60,0.25,0,59
118,50,54,1.5,1,60
118,54,56,0.25,1,60
118,62,61,1.5,0,60
118.25,57,58,0.25,1,60
118.5,54,56,0.25,1,60
118.75,57,58,0.25,1,60
119,54,56,0.25,1,60
119.25,57,58,0.25,1,60
119.5,50,54,1,1,60
119.5,55,57,0.25,1,60
119.5,64,62,0.5,0,60
119.5,73,67,0.5,0,60
119.75,57,58,0.25,1,60
120,54,56,0.25,1,61
120,62,61,0.5,0,61
120,74,68,0.5,0,61
120.25,57,58,0.25,1,61
120.5,50,54,1,1,61
120.5,55,57,0.25,1,61
120.5,64,62,0.5,0,61
120.5,73,67,0.5,0,61
120.75,57,58,0.25,1,61
121,54,56,0.25,1,61
121,62,61,0.5,0,61
121,74,68,0.5,0,61
121.25,57,58,0.25,1,61
121.5,50,54,0.5,1,61
121.5,55,57,0.25,1,61
121.5,64,62,0.5,0,61
121.5,73,67,0.5,0,61
121.75,57,58,0.25,1,61
122,50,54,2.5,1,62
122,57,58,2.5,1,62
122,61,60,2,1,62
122,67,64,2,0,62
122,76,69,2,0,62
124,62,61,0.5,1,63
124,66,63,0.5,0,63
124,74,68,0.5,0,63
125.25,62,61,0.25,0,0
125.5,74,68,0.25,0,0
125.75,70,65,0.25,0,0
126,71,66,0.25,0,1
126.25,66,63,0.25,0,1
126.5,43,50,1.5,1,1
126.5,67,64,0.75,0,1
126.75,47,52,1.25,1,1
127,50,54,1,1,1
127.25,62,61,0.25,0,1
127.5,74,68,0.25,0,1
127.75,70,65,0.25,0,1
128,71,66,0.25,0,2
128.25,66,63,0.25,0,2
128.5,55,57,1.5,1,2
128.5,67,64,0.75,0,2
128.75,59,59,1.25,1,2
129,62,61,1,1,2
129.25,64,62,0.25,0,2
129.5,76,69,0.25,0,2
129.75,71,66,0.25,0,2
130,72,67,0.25,0,3
130.25,68,64,0.25,0,3
130.5,43,50,1.5,1,3
130.5,69,65,0.75,0,3
130.75,48,53,1.25,1,3
131,52,55,1,1,3
131.25,64,62,0.25,0,3
131.5,76,69,0.25,0,3
131.75,71,66,0.25,0,3
132,72,67,0.25,0,4
132.25,68,64,0.25,0,4
132.5,55,57,1.5,1,4
132.5,69,65,0.75,0,4
132.75,60,60,1.25,1,4
133,64,62,1,1,4
133.25,69,65,0.25,0,4
133.5,84,74,0.25,0,4
133.75,83,73,0.25,0,4
134,81,72,0.75,0,5
134.25,54,56,0.25,1,5
134.5,57,58,0.25,1,5
134.75,62,61,0.25,1,5
134.75,79,71,0.25,0,5
135,78,70,0.25,0,5
135.25,50,54,0.25,1,5
135.25,76,69,0.25,0,5
135.5,57,58,0.25,1,5
135.5,74,68,0.25,0,5
135.75,60,60,0.25,1,5
135.75,72,67,0.25,0,5
136,72,67,0.25,0,6
136.25,55,57,0.25,1,6
136.25,71,66,0.5,0,6
136.5,59,59,0.25,1,6
136.75,62,61,0.25,1,6
136.75,79,71,0.25,0,6
137,79,71,0.25,0,6
137.25,48,53,0.25,1,6
137.25,69,65,0.5,0,6
137.5,52,55,0.25,1,6
137.75,57,58,0.25,1,6
137.75,76,69,0.25,0,6
138,76,69,0.25,0,7
138.25,50,54,0.25,1,7
138.25,67,64,0.5,0,7
138.5,55,57,0.25,1,7
138.75,59,59,0.25,1,7
138.75,74,68,0.25,0,7
139,74,68,0.25,0,7
139.25,38,47,0.25,1,7
139.25,60,60,0.5,0,7
139.5,45,51,0.25,1,7
139.75,50,54,0.25,1,7
139.75,66,63,0.25,0,7
140,43,50,0.25,1,8
140,59,59,1,0,8
140,67,64,1,0,8
140.25,47,52,0.25,1,8
140.5,50,54,0.25,1,8
140.75,47,52,0.25,1,8
141,43,50,0.25,1,8
141.25,47,52,0.25,1,8
141.5,50,54,0.25,1,8
141.5,74,68,0.5,0,8
141.75,47,52,0.25,1,8
142,43,50,0.25,1,9
142,74,68,0.5,0,9
142.25,47,52,0.25,1,9
142.5,50,54,0.25,1,9
142.5,74,68,0.5,0,9
142.75,47,52,0.25,1,9
143,43,50,0.25,1,9
143,74,68,0.5,0,9
143.25,47,52,0.25,1,9
143.5,50,54,0.25,1,9
143.5,74,68,0.5,0,9
143.75,47,52,0.25,1,9
144,45,51,0.25,1,10
144,76,69,1,0,10
144.25,48,53,0.25,1,10
144.5,54,56,0.25,1,10
144.75,48,53,0.25,1,10
145,45,51,0.25,1,10
145,74,68,0.5,0,10
145.25,48,53,0.25,1,10
145.5,54,56,0.25,1,10
145.75,48,53,0.25,1,10
146,45,51,0.25,1,11
146.25,48,53,0.25,1,11
146.5,54,56,0.25,1,11
146.75,48,53,0.25,1,11
146.75,74,68,0.25,0,11
147,45,51,0.25,1,11
147,74,68,0.25,0,11
147.25,48,53,0.25,1,11
147.25,74,68,0.25,0,11
147.5,54,56,0.25,1,11
147.5,74,68,0.25,0,11
147.75,48,53,0.25,1,11
147.75,74,68,0.25,0,11
148,47,52,0.25,1,12
148,76,69,1,0,12
148.25,50,54,0.25,1,12
148.5,55,57,0.25,1,12
148.75,50,54,0.25,1,12
149,47,52,0.25,1,12
149,74,68,0.5,0,12
149.25,50,54,0.25,1,12
149.5,55,57,0.25,1,12
149.75,50,54,0.25,1,12
150,47,52,0.25,1,13
150.25,50,54,0.25,1,13
150.5,55,57,0.25,1,13
150.5,74,68,0.75,0,13
150.75,50,54,0.25,1,13
151,47,52,0.25,1,13
151.25,50,54,0.25,1,13
151.25,76,69,0.125,0,13
151.375,74,68,0.125,0,13
151.5,55,57,0.25,1,13
151.5,72,67,0.25,0,13
151.75,50,54,0.25,1,13
151.75,71,66,0.25,0,13
152,48,53,0.25,1,14
152,71,66,0.5,0,14
152.25,52,55,0.25,1,14
152.5,57,58,0.25,1,14
152.5,69,65,1,0,14
152.75,52,55,0.25,1,14
153,49,53,0.25,1,14
153.25,52,55,0.25,1,14
153.5,57,58,0.25,1,14
153.5,67,64,0.5,0,14
153.75,52,55,0.25,1,14
154,50,54,0.25,1,15
154,67,64,0.5,0,15
154.25,54,56,0.25,1,15
154.5,57,58,0.25,1,15
154.5,66,63,1,0,15
154.75,54,56,0.25,1,15
155,50,54,0.25,1,15
155.25,54,56,0.25,1,15
155.5,59,59,0.25,1,15
155.5,74,68,0.5,0,15
155.75,54,56,0.25,1,15
156,52,55,0.25,1,16
156,74,68,0.5,0,16
156.25,55,57,0.25,1,16
156.5,59,59,0.25,1,16
156.5,73,67,1,0,16
156.75,55,57,0.25,1,16
157,52,55,0.25,1,16
157.25,55,57,0.25,1,16
157.5,61,60,0.25,1,16
157.5,71,66,0.5,0,16
157.75,55,57,0.25,1,16
158,54,56,0.25,1,17
158,71,66,0.5,0,17
158.25,57,58,0.25,1,17
158.5,61,60,0.25,1,17
158.5,69,65,1,0,17
158.75,57,58,0.25,1,17
159,54,56,0.25,1,17
159.25,57,58,0.25,1,17
159.5,62,61,0.25,1,17
159.5,78,70,0.5,0,17
159.75,57,58,0.25,1,17
160,55,57,0.25,1,18
160,78,70,0.5,0,18
160.25,59,59,0.25,1,18
160.5,64,62,0.25,1,18
160.5,76,69,1,0,18
160.75,59,59,0.25,1,18
161,56,57,0.25,1,18
161.25,59,59,0.25,1,18
161.5,64,62,0.25,1,18
161.5,74,68,0.5,0,18
161.75,59,59,0.25,1,18
162,57,58,0.25,1,19
162,74,68,0.5,0,19
162.25,64,62,0.25,1,19
162.5,69,65,0.25,1,19
162.5,73,67,1,0,19
162.75,64,62,0.25,1,19
163,57,58,0.25,1,19
163.25,62,61,0.25,1,19
163.5,68,64,0.25,1,19
163.5,71,66,0.5,0,19
163.75,62,61,0.25,1,19
164,57,58,0.25,1,20
164,71,66,0.5,0,20
164.25,61,60,0.25,1,20
164.5,64,62,0.25,1,20
164.5,69,65,0.5,0,20
164.75,61,60,0.25,1,20
165,57,58,0.25,1,20
165.16667,74,68,0.16667,0,20
165.25,64,62,0.25,1,20
165.33333,76,69,0.16667,0,20
165.5,68,64,0.25,1,20
165.5,78,70,0.16667,0,20
165.66667,76,69,0.16667,0,20
165.75,64,62,0.25,1,20
165.83333,74,68,0.16667,0,20
166,57,58,0.25,1,21
166,74,68,0.5,0,21
166.25,64,62,0.25,1,21
166.5,69,65,0.25,1,21
166.5,73,67,0.5,0,21
166.75,64,62,0.25,1,21
167,57,58,0.25,1,21
167.16667,71,66,0.16667,0,21
167.25,62,61,0.25,1,21
167.33333,73,67,0.16667,0,21
167.5,68,64,0.25,1,21
167.5,74,68,0.16667,0,21
167.66667,73,67,0.16667,0,21
167.75,62,61,0.25,1,21
167.83333,71,66,0.16667,0,21
168,57,58,0.25,1,22
168,71,66,0.5,0,22
168.25,61,60,0.25,1,22
168.5,64,62,0.25,1,22
168.5,69,65,0.5,0,22
168.75,61,60,0.25,1,22
169,57,58,0.25,1,22
169.16667,74,68,0.16667,0,22
169.25,64,62,0.25,1,22
169.33333,76,69,0.16667,0,22
169.5,68,64,0.25,1,22
169.5,78,70,0.16667,0,22
169.66667,76,69,0.16667,0,22
169.75,64,62,0.25,1,22
169.83333,74,68,0.16667,0,22
170,57,58,0.25,1,23
170,74,68,0.16667,0,23
170.16667,73,67,0.16667,0,23
170.25,64,62,0.25,1,23
170.33333,74,68,0.16667,0,23
170.5,69,65,0.25,1,23
170.5,76,69,0.16667,0,23
170.66667,74,68,0.16667,0,23
170.75,64,62,0.25,1,23
170.83333,73,67,0.16667,0,23
171,57,58,0.25,1,23
171,73,67,0.16667,0,23
171.16667,71,66,0.16667,0,23
171.25,62,61,0.25,1,23
171.33333,73,67,0.16667,0,23
171.5,68,64,0.25,1,23
171.5,74,68,0.16667,0,23
171.66667,73,67,0.16667,0,23
171.75,62,61,0.25,1,23
171.83333,71,66,0.16667,0,23
172,57,58,0.5,1,24
172,61,60,0.5,1,24
172,64,62,0.5,1,24
172,71,66,0.16667,0,24
172.16667,69,65,0.16667,0,24
172.33333,68,64,0.16667,0,24
172.5,69,65,0.16667,0,24
172.66667,71,66,0.16667,0,24
172.83333,73,67,0.16667,0,24
173,74,68,0.16667,0,24
173.16667,75,68,0.16667,0,24
173.33333,76,69,0.16667,0,24
173.5,77,70,0.125,0,24
173.625,78,70,0.125,0,24
173.75,79,71,0.125,0,24
173.875,80,71,0.125,0,24
174,81,72,0.5,0,25
174.5,81,72,0.5,0,25
175,81,72,0.5,0,25
175.5,81,72,0.5,0,25
176,78,70,0.75,0,26
176,81,72,0.75,0,26
176.25,38,47,0.25,1,26
176.5,50,54,0.25,1,26
176.75,77,69,0.25,0,26
176.75,80,71,0.25,0,26
177,78,70,0.75,0,26
177,81,72,0.75,0,26
177.25,50,54,0.25,1,26
177.5,62,61,0.25,1,26
177.75,77,69,0.25,0,26
177.75,80,71,0.25,0,26
178,78,70,0.75,0,27
178,81,72,0.75,0,27
178.25,62,61,0.25,1,27
178.5,74,68,0.25,1,27
178.75,76,69,0.25,0,27
178.75,79,71,0.25,0,27
179,76,69,0.25,0,27
179,79,71,0.25,0,27
179.25,74,68,0.25,0,27
179.25,78,70,0.25,0,27
179.5,74,68,0.25,0,27
179.5,78,70,0.25,0,27
179.75,73,67,0.25,0,27
179.75,76,69,0.25,0,27
180,73,67,0.25,0,28
180,76,69,0.25,0,28
180.25,71,66,0.25,0,28
180.25,74,68,0.25,0,28
180.5,71,66,0.25,0,28
180.5,74,68,0.25,0,28
180.75,69,65,0.25,0,28
180.75,73,67,0.25,0,28
181,69,65,0.25,0,28
181,73,67,0.25,0,28
181.25,67,64,0.25,0,28
181.25,71,66,0.25,0,28
181.5,67,64,0.25,0,28
181.5,71,66,0.25,0,28
181.75,66,63,0.25,0,28
181.75,69,65,0.25,0,28
182,63,61,1,0,29
182,66,63,1,0,29
182.5,33,44,0.5,1,29
183,33,44,0.5,1,29
183,64,62,0.5,0,29
183,67,64,0.5,0,29
183.5,33,44,0.5,1,29
184,76,69,0.75,0,30
184,79,71,0.75,0,30
184.25,33,44,0.25,1,30
184.5,45,51,0.25,1,30
184.75,75,68,0.25,0,30
184.75,78,70,0.25,0,30
185,76,69,0.75,0,30
185,79,71,0.75,0,30
185.25,45,51,0.25,1,30
185.5,57,58,0.25,1,30
185.75,75,68,0.25,0,30
185.75,78,70,0.25,0,30
186,76,69,0.75,0,31
186,79,71,0.75,0,31
186.25,57,58,0.25,1,31
186.5,69,65,0.25,1,31
186.75,74,68,0.25,0,31
186.75,78,70,0.25,0,31
187,74,68,0.25,0,31
187,78,70,0.25,0,31
187.25,73,67,0.25,0,31
187.25,76,69,0.25,0,31
187.5,73,67,0.25,0,31
187.5,76,69,0.25,0,31
187.75,71,66,0.25,0,31
187.75,74,68,0.25,0,31
188,71,66,0.25,0,32
188,74,68,0.25,0,32
188.25,69,65,0.25,0,32
188.25,73,67,0.25,0,32
188.5,69,65,0.25,0,32
188.5,73,67,0.25,0,32
188.75,67,64,0.25,0,32
188.75,71,66,0.25,0,32
189,67,64,0.25,0,32
189,71,66,0.25,0,32
189.25,66,63,0.25,0,32
189.25,69,65,0.25,0,32
189.5,66,63,0.25,0,32
189.5,69,65,0.25,0,32
189.75,64,62,0.25,0,32
189.75,67,64,0.25,0,32
190,62,61,0.5,0,33
190,66,63,0.5,0,33
190.25,57,58,0.25,1,33
190.5,50,54,0.25,1,33
190.5,66,63,0.5,0,33
190.5,71,66,0.5,0,33
190.75,57,58,0.25,1,33
191,49,53,0.25,1,33
191,64,62,0.5,0,33
191,69,65,0.5,0,33
191.25,57,58,0.25,1,33
191.5,45,51,0.25,1,33
191.5,61,60,0.5,0,33
191.5,67,64,0.5,0,33
191.75,57,58,0.25,1,33
192,62,61,0.5,0,34
192,66,63,0.5,0,34
192.25,57,58,0.25,1,34
192.5,50,54,0.25,1,34
192.5,66,63,0.5,0,34
192.5,71,66,0.5,0,34
192.75,57,58,0.25,1,34
193,49,53,0.25,1,34
193,64,62,0.5,0,34
193,69,65,0.5,0,34
193.25,57,58,0.25,1,34
193.5,45,51,0.25,1,34
193.5,61,60,0.5,0,34
193.5,67,64,0.5,0,34
193.75,57,58,0.25,1,34
194,50,54,1,1,35
194,66,63,0.5,0,35
194.25,62,61,0.25,0,35
194.5,66,63,0.25,0,35
194.5,71,66,0.5,0,35
194.75,62,61,0.25,0,35
195,52,55,1,1,35
195,61,60,0.25,0,35
195,69,65,0.5,0,35
195.25,64,62,0.25,0,35
195.5,59,59,0.25,0,35
195.5,68,64,0.5,0,35
195.75,62,61,0.25,0,35
196,57,58,0.25,1,36
196,69,65,0.5,0,36
196.25,69,65,0.25,1,36
196.5,64,62,0.25,1,36
196.5,67,64,0.25,1,36
196.75,69,65,0.25,1,36
197,62,61,0.25,1,36
197,66,63,0.25,1,36
197.25,69,65,0.25,1,36
197.5,61,60,0.25,1,36
197.5,64,62,0.25,1,36
197.75,69,65,0.25,1,36
198,62,61,0.25,1,37
198,66,63,0.25,1,37
198,78,70,0.5,0,37
198.25,69,65,0.25,1,37
198.5,62,61,0.25,1,37
198.5,66,63,0.25,1,37
198.5,83,73,0.5,0,37
198.75,69,65,0.25,1,37
199,61,60,0.25,1,37
199,64,62,0.25,1,37
199,81,72,0.5,0,37
199.25,69,65,0.25,1,37
199.5,57,58,0.25,1,37
199.5,64,62,0.25,1,37
199.5,73,67,0.5,0,37
199.5,79,71,0.5,0,37
199.75,69,65,0.25,1,37
200,62,61,0.25,1,38
200,66,63,0.25,1,38
200,78,70,0.5,0,38
200.25,69,65,0.25,1,38
200.5,62,61,0.25,1,38
200.5,66,63,0.25,1,38
200.5,83,73,0.5,0,38
200.75,69,65,0.25,1,38
201,61,60,0.25,1,38
201,64,62,0.25,1,38
201,81,72,0.5,0,38
201.25,69,65,0.25,1,38
201.5,57,58,0.25,1,38
201.5,64,62,0.25,1,38
201.5,73,67,0.5,0,38
201.5,79,71,0.5,0,38
201.75,69,65,0.25,1,38
202,62,61,0.25,1,39
202,66,63,0.25,1,39
202,74,68,0.5,0,39
202,78,70,0.5,0,39
202.25,74,68,0.25,1,39
202.5,64,62,0.25,1,39
202.5,67,64,0.25,1,39
202.5,86,75,1,0,39
202.75,74,68,0.25,1,39
203,66,63,0.25,1,39
203,69,65,0.25,1,39
203.25,74,68,0.25,1,39
203.5,67,64,0.25,1,39
203.5,71,66,0.25,1,39
203.5,86,75,1,0,39
203.75,74,68,0.25,1,39
204,69,65,0.25,1,40
204,72,67,0.25,1,40
204.25,74,68,0.25,1,40
204.5,68,64,0.25,1,40
204.5,71,66,0.25,1,40
204.5,86,75,0.5,0,40
204.75,74,68,0.25,1,40
205,69,65,0.25,1,40
205,72,67,0.25,1,40
205,86,75,0.5,0,40
205.25,74,68,0.25,1,40
205.5,66,63,0.25,1,40
205.5,70,65,0.25,1,40
205.5,86,75,0.5,0,40
205.75,74,68,0.25,1,40
206,67,64,0.5,1,41
206,71,66,0.5,1,41
206,83,73,0.125,0,41
206.125,85,74,0.125,0,41
206.25,83,73,0.125,0,41
206.375,82,72,0.125,0,41
206.5,83,73,0.125,0,41
206.625,85,74,0.125,0,41
206.75,86,75,0.125,0,41
206.875,85,74,0.125,0,41
207,67,64,0.5,1,41
207,71,66,0.5,1,41
207,74,68,0.5,1,41
207,83,73,0.125,0,41
207.125,85,74,0.125,0,41
207.25,83,73,0.125,0,41
207.375,82,72,0.125,0,41
207.5,83,73,0.125,0,41
207.625,85,74,0.125,0,41
207.75,86,75,0.125,0,41
207.875,85,74,0.125,0,41
208,68,64,0.5,1,42
208,71,66,0.5,1,42
208,74,68,0.5,1,42
208,77,70,0.5,1,42
208,86,75,0.125,0,42
208.125,88,76,0.125,0,42
208.25,86,75,0.125,0,42
208.375,85,74,0.125,0,42
208.5,86,75,0.125,0,42
208.625,88,76,0.125,0,42
208.75,89,77,0.125,0,42
208.875,88,76,0.125,0,42
209,68,64,0.5,1,42
209,71,66,0.5,1,42
209,74,68,0.5,1,42
209,77,70,0.5,1,42
209,86,75,0.125,0,42
209.125,88,76,0.125,0,42
209.25,86,75,0.125,0,42
209.375,85,74,0.125,0,42
209.5,86,75,0.125,0,42
209.625,88,76,0.125,0,42
209.75,89,77,0.125,0,42
209.875,88,76,0.125,0,42
210,69,65,0.5,1,43
210,74,68,0.5,1,43
210,78,70,0.5,1,43
210,86,75,0.125,0,43
210.125,88,76,0.125,0,43
210.25,86,75,0.125,0,43
210.375,85,74,0.125,0,43
210.5,86,75,0.125,0,43
210.625,88,76,0.125,0,43
210.75,90,77,0.125,0,43
210.875,88,76,0.125,0,43
211,86,75,0.125,0,43
211.125,85,74,0.125,0,43
211.25,83,73,0.125,0,43
211.375,81,72,0.125,0,43
211.5,79,71,0.125,0,43
211.625,78,70,0.125,0,43
211.75,76,69,0.125,0,43
211.875,74,68,0.125,0,43
212,57,58,2,1,44
212,69,65,1,1,44
212,74,68,1,0,44
212,78,70,1,0,44
213,67,64,1,1,44
213,73,67,1,0,44
213,76,69,1,0,44
214,62,61,0.5,1,45
214,66,63,0.5,1,45
214,74,68,0.125,0,45
214.125,76,69,0.125,0,45
214.25,78,70,0.125,0,45
214.375,79,71,0.125,0,45
214.5,81,72,0.125,0,45
214.625,79,71,0.125,0,45
214.75,78,70,0.125,0,45
214.875,76,69,0.125,0,45
215,74,68,0.125,0,45
215.125,73,67,0.125,0,45
215.25,71,66,0.125,0,45
215.375,69,65,0.125,0,45
215.5,67,64,0.125,0,45
215.625,66,63,0.125,0,45
215.75,64,62,0.125,0,45
215.875,62,61,0.125,0,45
216,45,51,2,1,46
216,57,58,1,1,46
216,62,61,1,0,46
216,66,63,1,0,46
217,55,57,1,1,46
217,61,60,1,0,46
217,64,62,1,0,46
218,50,54,0.5,1,47
218,54,56,0.5,1,47
218,62,61,0.25,0,47
218.25,57,58,0.25,0,47
218.5,62,61,0.25,0,47
218.5,66,63,0.5,0,47
218.75,57,58,0.25,0,47
219,64,62,0.25,0,47
219,67,64,0.5,0,47
219.25,57,58,0.25,0,47
219.5,65,62,0.25,0,47
219.5,68,64,0.5,0,47
219.75,57,58,0.25,0,47
220,66,63,2.5,0,48
220,69,65,2.5,0,48
220.25,57,58,0.5,0,48
220.5,38,47,0.5,1,48
220.75,57,58,0.5,0,48
221,42,49,0.5,1,48
221.25,57,58,0.5,0,48
221.5,45,51,0.5,1,48
221.75,57,58,0.5,0,48
222,50,54,2.5,1,49
222.25,57,58,0.25,0,49
222.5,62,61,0.25,0,49
222.5,66,63,0.5,0,49
222.75,57,58,0.25,0,49
223,67,64,0.25,0,49
223,71,66,0.5,0,49
223.25,57,58,0.25,0,49
223.5,66,63,0.25,0,49
223.5,69,65,0.5,0,49
223.75,57,58,0.25,0,49
224,64,62,2.5,0,50
224,67,64,2.5,0,50
224.25,57,58,0.5,0,50
224.5,50,54,0.5,1,50
224.75,57,58,0.5,0,50
225,49,53,0.5,1,50
225.25,57,58,0.5,0,50
225.5,47,52,0.5,1,50
225.75,57,58,0.5,0,50
226,49,53,1,1,51
226.25,57,58,0.25,0,51
226.5,64,62,0.25,0,51
226.5,67,64,0.5,0,51
226.75,57,58,0.25,0,51
227,45,51,1.5,1,51
227,66,63,0.25,0,51
227,69,65,0.5,0,51
227.25,57,58,0.25,0,51
227.5,64,62,0.25,0,51
227.5,67,64,0.5,0,51
227.75,57,58,0.25,0,51
228,62,61,2.5,0,52
228,66,63,2.5,0,52
228.25,57,58,0.25,0,52
228.5,46,51,0.5,1,52
228.75,58,58,0.25,0,52
229,47,52,0.5,1,52
229.25,59,59,0.25,0,52
229.5,42,49,0.5,1,52
229.75,54,56,0.25,0,52
230,43,50,0.5,1,53
230.25,55,57,0.25,0,53
230.5,44,50,0.5,1,53
230.5,62,61,0.25,0,53
230.5,64,62,0.5,0,53
230.75,56,57,0.25,0,53
231,45,51,1.5,1,53
231,62,61,0.25,0,53
231,64,62,0.5,0,53
231.25,57,58,0.25,0,53
231.5,61,60,0.25,0,53
231.5,67,64,0.5,0,53
231.75,57,58,0.25,0,53
232,62,61,2.5,0,54
232,66,63,2.5,0,54
232.25,57,58,0.25,0,54
232.5,46,51,0.5,1,54
232.75,58,58,0.25,0,54
233,47,52,0.5,1,54
233.25,59,59,0.25,0,54
233.5,42,49,0.5,1,54
233.75,54,56,0.25,0,54
234,43,50,0.5,1,55
234.25,55,57,0.25,0,55
234.5,44,50,0.5,1,55
234.5,62,61,0.25,0,55
234.5,64,62,0.5,0,55
234.75,56,57,0.25,0,55
235,45,51,1.5,1,55
235,62,61,0.25,0,55
235,64,62,0.5,0,55
235.25,57,58,0.25,0,55
235.5,61,60,0.25,0,55
235.5,67,64,0.5,0,55
235.75,57,58,0.25,0,55
236,62,61,2.5,0,56
236,66,63,2.5,0,56
236.25,57,58,0.25,0,56
236.5,46,51,0.5,1,56
236.75,58,58,0.25,0,56
237,47,52,0.5,1,56
237.25,59,59,0.25,0,56
237.5,48,53,0.5,1,56
237.75,60,60,0.25,0,56
238,47,52,0.5,1,57
238.25,59,59,0.25,0,57
238.5,43,50,0.5,1,57
238.5,64,62,0.25,0,57
238.5,67,64,0.5,0,57
238.75,59,59,0.25,0,57
239,45,51,0.5,1,57
239,62,61,0.25,0,57
239,66,63,0.5,0,57
239.25,57,58,0.25,0,57
239.5,33,44,0.5,1,57
239.5,61,60,0.25,0,57
239.5,64,62,0.5,0,57
239.75,55,57,0.25,0,57
240,38,47,4,1,58
240,54,56,0.25,0,58
240,62,61,1.5,0,58
240.25,57,58,0.25,0,58
240.5,54,56,0.25,0,58
240.75,57,58,0.25,0,58
241,54,56,0.25,0,58
241.25,57,58,0.25,0,58
241.5,50,54,0.5,1,58
241.5,55,57,0.25,0,58
241.5,64,62,0.5,0,58
241.75,61,60,0.25,0,58
242,50,54,1.5,1,59
242,57,58,0.25,0,59
242,66,63,1.5,0,59
242.25,62,61,0.25,0,59
242.5,57,58,0.25,0,59
242.75,62,61,0.25,0,59
243,57,58,0.25,0,59
243.25,62,61,0.25,0,59
243.5,50,54,0.5,1,59
243.5,55,57,0.25,0,59
243.5,64,62,0.5,0,59
243.75,61,60,0.25,0,59
244,50,54,1.5,1,60
244,54,56,0.25,1,60
244,62,61,1.5,0,60
244.25,57,58,0.25,1,60
244.5,54,56,0.25,1,60
244.75,57,58,0.25,1,60
245,54,56,0.25,1,60
245.25,57,58,0.25,1,60
245.5,50,54,1,1,60
245.5,55,57,0.25,1,60
245.5,64,62,0.5,0,60
245.5,73,67,0.5,0,60
245.75,57,58,0.25,1,60
246,54,56,0.25,1,61
246,62,61,0.5,0,61
246,74,68,0.5,0,61
246.25,57,58,0.25,1,61
246.5,50,54,1,1,61
246.5,55,57,0.25,1,61
246.5,64,62,0.5,0,61
246.5,73,67,0.5,0,61
246.75,57,58,0.25,1,61
247,54,56,0.25,1,61
247,62,61,0.5,0,61
247,74,68,0.5,0,61
247.25,57,58,0.25,1,61
247.5,50,54,0.5,1,61
247.5,55,57,0.25,1,61
247.5,64,62,0.25,0,61
247.5,73,67,0.25,0,61
247.75,57,58,0.25,1,61
248,50,54,2.5,1,62
248,57,58,2.5,1,62
248,61,60,2,1,62
248,67,64,2,0,62
248,76,69,2,0,62
250,62,61,0.5,1,63
250,66,63,0.5,0,63
250,74,68,0.5,0,63
251.25,62,61,0.25,0,63
251.5,74,68,0.25,0,63
251.75,69,65,0.25,0,63
252,70,66,0.25,0,64
252.25,66,63,0.25,0,64
252.5,43,50,1.5,1,64
252.5,67,64,0.75,0,64
252.75,46,52,1.25,1,64
253,50,54,1,1,64
253.25,62,61,0.25,0,64
253.5,74,68,0.25,0,64
253.75,69,65,0.25,0,64
254,70,66,0.25,0,65
254.25,66,63,0.25,0,65
254.5,55,57,1.5,1,65
254.5,67,64,0.75,0,65
254.75,58,59,1.25,1,65
255,62,61,1,1,65
255.25,67,64,0.25,0,65
255.5,79,71,0.25,0,65
255.75,74,68,0.25,0,65
256,75,69,0.25,0,66
256.25,71,66,0.25,0,66
256.5,43,50,1.5,1,66
256.5,72,67,0.75,0,66
256.75,48,53,1.25,1,66
257,51,55,1,1,66
257.25,67,64,0.25,0,66
257.5,79,71,0.25,0,66
257.75,74,68,0.25,0,66
258,75,69,0.25,0,67
258.25,71,66,0.25,0,67
258.5,55,57,2,1,67
258.5,72,67,0.75,0,67
258.75,60,60,2,1,67
259,63,62,1.5,1,67
259.25,86,75,0.25,0,67
259.5,87,76,0.25,0,67
259.75,83,73,0.25,0,67
260,84,74,0.5,0,68
260.5,54,56,2,1,68
260.75,60,60,2,1,68
261,63,62,1.5,1,68
261.25,74,68,0.25,0,68
261.5,75,69,0.25,0,68
261.75,71,66,0.25,0,68
262,72,67,0.5,0,69
262.5,53,56,1.75,1,69
262.75,60,60,1.5,1,69
263,63,62,1.25,1,69
263.25,86,75,0.25,0,69
263.5,87,76,0.25,0,69
263.75,83,73,0.25,0,69
264,84,74,0.5,0,70
264.25,53,56,0.25,1,70
264.5,63,62,0.25,1,70
264.75,59,59,0.25,1,70
265,60,60,0.25,1,70
265.25,56,57,0.25,1,70
265.25,65,63,0.25,0,70
265.5,57,58,0.75,1,70
265.5,75,69,0.25,0,70
265.75,71,66,0.25,0,70
266,72,67,0.25,0,71
266.25,53,56,0.25,1,71
266.25,68,64,0.25,0,71
266.5,63,62,0.25,1,71
266.5,69,65,0.75,0,71
266.75,59,59,0.25,1,71
267,60,60,0.25,1,71
267.25,56,57,0.25,1,71
267.25,65,63,0.25,0,71
267.5,57,58,0.75,1,71
267.5,75,69,0.25,0,71
267.75,71,66,0.25,0,71
268,72,67,0.25,0,72
268.25,53,56,0.25,1,72
268.25,68,64,0.25,0,72
268.5,63,62,0.25,1,72
268.5,69,65,0.5,0,72
268.75,59,59,0.25,1,72
269,60,60,0.25,1,72
269.25,56,57,0.25,1,72
269.5,57,58,0.25,1,72
269.75,52,55,0.25,1,72
270,53,56,0.25,1,73
270.25,54,56,0.25,1,73
270.5,55,57,0.25,1,73
270.75,51,55,0.25,1,73
271,53,56,0.25,1,73
271.25,50,54,0.25,1,73
271.5,51,55,0.25,1,73
271.75,48,53,0.25,1,73
272,74,68,0.75,0,74
272,77,70,0.75,0,74
272.25,46,52,0.25,1,74
272.5,58,59,0.25,1,74
272.75,73,67,0.25,0,74
272.75,76,69,0.25,0,74
273,74,68,0.75,0,74
273,77,70,0.75,0,74
273.25,58,59,0.25,1,74
273.5,70,66,0.25,1,74
273.75,73,67,0.25,0,74
273.75,76,69,0.25,0,74
274,74,68,0.75,0,75
274,77,70,0.75,0,75
274.25,70,66,0.25,1,75
274.5,82,73,0.25,1,75
274.75,72,67,0.25,0,75
274.75,75,69,0.25,0,75
275,72,67,0.25,0,75
275,75,69,0.25,0,75
275.25,70,66,0.25,0,75
275.25,74,68,0.25,0,75
275.5,70,66,0.25,0,75
275.5,74,68,0.25,0,75
275.75,69,65,0.25,0,75
275.75,72,67,0.25,0,75
276,69,65,0.25,0,76
276,72,67,0.25,0,76
276.25,67,64,0.25,0,76
276.25,70,66,0.25,0,76
276.5,67,64,0.25,0,76
276.5,70,66,0.25,0,76
276.75,65,63,0.25,0,76
276.75,69,65,0.25,0,76
277,65,63,0.25,0,76
277,69,65,0.25,0,76
277.25,63,62,0.25,0,76
277.25,67,64,0.25,0,76
277.5,63,62,0.25,0,76
277.5,67,64,0.25,0,76
277.75,62,61,0.25,0,76
277.75,65,63,0.25,0,76
278,59,59,1,0,77
278,62,61,1,0,77
278.5,41,49,0.5,1,77
279,41,49,0.5,1,77
279,60,60,0.5,0,77
279,63,62,0.5,0,77
279.5,41,49,0.5,1,77
280,72,67,0.75,0,78
280,75,69,0.75,0,78
280.25,41,49,0.25,1,78
280.5,53,56,0.25,1,78
280.75,71,66,0.25,0,78
280.75,74,68,0.25,0,78
281,72,67,0.75,0,78
281,75,69,0.75,0,78
281.25,53,56,0.25,1,78
281.5,65,63,0.25,1,78
281.75,71,66,0.25,0,78
281.75,74,68,0.25,0,78
282,72,67,0.75,0,79
282,75,69,0.75,0,79
282.25,54,56,0.25,1,79
282.5,66,63,0.25,1,79
282.75,71,66,0.25,0,79
282.75,74,68,0.25,0,79
283,72,67,0.75,0,79
283,75,68,0.75,0,79
283.25,54,56,0.25,1,79
283.5,66,63,0.25,1,79
283.75,71,66,0.25,0,79
283.75,74,68,0.25,0,79
284,72,67,0.75,0,80
284,75,69,0.75,0,80
284.25,55,57,0.25,1,80
284.5,67,64,0.25,1,80
284.75,71,66,0.25,0,80
284.75,74,68,0.25,0,80
285,72,67,0.75,0,80
285,75,69,0.75,0,80
285.25,55,57,0.25,1,80
285.5,67,64,0.25,1,80
285.75,71,66,0.25,0,80
285.75,74,68,0.25,0,80
286,44,51,1.25,1,81
286,56,58,1.25,1,81
286,75,69,0.16667,0,81
286.16667,72,67,0.16667,0,81
286.33333,63,62,0.16667,0,81
286.5,75,69,0.16667,0,81
286.66667,72,67,0.16667,0,81
286.83333,63,62,0.16667,0,81
287,75,69,0.16667,0,81
287.16667,72,67,0.16667,0,81
287.25,50,54,0.25,1,81
287.33333,63,62,0.16667,0,81
287.5,51,55,0.25,1,81
287.5,75,69,0.16667,0,81
287.66667,72,67,0.16667,0,81
287.75,47,52,0.25,1,81
287.83333,63,62,0.16667,0,81
288,48,53,0.25,1,82
288,75,69,0.16667,0,82
288.16667,72,67,0.16667,0,82
288.25,43,50,0.25,1,82
288.33333,63,62,0.16667,0,82
288.5,44,51,0.75,1,82
288.5,75,69,0.16667,0,82
288.66667,72,67,0.16667,0,82
288.83333,63,62,0.16667,0,82
289,75,69,0.16667,0,82
289.16667,72,67,0.16667,0,82
289.25,50,54,0.25,1,82
289.33333,63,62,0.16667,0,82
289.5,51,55,0.25,1,82
289.5,75,69,0.16667,0,82
289.66667,72,67,0.16667,0,82
289.75,47,52,0.25,1,82
289.83333,63,62,0.16667,0,82
290,48,53,0.25,1,83
290,75,69,0.16667,0,83
290.16667,72,67,0.16667,0,83
290.25,43,50,0.25,1,83
290.33333,63,62,0.16667,0,83
290.5,44,51,0.75,1,83
290.5,75,69,0.16667,0,83
290.66667,72,67,0.16667,0,83
290.83333,63,62,0.16667,0,83
291,75,69,0.16667,0,83
291.16667,72,67,0.16667,0,83
291.25,48,53,0.25,1,83
291.33333,63,62,0.16667,0,83
291.5,44,51,0.25,1,83
291.5,75,69,0.16667,0,83
291.66667,72,67,0.16667,0,83
291.75,43,50,0.25,1,83
291.83333,63,62,0.16667,0,83
292,42,49,0.25,1,84
292,74,68,0.16667,0,84
292.16667,72,67,0.16667,0,84
292.25,38,47,0.25,1,84
292.33333,62,61,0.16667,0,84
292.5,42,49,0.25,1,84
292.5,74,68,0.16667,0,84
292.66667,72,67,0.16667,0,84
292.75,45,51,0.25,1,84
292.83333,62,61,0.16667,0,84
293,50,54,0.25,1,84
293,74,68,0.16667,0,84
293.16667,72,67,0.16667,0,84
293.25,52,55,0.25,1,84
293.33333,62,61,0.16667,0,84
293.5,54,56,0.25,1,84
293.5,74,68,0.16667,0,84
293.66667,72,67,0.16667,0,84
293.75,55,57,0.25,1,84
293.83333,62,61,0.16667,0,84
294,57,58,0.25,1,85
294,74,68,0.16667,0,85
294.16667,72,67,0.16667,0,85
294.25,55,57,0.25,1,85
294.33333,62,61,0.16667,0,85
294.5,54,56,0.25,1,85
294.5,74,68,0.16667,0,85
294.66667,72,67,0.16667,0,85
294.75,51,55,0.25,1,85
294.83333,62,61,0.16667,0,85
295,50,54,0.25,1,85
295,74,68,0.16667,0,85
295.16667,72,67,0.16667,0,85
295.25,48,53,0.25,1,85
295.33333,62,61,0.16667,0,85
295.5,46,52,0.25,1,85
295.5,74,68,0.16667,0,85
295.66667,72,67,0.16667,0,85
295.75,45,51,0.25,1,85
295.83333,62,61,0.16667,0,85
296,43,50,1.25,1,86
296,74,68,0.16667,0,86
296.16667,70,66,0.16667,0,86
296.33333,62,61,0.16667,0,86
296.5,74,68,0.16667,0,86
296.66667,70,66,0.16667,0,86
296.83333,67,64,0.16667,0,86
297,74,68,0.16667,0,86
297.16667,70,66,0.16667,0,86
297.25,61,60,0.25,1,86
297.33333,67,64,0.16667,0,86
297.5,62,61,0.25,1,86
297.5,74,68,0.16667,0,86
297.66667,70,66,0.16667,0,86
297.75,57,58,0.25,1,86
297.83333,67,64,0.16667,0,86
298,58,59,0.25,1,87
298,74,68,0.16667,0,87
298.16667,70,66,0.16667,0,87
298.25,54,56,0.25,1,87
298.33333,67,64,0.16667,0,87
298.5,55,57,0.75,1,87
298.5,74,68,0.16667,0,87
298.66667,70,66,0.16667,0,87
298.83333,67,64,0.16667,0,87
299,74,68,0.16667,0,87
299.16667,70,66,0.16667,0,87
299.25,61,60,0.25,1,87
299.33333,67,64,0.16667,0,87
299.5,62,61,0.25,1,87
299.5,74,68,0.16667,0,87
299.66667,70,66,0.16667,0,87
299.75,57,58,0.25,1,87
299.83333,67,64,0.16667,0,87
300,58,59,0.25,1,88
300,74,68,0.16667,0,88
300.16667,70,66,0.16667,0,88
300.25,54,56,0.25,1,88
300.33333,67,64,0.16667,0,88
300.5,55,57,0.75,1,88
300.5,74,68,0.16667,0,88
300.66667,70,66,0.16667,0,88
300.83333,67,64,0.16667,0,88
301,74,68,0.16667,0,88
301.16667,70,66,0.16667,0,88
301.25,58,59,0.25,1,88
301.33333,67,64,0.16667,0,88
301.5,55,57,0.25,1,88
301.5,74,68,0.16667,0,88
301.66667,70,66,0.16667,0,88
301.75,53,56,0.25,1,88
301.83333,67,64,0.16667,0,88
302,52,55,0.25,1,89
302,72,67,0.16667,0,89
302.16667,70,66,0.16667,0,89
302.25,48,53,0.25,1,89
302.33333,67,64,0.16667,0,89
302.5,52,55,0.25,1,89
302.5,72,67,0.16667,0,89
302.66667,70,66,0.16667,0,89
302.75,55,57,0.25,1,89
302.83333,67,64,0.16667,0,89
303,60,60,0.25,1,89
303,72,67,0.16667,0,89
303.16667,70,66,0.16667,0,89
303.25,62,61,0.25,1,89
303.33333,67,64,0.16667,0,89
303.5,64,62,0.25,1,89
303.5,72,67,0.16667,0,89
303.66667,70,66,0.16667,0,89
303.75,65,63,0.25,1,89
303.83333,67,64,0.16667,0,89
304,67,64,0.25,1,90
304,72,67,0.16667,0,90
304.16667,70,66,0.16667,0,90
304.25,65,63,0.25,1,90
304.33333,67,64,0.16667,0,90
304.5,64,62,0.25,1,90
304.5,76,69,0.16667,0,90
304.66667,70,66,0.16667,0,90
304.75,61,61,0.25,1,90
304.83333,67,64,0.16667,0,90
305,60,60,0.25,1,90
305,76,69,0.16667,0,90
305.16667,70,66,0.16667,0,90
305.25,58,59,0.25,1,90
305.33333,67,64,0.16667,0,90
305.5,56,58,0.25,1,90
305.5,76,69,0.16667,0,90
305.66667,70,66,0.16667,0,90
305.75,55,57,0.25,1,90
305.83333,67,64,0.16667,0,90
306,53,56,0.25,1,91
306,77,70,0.16667,0,91
306.16667,68,65,0.16667,0,91
306.25,41,49,0.25,1,91
306.33333,65,63,0.16667,0,91
306.5,44,51,0.25,1,91
306.5,77,70,0.16667,0,91
306.66667,68,65,0.16667,0,91
306.75,48,53,0.25,1,91
306.83333,65,63,0.16667,0,91
307,53,56,0.25,1,91
307,77,70,0.16667,0,91
307.16667,68,65,0.16667,0,91
307.25,55,57,0.25,1,91
307.33333,65,63,0.16667,0,91
307.5,56,58,0.25,1,91
307.5,77,70,0.16667,0,91
307.66667,68,65,0.16667,0,91
307.75,58,59,0.25,1,91
307.83333,65,63,0.16667,0,91
308,60,60,0.25,1,92
308,77,70,0.16667,0,92
308.16667,69,65,0.16667,0,92
308.25,58,59,0.25,1,92
308.33333,65,63,0.16667,0,92
308.5,57,58,0.25,1,92
308.5,75,69,0.16667,0,92
308.66667,69,65,0.16667,0,92
308.75,55,57,0.25,1,92
308.83333,65,63,0.16667,0,92
309,53,56,0.25,1,92
309,75,69,0.16667,0,92
309.16667,69,65,0.16667,0,92
309.25,51,55,0.25,1,92
309.33333,65,63,0.16667,0,92
309.5,50,54,0.25,1,92
309.5,75,69,0.16667,0,92
309.66667,69,65,0.16667,0,92
309.75,48,53,0.25,1,92
309.83333,65,63,0.16667,0,92
310,46,52,0.25,1,93
310,75,69,0.16667,0,93
310.16667,70,66,0.16667,0,93
310.25,34,45,0.25,1,93
310.33333,65,63,0.16667,0,93
310.5,38,47,0.25,1,93
310.5,74,68,0.16667,0,93
310.66667,70,66,0.16667,0,93
310.75,41,49,0.25,1,93
310.83333,65,63,0.16667,0,93
311,46,52,0.25,1,93
311,74,68,0.16667,0,93
311.16667,70,66,0.16667,0,93
311.25,48,53,0.25,1,93
311.33333,65,63,0.16667,0,93
311.5,50,54,0.25,1,93
311.5,74,68,0.16667,0,93
311.66667,70,66,0.16667,0,93
311.75,51,55,0.25,1,93
311.83333,65,63,0.16667,0,93
312,53,56,0.25,1,94
312,74,68,0.16667,0,94
312.16667,70,66,0.16667,0,94
312.25,51,55,0.25,1,94
312.33333,65,63,0.16667,0,94
312.5,50,54,0.25,1,94
312.5,74,68,0.16667,0,94
312.66667,70,66,0.16667,0,94
312.75,48,53,0.25,1,94
312.83333,65,63,0.16667,0,94
313,46,52,0.25,1,94
313,74,68,0.16667,0,94
313.16667,70,66,0.16667,0,94
313.25,48,53,0.25,1,94
313.33333,65,63,0.16667,0,94
313.5,50,54,0.25,1,94
313.5,74,68,0.16667,0,94
313.66667,70,66,0.16667,0,94
313.75,51,55,0.25,1,94
313.83333,65,63,0.16667,0,94
314,53,56,0.25,1,95
314,74,68,0.16667,0,95
314.16667,70,66,0.16667,0,95
314.25,51,55,0.25,1,95
314.33333,65,63,0.16667,0,95
314.5,50,54,0.25,1,95
314.5,77,70,0.16667,0,95
314.66667,74,68,0.16667,0,95
314.75,48,53,0.25,1,95
314.83333,70,66,0.16667,0,95
315,46,52,0.25,1,95
315,77,70,0.16667,0,95
315.16667,74,68,0.16667,0,95
315.25,48,53,0.25,1,95
315.33333,70,66,0.16667,0,95
315.5,50,54,0.25,1,95
315.5,77,70,0.16667,0,95
315.66667,74,68,0.16667,0,95
315.75,51,55,0.25,1,95
315.83333,70,66,0.16667,0,95
316,53,56,0.25,1,96
316,77,70,0.16667,0,96
316.16667,74,68,0.16667,0,96
316.25,51,55,0.25,1,96
316.33333,70,66,0.16667,0,96
316.5,50,54,0.25,1,96
316.5,80,72,0.16667,0,96
316.66667,74,68,0.16667,0,96
316.75,48,53,0.25,1,96
316.83333,70,66,0.16667,0,96
317,46,52,0.25,1,96
317,80,72,0.16667,0,96
317.16667,74,68,0.16667,0,96
317.25,48,53,0.25,1,96
317.33333,70,66,0.16667,0,96
317.5,50,54,0.25,1,96
317.5,80,72,0.16667,0,96
317.66667,74,68,0.16667,0,96
317.75,51,55,0.25,1,96
317.83333,70,66,0.16667,0,96
318,53,56,0.25,1,97
318,80,72,0.16667,0,97
318.16667,74,68,0.16667,0,97
318.25,55,57,0.25,1,97
318.33333,70,66,0.16667,0,97
318.5,46,52,0.5,1,97
318.5,56,58,0.25,1,97
318.5,77,70,0.16667,0,97
318.66667,74,68,0.16667,0,97
318.75,55,57,0.25,1,97
318.83333,70,66,0.16667,0,97
319,46,52,0.5,1,97
319,56,58,0.25,1,97
319,77,70,0.16667,0,97
319.16667,74,68,0.16667,0,97
319.25,55,57,0.25,1,97
319.33333,70,66,0.16667,0,97
319.5,46,52,0.5,1,97
319.5,56,58,0.25,1,97
319.5,77,70,0.16667,0,97
319.66667,74,68,0.16667,0,97
319.75,55,57,0.25,1,97
319.83333,70,66,0.16667,0,97
320,46,52,1,1,98
320,56,58,1,1,98
320,70,66,1,0,98
320,74,68,1,0,98
320,77,70,1,0,98
321.25,70,66,0.25,0,98
321.5,82,73,0.25,0,98
321.75,78,70,0.25,0,98
322,79,71,0.25,0,99
322.25,74,68,0.25,0,99
322.5,51,55,1.5,1,99
322.5,75,69,0.75,0,99
322.75,55,57,1.25,1,99
323,58,59,1,1,99
323.25,70,66,0.25,0,99
323.5,82,73,0.25,0,99
323.75,78,70,0.25,0,99
324,79,71,0.25,0,100
324.25,74,68,0.25,0,100
324.5,63,62,1.5,1,100
324.5,75,69,0.75,0,100
324.75,67,64,1.25,1,100
325,70,66,1,1,100
325.25,72,67,0.25,0,100
325.5,84,74,0.25,0,100
325.75,79,71,0.25,0,100
326,80,72,0.25,0,101
326.25,76,69,0.25,0,101
326.5,51,55,1.5,1,101
326.5,77,70,0.75,0,101
326.75,56,58,1.25,1,101
327,60,60,1,1,101
327.25,72,67,0.25,0,101
327.5,84,74,0.25,0,101
327.75,79,71,0.25,0,101
328,80,72,0.25,0,102
328.25,76,69,0.25,0,102
328.5,63,62,1.5,1,102
328.5,77,70,0.75,0,102
328.75,68,65,1.25,1,102
329,72,67,1,1,102
329.25,77,70,0.25,0,102
329.5,89,77,0.25,0,102
329.75,89,77,0.25,0,102
330,89,77,0.75,0,103
330.25,62,61,0.25,1,103
330.5,65,63,0.25,1,103
330.75,70,66,0.25,1,103
330.75,87,76,0.25,0,103
331,86,75,0.25,0,103
331.25,58,59,0.25,1,103
331.25,84,74,0.25,0,103
331.5,62,61,0.25,1,103
331.5,82,73,0.25,0,103
331.75,65,63,0.25,1,103
331.75,80,72,0.25,0,103
332,79,71,0.75,0,104
332.25,59,59,0.25,1,104
332.5,62,61,0.25,1,104
332.75,67,64,0.25,1,104
332.75,77,70,0.25,0,104
333,75,69,0.25,0,104
333.25,60,60,0.25,1,104
333.25,74,68,0.25,0,104
333.5,63,62,0.25,1,104
333.5,72,67,0.25,0,104
333.75,55,57,0.25,1,104
333.75,70,66,0.25,0,104
334,69,65,0.75,0,105
334.25,54,56,0.25,1,105
334.5,57,58,0.25,1,105
334.75,62,61,0.25,1,105
334.75,67,64,0.25,0,105
335,66,63,0.25,0,105
335.25,50,54,0.25,1,105
335.25,63,62,0.25,0,105
335.5,54,56,0.25,1,105
335.5,62,61,0.25,0,105
335.75,57,58,0.25,1,105
335.75,60,60,0.25,0,105
336,58,59,0.75,0,106
336.25,43,50,0.25,1,106
336.5,46,52,0.25,1,106
336.75,50,54,0.25,1,106
336.75,57,58,0.25,0,106
337,55,57,0.25,0,106
337.25,39,48,0.25,1,106
337.25,57,58,0.25,0,106
337.5,51,55,0.25,1,106
337.5,58,59,0.25,0,106
337.75,51,55,0.25,1,106
337.75,61,60,0.25,0,106
338,38,47,0.5,1,107
338.125,62,61,0.125,0,107
338.25,64,62,0.125,0,107
338.375,66,63,0.125,0,107
338.5,50,54,3.5,1,107
338.5,67,64,0.125,0,107
338.625,69,65,0.125,0,107
338.75,71,66,0.125,0,107
338.875,73,67,0.125,0,107
339,74,68,0.125,0,107
339.125,76,69,0.125,0,107
339.25,78,70,0.125,0,107
339.375,79,71,0.125,0,107
339.5,60,60,0.5,1,107
339.5,81,72,0.125,0,107
339.625,74,68,0.125,0,107
339.75,76,69,0.125,0,107
339.875,78,70,0.125,0,107
340,58,59,0.5,1,108
340,79,71,0.125,0,108
340.125,81,72,0.125,0,108
340.25,82,73,0.125,0,108
340.375,84,74,0.125,0,108
340.5,54,56,0.5,1,108
340.5,86,75,0.125,0,108
340.625,87,76,0.125,0,108
340.75,86,75,0.125,0,108
340.875,84,74,0.125,0,108
341,55,57,0.5,1,108
341,82,73,0.125,0,108
341.125,84,74,0.125,0,108
341.25,82,73,0.125,0,108
341.375,81,72,0.125,0,108
341.5,61,60,0.5,1,108
341.5,79,71,0.125,0,108
341.625,82,73,0.125,0,108
341.75,81,72,0.125,0,108
341.875,79,71,0.125,0,108
342,50,54,4,1,109
342,78,70,0.125,0,109
342.125,62,61,0.125,0,109
342.25,64,62,0.125,0,109
342.375,66,63,0.125,0,109
342.5,62,61,1,1,109
342.5,67,64,0.125,0,109
342.625,69,65,0.125,0,109
342.75,71,66,0.125,0,109
342.875,73,67,0.125,0,109
343,74,68,0.125,0,109
343.125,76,69,0.125,0,109
343.25,78,70,0.125,0,109
343.375,79,71,0.125,0,109
343.5,60,60,0.5,1,109
343.5,81,72,0.125,0,109
343.625,74,68,0.125,0,109
343.75,76,69,0.125,0,109
343.875,78,70,0.125,0,109
344,58,59,0.5,1,110
344,79,71,0.125,0,110
344.125,81,72,0.125,0,110
344.25,82,73,0.125,0,110
344.375,84,74,0.125,0,110
344.5,54,56,0.5,1,110
344.5,86,75,0.125,0,110
344.625,87,76,0.125,0,110
344.75,86,75,0.125,0,110
344.875,84,74,0.125,0,110
345,55,57,0.5,1,110
345,82,73,0.125,0,110
345.125,84,74,0.125,0,110
345.25,82,73,0.125,0,110
345.375,81,72,0.125,0,110
345.5,61,60,0.5,1,110
345.5,79,71,0.125,0,110
345.625,82,73,0.125,0,110
345.75,81,72,0.125,0,110
345.875,79,71,0.125,0,110
346,50,54,4,1,111
346,78,70,0.125,0,111
346.125,62,61,0.125,0,111
346.25,64,62,0.125,0,111
346.375,66,63,0.125,0,111
346.5,62,61,1,1,111
346.5,67,64,0.125,0,111
346.625,69,65,0.125,0,111
346.75,71,66,0.125,0,111
346.875,73,67,0.125,0,111
347,74,68,0.125,0,111
347.125,76,69,0.125,0,111
347.25,78,70,0.125,0,111
347.375,79,71,0.125,0,111
347.5,60,60,0.5,1,111
347.5,81,72,0.125,0,111
347.625,74,68,0.125,0,111
347.75,76,69,0.125,0,111
347.875,78,70,0.125,0,111
348,58,59,0.5,1,112
348,79,71,0.125,0,112
348.125,81,72,0.125,0,112
348.25,82,73,0.125,0,112
348.375,84,74,0.125,0,112
348.5,54,56,0.5,1,112
348.5,86,75,0.125,0,112
348.625,87,76,0.125,0,112
348.75,86,75,0.125,0,112
348.875,84,74,0.125,0,112
349,55,57,0.5,1,112
349,82,73,0.125,0,112
349.125,84,74,0.125,0,112
349.25,82,73,0.125,0,112
349.375,81,72,0.125,0,112
349.5,61,60,0.5,1,112
349.5,79,71,0.125,0,112
349.625,82,73,0.125,0,112
349.75,81,72,0.125,0,112
349.875,79,71,0.125,0,112
350,50,54,4,1,113
350,62,61,0.5,1,113
350,78,70,0.125,0,113
350.125,81,72,0.125,0,113
350.25,79,71,0.125,0,113
350.375,78,70,0.125,0,113
350.5,61,60,0.5,1,113
350.5,79,71,0.125,0,113
350.625,82,73,0.125,0,113
350.75,81,72,0.125,0,113
350.875,79,71,0.125,0,113
351,62,61,0.5,1,113
351,78,70,0.125,0,113
351.125,81,72,0.125,0,113
351.25,79,71,0.125,0,113
351.375,78,70,0.125,0,113
351.5,61,60,0.5,1,113
351.5,79,71,0.125,0,113
351.625,82,73,0.125,0,113
351.75,81,72,0.125,0,113
351.875,79,71,0.125,0,113
352,62,61,0.5,1,114
352,78,70,0.125,0,114
352.125,81,72,0.125,0,114
352.25,79,71,0.125,0,114
352.375,78,70,0.125,0,114
352.5,61,60,0.5,1,114
352.5,79,71,0.125,0,114
352.625,82,73,0.125,0,114
352.75,81,72,0.125,0,114
352.875,79,71,0.125,0,114
353,62,61,0.5,1,114
353,78,70,0.125,0,114
353.125,81,72,0.125,0,114
353.25,79,71,0.125,0,114
353.375,78,70,0.125,0,114
353.5,61,60,0.5,1,114
353.5,79,71,0.125,0,114
353.625,82,73,0.125,0,114
353.75,81,72,0.125,0,114
353.875,79,71,0.125,0,114
354,62,61,0.16667,1,115
354,78,70,0.5,0,115
354.16667,66,63,0.16667,1,115
354.33333,69,65,0.16667,1,115
354.5,62,61,0.16667,1,115
354.66667,66,63,0.16667,1,115
354.83333,69,65,0.16667,1,115
355,62,61,0.16667,1,115
355.16667,66,63,0.16667,1,115
355.25,56,57,0.25,0,115
355.33333,69,65,0.16667,1,115
355.5,57,58,0.25,0,115
355.5,62,61,0.16667,1,115
355.66667,66,63,0.16667,1,115
355.75,53,55,0.25,0,115
355.83333,69,65,0.16667,1,115
356,54,56,0.5,0,116
356,62,61,0.16667,1,116
356.16667,66,63,0.16667,1,116
356.33333,69,65,0.16667,1,116
356.5,62,61,0.16667,1,116
356.66667,66,63,0.16667,1,116
356.83333,69,65,0.16667,1,116
357,62,61,0.16667,1,116
357.16667,66,63,0.16667,1,116
357.25,80,71,0.25,0,116
357.33333,69,65,0.16667,1,116
357.5,62,61,0.16667,1,116
357.5,81,72,0.25,0,116
357.66667,66,63,0.16667,1,116
357.75,77,71,0.25,0,116
357.83333,69,65,0.16667,1,116
358,62,61,0.16667,1,117
358,78,70,0.5,0,117
358.16667,69,65,0.16667,1,117
358.33333,72,67,0.16667,1,117
358.5,62,61,0.16667,1,117
358.66667,69,65,0.16667,1,117
358.83333,72,67,0.16667,1,117
359,62,61,0.16667,1,117
359.16667,69,65,0.16667,1,117
359.25,59,59,0.25,0,117
359.33333,72,67,0.16667,1,117
359.5,60,60,0.25,0,117
359.5,62,61,0.16667,1,117
359.66667,69,65,0.16667,1,117
359.75,56,57,0.25,0,117
359.83333,72,67,0.16667,1,117
360,57,58,0.5,0,118
360,62,61,0.16667,1,118
360.16667,69,65,0.16667,1,118
360.33333,72,67,0.16667,1,118
360.5,62,61,0.16667,1,118
360.66667,69,65,0.16667,1,118
360.83333,72,67,0.16667,1,118
361,62,61,0.16667,1,118
361.16667,69,65,0.16667,1,118
361.25,83,73,0.25,0,118
361.33333,72,67,0.16667,1,118
361.5,62,61,0.16667,1,118
361.5,84,74,0.25,0,118
361.66667,69,65,0.16667,1,118
361.75,80,71,0.25,0,118
361.83333,72,67,0.16667,1,118
362,62,61,0.16667,1,119
362,81,72,0.25,0,119
362.16667,69,65,0.16667,1,119
362.25,59,59,0.25,0,119
362.33333,72,67,0.16667,1,119
362.5,60,60,0.25,0,119
362.5,62,61,0.16667,1,119
362.66667,69,65,0.16667,1,119
362.75,56,57,0.25,0,119
362.83333,72,67,0.16667,1,119
363,57,58,0.25,0,119
363,62,61,0.16667,1,119
363.16667,69,65,0.16667,1,119
363.25,83,73,0.25,0,119
363.33333,72,67,0.16667,1,119
363.5,62,61,0.16667,1,119
363.5,84,74,0.25,0,119
363.66667,69,65,0.16667,1,119
363.75,80,71,0.25,0,119
363.83333,72,67,0.16667,1,119
364,62,61,0.16667,1,120
364,81,72,0.25,0,120
364.16667,69,65,0.16667,1,120
364.25,59,59,0.25,0,120
364.33333,72,67,0.16667,1,120
364.5,60,60,0.25,0,120
364.5,62,61,0.16667,1,120
364.66667,69,65,0.16667,1,120
364.75,56,57,0.25,0,120
364.83333,72,67,0.16667,1,120
365,57,58,0.25,0,120
365,62,61,0.16667,1,120
365.16667,69,65,0.16667,1,120
365.25,83,73,0.25,0,120
365.33333,72,67,0.16667,1,120
365.5,62,61,0.16667,1,120
365.5,84,74,0.25,0,120
365.66667,69,65,0.16667,1,120
365.75,80,71,0.25,0,120
365.83333,72,67,0.16667,1,120
366,62,61,0.5,1,121
366,69,65,0.5,1,121
366,72,67,0.5,1,121
366,81,72,0.25,0,121
366.25,87,75,0.25,0,121
366.5,88,76,0.25,0,121
366.75,83,73,0.25,0,121
367,84,74,0.25,0,121
367.25,87,75,0.25,0,121
367.5,88,76,0.25,0,121
367.75,83,73,0.25,0,121
368,84,74,0.25,0,122
368.25,87,75,0.25,0,122
368.5,88,76,0.25,0,122
368.75,83,73,0.25,0,122
369,84,74,0.25,0,122
369.25,80,71,0.25,0,122
369.5,81,72,0.25,0,122
369.75,77,69,0.25,0,122
370,78,70,0.25,0,123
370.25,75,68,0.25,0,123
370.5,76,69,0.25,0,123
370.75,71,66,0.25,0,123
371,72,67,0.25,0,123
371.25,68,64,0.25,0,123
371.5,69,65,0.25,0,123
371.75,70,66,0.25,0,123
372,71,66,0.25,0,124
372.25,72,67,0.25,0,124
372.5,73,67,0.75,0,124
373.25,62,61,0.25,0,124
373.5,74,68,0.25,0,124
373.75,70,65,0.25,0,124
374,71,66,0.25,0,125
374.25,66,63,0.25,0,125
374.5,43,50,1.5,1,125
374.5,67,64,0.75,0,125
374.75,47,52,1.25,1,125
375,50,54,1,1,125
375.25,62,61,0.25,0,125
375.5,74,68,0.25,0,125
375.75,70,65,0.25,0,125
376,71,66,0.25,0,126
376.25,66,63,0.25,0,126
376.5,55,57,1.5,1,126
376.5,67,64,0.75,0,126
376.75,59,59,1.25,1,126
377,62,61,1,1,126
377.25,64,62,0.25,0,126
377.5,76,69,0.25,0,126
377.75,71,66,0.25,0,126
378,72,67,0.25,0,127
378.25,68,64,0.25,0,127
378.5,43,50,1.5,1,127
378.5,69,65,0.75,0,127
378.75,48,53,1.25,1,127
379,52,55,1,1,127
379.25,64,62,0.25,0,127
379.5,76,69,0.25,0,127
379.75,71,66,0.25,0,127
380,72,67,0.25,0,128
380.25,68,64,0.25,0,128
380.5,55,57,1.5,1,128
380.5,69,65,0.75,0,128
380.75,60,60,1.25,1,128
381,64,62,1,1,128
381.25,69,65,0.25,0,128
381.5,84,74,0.25,0,128
381.75,83,73,0.25,0,128
382,81,72,0.75,0,129
382.25,54,56,0.25,1,129
382.5,57,58,0.25,1,129
382.75,62,61,0.25,1,129
382.75,79,71,0.25,0,129
383,78,70,0.25,0,129
383.25,50,54,0.25,1,129
383.25,76,69,0.25,0,129
383.5,57,58,0.25,1,129
383.5,74,68,0.25,0,129
383.75,60,60,0.25,1,129
383.75,72,67,0.25,0,129
384,72,67,0.25,0,130
384.25,55,57,0.25,1,130
384.25,71,66,0.5,0,130
384.5,59,59,0.25,1,130
384.75,62,61,0.25,1,130
384.75,79,71,0.25,0,130
385,79,71,0.25,0,130
385.25,48,53,0.25,1,130
385.25,69,65,0.5,0,130
385.5,52,55,0.25,1,130
385.75,57,58,0.25,1,130
385.75,76,69,0.25,0,130
386,76,69,0.25,0,131
386.25,50,54,0.25,1,131
386.25,67,64,0.5,0,131
386.5,55,57,0.25,1,131
386.75,59,59,0.25,1,131
386.75,74,68,0.25,0,131
387,74,68,0.25,0,131
387.25,38,47,0.25,1,131
387.25,60,60,0.5,0,131
387.5,45,51,0.25,1,131
387.75,50,54,0.25,1,131
387.75,66,63,0.25,0,131
388,43,50,0.25,1,132
388,59,59,1,0,132
388,67,64,1,0,132
388.25,47,52,0.25,1,132
388.5,50,54,0.25,1,132
388.75,47,52,0.25,1,132
389,43,50,0.25,1,132
389.25,47,52,0.25,1,132
389.5,50,54,0.25,1,132
389.5,74,68,0.5,0,132
389.75,47,52,0.25,1,132
390,43,50,0.25,1,133
390,74,68,0.5,0,133
390.25,47,52,0.25,1,133
390.5,50,54,0.25,1,133
390.5,74,68,0.5,0,133
390.75,47,52,0.25,1,133
391,43,50,0.25,1,133
391,74,68,0.5,0,133
391.25,47,52,0.25,1,133
391.5,50,54,0.25,1,133
391.5,74,68,0.5,0,133
391.75,47,52,0.25,1,133
392,45,51,0.25,1,134
392,76,69,1,0,134
392.25,48,53,0.25,1,134
392.5,54,56,0.25,1,134
392.75,48,53,0.25,1,134
393,45,51,0.25,1,134
393,74,68,0.5,0,134
393.25,48,53,0.25,1,134
393.5,54,56,0.25,1,134
393.75,48,53,0.25,1,134
394,45,51,0.25,1,135
394.25,48,53,0.25,1,135
394.5,54,56,0.25,1,135
394.75,48,53,0.25,1,135
394.75,74,68,0.25,0,135
395,45,51,0.25,1,135
395,74,68,0.25,0,135
395.25,48,53,0.25,1,135
395.25,74,68,0.25,0,135
395.5,54,56,0.25,1,135
395.5,74,68,0.25,0,135
395.75,48,53,0.25,1,135
395.75,74,68,0.25,0,135
396,47,52,0.25,1,136
396,76,69,1,0,136
396.25,50,54,0.25,1,136
396.5,55,57,0.25,1,136
396.75,50,54,0.25,1,136
397,47,52,0.25,1,136
397,74,68,0.5,0,136
397.25,50,54,0.25,1,136
397.5,55,57,0.25,1,136
397.75,50,54,0.25,1,136
398,47,52,0.25,1,137
398.25,53,56,0.25,1,137
398.5,55,57,0.25,1,137
398.5,79,71,0.5,0,137
398.75,53,56,0.25,1,137
399,47,52,0.25,1,137
399,79,71,0.25,0,137
399.25,53,56,0.25,1,137
399.5,55,57,0.25,1,137
399.5,79,71,0.5,0,137
399.75,53,56,0.25,1,137
400,48,53,0.25,1,138
400,81,72,1,0,138
400.25,52,55,0.25,1,138
400.5,55,57,0.25,1,138
400.75,52,55,0.25,1,138
401,48,53,0.25,1,138
401,79,71,0.5,0,138
401.25,52,55,0.25,1,138
401.5,55,57,0.25,1,138
401.75,52,55,0.25,1,138
402,50,54,0.25,1,139
402.25,53,56,0.25,1,139
402.5,59,59,0.25,1,139
402.75,53,56,0.25,1,139
402.75,79,71,0.25,0,139
403,50,54,0.25,1,139
403,79,71,0.25,0,139
403.25,53,56,0.25,1,139
403.25,79,71,0.25,0,139
403.5,59,59,0.25,1,139
403.5,79,71,0.25,0,139
403.75,53,56,0.25,1,139
403.75,79,71,0.25,0,139
404,52,55,0.25,1,140
404,81,72,0.5,0,140
404.25,55,57,0.25,1,140
404.5,60,60,0.25,1,140
404.5,79,71,0.75,0,140
404.75,55,57,0.25,1,140
405,52,55,0.25,1,140
405.25,55,57,0.25,1,140
405.25,81,72,0.125,0,140
405.375,79,71,0.125,0,140
405.5,60,60,0.25,1,140
405.5,77,70,0.25,0,140
405.75,55,57,0.25,1,140
405.75,76,69,0.25,0,140
406,53,56,0.25,1,141
406,76,69,0.5,0,141
406.25,57,58,0.25,1,141
406.5,62,61,0.25,1,141
406.5,74,68,1,0,141
406.75,57,58,0.25,1,141
407,54,56,0.25,1,141
407.25,57,58,0.25,1,141
407.5,62,61,0.25,1,141
407.5,72,67,0.5,0,141
407.75,57,58,0.25,1,141
408,55,57,0.25,1,142
408,72,67,0.5,0,142
408.25,59,59,0.25,1,142
408.5,62,61,0.25,1,142
408.5,71,66,1,0,142
408.75,59,59,0.25,1,142
409,55,57,0.25,1,142
409.25,59,59,0.25,1,142
409.5,64,62,0.25,1,142
409.5,79,71,0.5,0,142
409.75,59,59,0.25,1,142
410,57,58,0.25,1,143
410,79,71,0.5,0,143
410.25,60,60,0.25,1,143
410.5,64,62,0.25,1,143
410.5,78,70,1,0,143
410.75,60,60,0.25,1,143
411,57,58,0.25,1,143
411.25,60,60,0.25,1,143
411.5,66,63,0.25,1,143
411.5,76,69,0.5,0,143
411.75,60,60,0.25,1,143
412,59,59,0.25,1,144
412,76,69,0.5,0,144
412.25,62,61,0.25,1,144
412.5,66,63,0.25,1,144
412.5,74,68,1,0,144
412.75,62,61,0.25,1,144
413,59,59,0.25,1,144
413.25,62,61,0.25,1,144
413.5,67,64,0.25,1,144
413.5,83,73,0.5,0,144
413.75,62,61,0.25,1,144
414,60,60,0.25,1,145
414,83,73,0.5,0,145
414.25,64,62,0.25,1,145
414.5,69,65,0.25,1,145
414.5,81,72,1,0,145
414.75,64,62,0.25,1,145
415,61,60,0.25,1,145
415.25,64,62,0.25,1,145
415.5,69,65,0.25,1,145
415.5,79,71,0.5,0,145
415.75,64,62,0.25,1,145
416,62,61,0.25,1,146
416,79,71,0.5,0,146
416.25,69,65,0.25,1,146
416.5,74,68,0.25,1,146
416.5,78,70,1,0,146
416.75,69,65,0.25,1,146
417,62,61,0.25,1,146
417.25,67,64,0.25,1,146
417.5,73,67,0.25,1,146
417.5,76,69,0.5,0,146
417.75,67,64,0.25,1,146
418,62,61,0.25,1,147
418,76,69,0.5,0,147
418.25,66,63,0.25,1,147
418.5,69,65,0.25,1,147
418.5,74,68,0.5,0,147
418.75,66,63,0.25,1,147
419,62,61,0.25,1,147
419.16667,79,71,0.16667,0,147
419.25,69,65,0.25,1,147
419.33333,81,72,0.16667,0,147
419.5,73,67,0.25,1,147
419.5,83,73,0.16667,0,147
419.66667,81,72,0.16667,0,147
419.75,69,65,0.25,1,147
419.83333,79,71,0.16667,0,147
420,62,61,0.25,1,148
420,79,71,0.5,0,148
420.25,69,65,0.25,1,148
420.5,74,68,0.25,1,148
420.5,78,70,0.5,0,148
420.75,69,65,0.25,1,148
421,62,61,0.25,1,148
421.16667,76,69,0.16667,0,148
421.25,67,64,0.25,1,148
421.33333,78,70,0.16667,0,148
421.5,73,67,0.25,1,148
421.5,79,71,0.16667,0,148
421.66667,78,70,0.16667,0,148
421.75,67,64,0.25,1,148
421.83333,76,69,0.16667,0,148
422,62,61,0.25,1,149
422,76,69,0.5,0,149
422.25,66,63,0.25,1,149
422.5,69,65,0.25,1,149
422.5,74,68,0.5,0,149
422.75,66,63,0.25,1,149
423,62,61,0.25,1,149
423.16667,79,71,0.16667,0,149
423.25,69,65,0.25,1,149
423.33333,81,72,0.16667,0,149
423.5,73,67,0.25,1,149
423.5,83,73,0.16667,0,149
423.66667,81,72,0.16667,0,149
423.75,69,65,0.25,1,149
423.83333,79,71,0.16667,0,149
424,62,61,0.25,1,150
424,79,71,0.16667,0,150
424.16667,78,70,0.16667,0,150
424.25,69,65,0.25,1,150
424.33333,79,71,0.16667,0,150
424.5,74,68,0.25,1,150
424.5,81,72,0.16667,0,150
424.66667,79,71,0.16667,0,150
424.75,69,65,0.25,1,150
424.83333,78,70,0.16667,0,150
425,62,61,0.25,1,150
425,78,70,0.16667,0,150
425.16667,76,69,0.16667,0,150
425.25,67,64,0.25,1,150
425.33333,78,70,0.16667,0,150
425.5,73,67,0.25,1,150
425.5,79,71,0.16667,0,150
425.66667,78,70,0.16667,0,150
425.75,67,64,0.25,1,150
425.83333,76,69,0.16667,0,150
426,62,61,0.5,1,151
426,66,63,0.5,1,151
426,69,65,0.5,1,151
426,76,69,0.16667,0,151
426.16667,74,68,0.16667,0,151
426.33333,73,67,0.16667,0,151
426.5,74,68,0.16667,0,151
426.66667,76,69,0.16667,0,151
426.83333,78,70,0.16667,0,151
427,79,71,0.16667,0,151
427.16667,80,71,0.16667,0,151
427.33333,81,72,0.16667,0,151
427.5,82,73,0.125,0,151
427.625,83,73,0.125,0,151
427.75,84,74,0.125,0,151
427.875,85,74,0.125,0,151
428,86,75,0.5,0,152
428.5,86,75,0.5,0,152
429,86,75,0.5,0,152
429.5,86,75,0.5,0,152
430,83,73,0.75,0,153
430,86,75,0.75,0,153
430.25,43,50,0.25,1,153
430.5,55,57,0.25,1,153
430.75,82,72,0.25,0,153
430.75,85,74,0.25,0,153
431,83,73,0.75,0,153
431,86,75,0.75,0,153
431.25,55,57,0.25,1,153
431.5,67,64,0.25,1,153
431.75,82,72,0.25,0,153
431.75,85,74,0.25,0,153
432,83,73,0.75,0,154
432,86,75,0.75,0,154
432.25,67,64,0.25,1,154
432.5,79,71,0.25,1,154
432.75,81,72,0.25,0,154
432.75,84,74,0.25,0,154
433,81,72,0.25,0,154
433,84,74,0.25,0,154
433.25,79,71,0.25,0,154
433.25,83,73,0.25,0,154
433.5,79,71,0.25,0,154
433.5,83,73,0.25,0,154
433.75,78,70,0.25,0,154
433.75,81,72,0.25,0,154
434,78,70,0.25,0,155
434,81,72,0.25,0,155
434.25,76,69,0.25,0,155
434.25,79,71,0.25,0,155
434.5,76,69,0.25,0,155
434.5,79,71,0.25,0,155
434.75,74,68,0.25,0,155
434.75,78,70,0.25,0,155
435,74,68,0.25,0,155
435,78,70,0.25,0,155
435.25,72,67,0.25,0,155
435.25,76,69,0.25,0,155
435.5,72,67,0.25,0,155
435.5,76,69,0.25,0,155
435.75,71,66,0.25,0,155
435.75,74,68,0.25,0,155
436,68,64,1,0,156
436,71,66,1,0,156
436.5,38,47,0.5,1,156
437,38,47,0.5,1,156
437,69,65,0.5,0,156
437,72,67,0.5,0,156
437.5,38,47,0.5,1,156
438,81,72,0.75,0,157
438,84,74,0.75,0,157
438.25,38,47,0.25,1,157
438.5,50,54,0.25,1,157
438.75,80,71,0.25,0,157
438.75,83,73,0.25,0,157
439,81,72,0.75,0,157
439,84,74,0.75,0,157
439.25,50,54,0.25,1,157
439.5,62,61,0.25,1,157
439.75,80,71,0.25,0,157
439.75,83,73,0.25,0,157
440,81,72,0.75,0,158
440,84,74,0.75,0,158
440.25,62,61,0.25,1,158
440.5,74,68,0.25,1,158
440.75,79,71,0.25,0,158
440.75,83,73,0.25,0,158
441,79,71,0.25,0,158
441,83,73,0.25,0,158
441.25,78,70,0.25,0,158
441.25,81,72,0.25,0,158
441.5,78,70,0.25,0,158
441.5,81,72,0.25,0,158
441.75,76,69,0.25,0,158
441.75,79,71,0.25,0,158
442,76,69,0.25,0,159
442,79,71,0.25,0,159
442.25,74,68,0.25,0,159
442.25,78,70,0.25,0,159
442.5,74,68,0.25,0,159
442.5,78,70,0.25,0,159
442.75,72,67,0.25,0,159
442.75,76,69,0.25,0,159
443,72,67,0.25,0,159
443,76,69,0.25,0,159
443.25,71,66,0.25,0,159
443.25,74,68,0.25,0,159
443.5,71,66,0.25,0,159
443.5,74,68,0.25,0,159
443.75,69,65,0.25,0,159
443.75,72,67,0.25,0,159
444,67,64,0.5,0,160
444,71,66,0.5,0,160
444.25,62,61,0.25,1,160
444.5,55,57,0.25,1,160
444.5,71,66,0.5,0,160
444.5,76,69,0.5,0,160
444.75,62,61,0.25,1,160
445,54,56,0.25,1,160
445,69,65,0.5,0,160
445,74,68,0.5,0,160
445.25,62,61,0.25,1,160
445.5,50,54,0.25,1,160
445.5,66,63,0.5,0,160
445.5,72,67,0.5,0,160
445.75,62,61,0.25,1,160
446,67,64,0.5,0,161
446,71,66,0.5,0,161
446.25,62,61,0.25,1,161
446.5,55,57,0.25,1,161
446.5,71,66,0.5,0,161
446.5,76,69,0.5,0,161
446.75,62,61,0.25,1,161
447,54,56,0.25,1,161
447,69,65,0.5,0,161
447,74,68,0.5,0,161
447.25,62,61,0.25,1,161
447.5,50,54,0.25,1,161
447.5,66,63,0.5,0,161
447.5,72,67,0.5,0,161
447.75,62,61,0.25,1,161
448,55,57,1,1,162
448,71,66,0.5,0,162
448.25,67,64,0.25,0,162
448.5,71,66,0.25,0,162
448.5,76,69,0.5,0,162
448.75,67,64,0.25,0,162
449,57,58,1,1,162
449,66,63,0.25,0,162
449,74,68,0.5,0,162
449.25,69,65,0.25,0,162
449.5,64,62,0.25,0,162
449.5,73,67,0.5,0,162
449.75,67,64,0.25,0,162
450,50,54,0.5,1,163
450,66,63,0.25,0,163
450,74,68,0.5,0,163
450.25,62,61,0.25,0,163
450.5,69,65,0.25,1,163
450.5,72,67,0.25,1,163
450.75,62,61,0.25,1,163
451,67,64,0.25,1,163
451,71,66,0.25,1,163
451.25,62,61,0.25,1,163
451.5,66,63,0.25,1,163
451.5,69,65,0.25,1,163
451.75,62,61,0.25,1,163
452,67,64,0.25,1,164
452,71,66,0.25,1,164
452,83,73,0.5,0,164
452.25,62,61,0.25,1,164
452.5,67,64,0.25,1,164
452.5,71,66,0.25,1,164
452.5,76,69,0.5,0,164
452.5,88,76,0.5,0,164
452.75,62,61,0.25,1,164
453,66,63,0.25,1,164
453,69,65,0.25,1,164
453,74,68,0.5,0,164
453,86,75,0.5,0,164
453.25,62,61,0.25,1,164
453.5,69,65,0.25,1,164
453.5,72,67,0.25,1,164
453.5,78,70,0.5,0,164
453.5,84,74,0.5,0,164
453.75,62,61,0.25,1,164
454,67,64,0.25,1,165
454,71,66,0.25,1,165
454,83,73,0.5,0,165
454.25,62,61,0.25,1,165
454.5,67,64,0.25,1,165
454.5,71,66,0.25,1,165
454.5,76,69,0.5,0,165
454.5,88,76,0.5,0,165
454.75,62,61,0.25,1,165
455,66,63,0.25,1,165
455,69,65,0.25,1,165
455,74,68,0.5,0,165
455,86,75,0.5,0,165
455.25,62,61,0.25,1,165
455.5,69,65,0.25,1,165
455.5,72,67,0.25,1,165
455.5,78,70,0.5,0,165
455.5,84,74,0.5,0,165
455.75,62,61,0.25,1,165
456,67,64,0.25,1,166
456,79,71,0.5,0,166
456,83,73,0.5,0,166
456.25,71,66,0.25,1,166
456.5,69,65,0.25,1,166
456.5,79,71,1,0,166
456.75,72,67,0.25,1,166
457,71,66,0.25,1,166
457.25,74,68,0.25,1,166
457.5,72,67,0.25,1,166
457.5,79,71,1,0,166
457.75,76,69,0.25,1,166
458,74,68,0.25,1,167
458.25,77,70,0.25,1,167
458.5,73,67,0.25,1,167
458.5,79,71,0.5,0,167
458.75,76,69,0.25,1,167
459,74,68,0.25,1,167
459,79,71,0.5,0,167
459.25,77,70,0.25,1,167
459.5,71,66,0.25,1,167
459.5,79,71,0.5,0,167
459.75,75,68,0.25,1,167
460,72,67,0.5,1,168
460,76,69,0.125,0,168
460.125,78,70,0.125,0,168
460.25,76,69,0.125,0,168
460.375,75,68,0.125,0,168
460.5,76,69,0.125,0,168
460.625,78,70,0.125,0,168
460.75,79,71,0.125,0,168
460.875,78,70,0.125,0,168
461,60,60,0.5,1,168
461,64,62,0.5,1,168
461,67,64,0.5,1,168
461,76,69,0.125,0,168
461.125,78,70,0.125,0,168
461.25,76,69,0.125,0,168
461.375,75,68,0.125,0,168
461.5,76,69,0.125,0,168
461.625,78,70,0.125,0,168
461.75,79,71,0.125,0,168
461.875,78,70,0.125,0,168
462,61,60,0.5,1,169
462,64,62,0.5,1,169
462,67,64,0.5,1,169
462,70,66,0.5,1,169
462,79,71,0.125,0,169
462.125,81,72,0.125,0,169
462.25,79,71,0.125,0,169
462.375,78,70,0.125,0,169
462.5,79,71,0.125,0,169
462.625,81,72,0.125,0,169
462.75,82,73,0.125,0,169
462.875,81,72,0.125,0,169
463,61,60,0.5,1,169
463,64,62,0.5,1,169
463,67,64,0.5,1,169
463,70,66,0.5,1,169
463,79,71,0.125,0,169
463.125,81,72,0.125,0,169
463.25,79,71,0.125,0,169
463.375,78,70,0.125,0,169
463.5,79,71,0.125,0,169
463.625,81,72,0.125,0,169
463.75,82,73,0.125,0,169
463.875,81,72,0.125,0,169
464,62,61,0.5,1,170
464,67,64,0.5,1,170
464,71,66,0.5,1,170
464,79,71,0.125,0,170
464.125,81,72,0.125,0,170
464.25,79,71,0.125,0,170
464.375,78,70,0.125,0,170
464.5,79,71,0.125,0,170
464.625,81,72,0.125,0,170
464.75,83,73,0.125,0,170
464.875,81,72,0.125,0,170
465,79,71,0.125,0,170
465.125,78,70,0.125,0,170
465.25,76,69,0.125,0,170
465.375,74,68,0.125,0,170
465.5,72,67,0.125,0,170
465.625,71,66,0.125,0,170
465.75,69,65,0.125,0,170
465.875,67,64,0.125,0,170
466,50,54,2,1,171
466,62,61,1,1,171
466,67,64,1,0,171
466,71,66,1,0,171
467,60,60,1,1,171
467,66,63,1,0,171
467,69,65,1,0,171
468,55,57,0.5,1,172
468,59,59,0.5,1,172
468,67,64,0.125,0,172
468.125,69,65,0.125,0,172
468.25,71,66,0.125,0,172
468.375,72,67,0.125,0,172
468.5,74,68,0.125,0,172
468.625,72,67,0.125,0,172
468.75,71,66,0.125,0,172
468.875,69,65,0.125,0,172
469,67,64,0.125,0,172
469.125,66,63,0.125,0,172
469.25,64,62,0.125,0,172
469.375,62,61,0.125,0,172
469.5,60,60,0.125,0,172
469.625,59,59,0.125,0,172
469.75,57,58,0.125,0,172
469.875,55,57,0.125,0,172
470,38,47,2,1,173
470,50,54,1,1,173
470,55,57,1,0,173
470,59,59,1,0,173
471,48,53,1,1,173
471,54,56,1,0,173
471,57,58,1,0,173
472,43,50,0.5,1,174
472,47,52,0.5,1,174
472,55,57,0.25,0,174
472.25,50,54,0.25,0,174
472.5,55,57,0.25,0,174
472.5,59,59,0.25,0,174
472.75,50,54,0.25,0,174
473,57,58,0.25,0,174
473,60,60,0.25,0,174
473.25,50,54,0.25,0,174
473.5,58,58,0.25,0,174
473.5,61,60,0.25,0,174
473.75,50,54,0.25,0,174
474,59,59,2.5,0,175
474,62,61,2.5,0,175
474.25,50,54,0.5,0,175
474.5,31,43,0.5,1,175
474.75,50,54,0.5,0,175
475,35,45,0.5,1,175
475.25,50,54,0.5,0,175
475.5,38,47,0.5,1,175
475.75,50,54,0.5,0,175
476,43,50,2.5,1,176
476.25,50,54,0.25,0,176
476.5,55,57,0.25,0,176
476.5,59,59,0.5,0,176
476.75,50,54,0.25,0,176
477,60,60,0.25,0,176
477,64,62,0.5,0,176
477.25,50,54,0.25,0,176
477.5,59,59,0.25,0,176
477.5,62,61,0.5,0,176
477.75,50,54,0.25,0,176
478,57,58,2.5,0,177
478,60,60,2.5,0,177
478.25,50,54,0.5,0,177
478.5,43,50,0.5,1,177
478.75,50,54,0.5,0,177
479,42,49,0.5,1,177
479.25,50,54,0.5,0,177
479.5,40,48,0.5,1,177
479.75,50,54,0.5,0,177
480,42,49,1,1,178
480.25,50,54,0.25,0,178
480.5,57,58,0.25,0,178
480.5,60,60,0.5,0,178
480.75,50,54,0.25,0,178
481,38,47,1.5,1,178
481,59,59,0.25,0,178
481,62,61,0.5,0,178
481.25,50,54,0.25,0,178
481.5,57,58,0.25,0,178
481.5,60,60,0.5,0,178
481.75,50,54,0.25,0,178
482,55,57,2.5,0,179
482,59,59,2.5,0,179
482.25,50,54,0.25,0,179
482.5,39,47,0.5,1,179
482.75,51,54,0.25,0,179
483,40,48,0.5,1,179
483.25,52,55,0.25,0,179
483.5,35,45,0.5,1,179
483.75,47,52,0.25,0,179
484,36,46,0.5,1,180
484.25,48,53,0.25,0,180
484.5,37,46,0.5,1,180
484.5,55,57,0.25,0,180
484.5,57,58,0.5,0,180
484.75,49,53,0.25,0,180
485,38,47,1.5,1,180
485,55,57,0.25,0,180
485,57,58,0.5,0,180
485.25,50,54,0.25,0,180
485.5,54,56,0.25,0,180
485.5,60,60,0.5,0,180
485.75,50,54,0.25,0,180
486,55,57,2.5,0,181
486,59,59,2.5,0,181
486.25,50,54,0.25,0,181
486.5,39,47,0.5,1,181
486.75,51,54,0.25,0,181
487,40,48,0.5,1,181
487.25,52,55,0.25,0,181
487.5,35,45,0.5,1,181
487.75,47,52,0.25,0,181
488,36,46,0.5,1,182
488.25,48,53,0.25,0,182
488.5,37,46,0.5,1,182
488.5,55,57,0.25,0,182
488.5,57,58,0.5,0,182
488.75,49,53,0.25,0,182
489,38,47,1.5,1,182
489,55,57,0.25,0,182
489,57,58,0.5,0,182
489.25,50,54,0.25,0,182
489.5,54,56,0.25,0,182
489.5,60,60,0.5,0,182
489.75,50,54,0.25,0,182
490,55,57,2.5,0,183
490,59,59,2.5,0,183
490.25,50,54,0.25,0,183
490.5,39,47,0.5,1,183
490.75,51,54,0.25,0,183
491,40,48,0.5,1,183
491.25,52,55,0.25,0,183
491.5,41,49,0.5,1,183
491.75,53,56,0.25,0,183
492,40,48,0.5,1,184
492.25,52,55,0.25,0,184
492.5,41,49,0.5,1,184
492.5,55,57,0.25,0,184
492.5,59,59,0.5,0,184
492.75,50,54,0.25,0,184
493,40,48,0.5,1,184
493,55,57,0.25,0,184
493,60,60,0.5,0,184
493.25,52,55,0.25,0,184
493.5,38,47,0.5,1,184
493.5,59,59,0.25,0,184
493.5,62,61,0.5,0,184
493.75,53,56,0.25,0,184
494,36,46,1,1,185
494,55,57,0.25,0,185
494,64,62,1,0,185
494.25,52,55,0.25,0,185
494.5,55,57,0.25,0,185
494.75,52,55,0.25,0,185
495,37,46,1,1,185
495,55,57,0.25,0,185
495,57,58,1,0,185
495.25,52,55,0.25,0,185
495.5,55,57,0.25,0,185
495.75,52,55,0.25,0,185
496,38,47,1,1,186
496,55,57,0.25,0,186
496,59,59,1,0,186
496.25,50,54,0.25,0,186
496.5,55,57,0.25,0,186
496.75,50,54,0.25,0,186
497,38,47,1,1,186
497,54,56,0.25,0,186
497,60,60,1,0,186
497.25,50,54,0.25,0,186
497.5,54,56,0.25,0,186
497.75,50,54,0.25,0,186
497.75,57,58,0.25,0,186
498,55,57,1,0,187
498.5,43,50,1.5,1,187
498.75,47,52,1.25,1,187
499,50,54,1,1,187
499.25,62,61,0.25,0,187
499.5,74,68,0.25,0,187
499.75,70,65,0.25,0,187
500,71,66,1.25,0,188
500.5,43,50,1.5,1,188
500.75,50,54,1.25,1,188
501,53,56,1,1,188
501.25,67,64,0.25,0,188
501.5,79,71,0.25,0,188
501.75,71,66,0.25,0,188
502,72,67,1.25,0,189
502.5,43,50,1.5,1,189
502.75,48,53,1.25,1,189
503,52,55,1,1,189
503.25,72,67,0.25,0,189
503.5,84,74,0.25,0,189
503.75,83,73,0.25,0,189
504,81,72,0.75,0,190
504.5,43,50,1.5,1,190
504.75,50,54,1.25,1,190
504.75,79,71,0.25,0,190
505,54,56,1,1,190
505,78,70,0.25,0,190
505.25,76,69,0.25,0,190
505.5,74,68,0.25,0,190
505.75,72,67,0.25,0,190
506,70,65,0.5,0,191
506.5,43,50,1.5,1,191
506.5,71,66,0.5,0,191
506.75,50,54,1.25,1,191
507,55,57,1,1,191
507.25,62,61,0.25,0,191
507.5,74,68,0.25,0,191
507.75,70,65,0.25,0,191
508,71,66,1.25,0,192
508.5,43,50,1.5,1,192
508.75,50,54,1.25,1,192
509,53,56,1,1,192
509.25,67,64,0.25,0,192
509.5,79,71,0.25,0,192
509.75,71,66,0.25,0,192
510,72,67,1.25,0,193
510.5,43,50,1.5,1,193
510.75,48,53,1.25,1,193
511,52,55,1,1,193
511.25,72,67,0.25,0,193
511.5,88,76,0.25,0,193
511.75,86,75,0.25,0,193
512,84,74,1.25,0,194
512.5,43,50,5.5,1,194
512.75,45,51,5.25,1,194
513,54,56,5,1,194
513.25,83,73,0.25,0,194
513.5,81,72,0.25,0,194
513.75,79,71,0.25,0,194
514,78,70,0.25,0,195
514.25,76,69,0.25,0,195
514.5,74,68,0.25,0,195
514.75,72,67,0.25,0,195
515,71,66,0.25,0,195
515.25,69,65,0.25,0,195
515.5,67,64,0.25,0,195
515.75,66,63,0.25,0,195
516,64,62,0.25,0,196
516.25,62,61,0.25,0,196
516.5,61,60,0.25,0,196
516.75,62,61,0.25,0,196
517,61,60,0.25,0,196
517.25,62,61,0.25,0,196
517.5,64,62,0.25,0,196
517.75,60,60,0.25,0,196
518,43,50,0.5,1,197
518,47,52,0.5,1,197
518,50,54,0.5,1,197
518,55,57,0.5,1,197
518,59,59,0.5,0,197
519,62,61,1,1,197
519,66,63,1,1,197
519.25,75,68,0.25,0,197
519.5,76,69,0.25,0,197
519.75,72,67,0.25,0,197
520,55,57,0.5,1,198
520,67,64,0.5,1,198
520,71,66,0.5,0,198
521,74,68,1,1,198
521,78,70,1,1,198
521.25,87,75,0.25,0,198
521.5,88,76,0.25,0,198
521.75,84,74,0.25,0,198
522,74,68,2,1,199
522,78,70,2,1,199
522,84,74,1.5,0,199
523.5,83,73,0.125,0,199
523.625,84,74,0.125,0,199
523.75,86,75,0.125,0,199
523.875,84,74,0.125,0,199
524,67,64,0.5,1,200
524,79,71,0.5,1,200
524,83,73,0.5,0,200
